time,Jint,Jint_over_Gc,bot_react,top_react
0,0,0,0,0
0.001,-2.7876995469137e-05,-0.00076249987607049,-69.399993240367,69.399993240367
0.002,0.0019068215752332,0.052155951182526,-61.734470656731,61.734470656732
0.003,0.0029255824520105,0.080021401860244,-60.251768460869,60.251768460869
0.004,0.0034822497441096,0.095247531294025,-59.755080640175,59.755080640175
0.005,0.0037704924449781,0.10313163142719,-59.573434022226,59.573434022226
0.006,0.0039206078804992,0.10723763349287,-59.513121478295,59.513121478295
0.007,0.0040042082220482,0.10952429491379,-59.503404670239,59.503404670239
0.008,0.0040569209094338,0.11096610802609,-59.515569679553,59.515569679553
0.009,0.0040956076407601,0.11202427901423,-59.537360161761,59.537360161761
0.01,0.0041280518218991,0.1129117019119,-59.56341108655,59.56341108655
0.011,0.0041578044452591,0.11372550452022,-59.591341624978,59.591341624978
0.012,0.0041864783981049,0.11450980301162,-59.620086285758,59.620086285758
0.013,0.0042148061586945,0.11528463234941,-59.649165224638,59.649165224638
0.014,0.0042431213732679,0.11605911852483,-59.678361046792,59.678361046792
0.015,0.0042715770127226,0.1168374456434,-59.707574526058,59.707574526058
0.016,0.0043002440799635,0.11762155579769,-59.73675984705,59.73675984705
0.017,0.0043291563079188,0.1184123716608,-59.765895417434,59.765895417434
0.018,0.0043583304382279,0.11921035115503,-59.79497066489,59.79497066489
0.019,0.0043877754433902,0.12001573969886,-59.823980044974,59.823980044974
0.02,0.0044174967317579,0.12082868522314,-59.852920313079,59.852920313079
0.021,0.0044474980699811,0.12164929075441,-59.881789278725,59.881789278725
0.022,0.0044777824641081,0.12247763851499,-59.910585235096,59.910585235096
0.023,0.004508352564222,0.12331380099075,-59.939306697138,59.939306697138
0.024,0.0045392108504227,0.12415784601813,-59.967952281085,59.967952281085
0.025,0.0045703597181585,0.12500983911812,-59.996520649006,59.996520649006
0.026,0.0046018015170754,0.12586984455896,-60.025010483334,60.025010483334
0.027,0.004633538568325,0.12673792582946,-60.053420475282,60.053420475282
0.028,0.0046655731718449,0.12761414583821,-60.081749319695,60.081749319695
0.029,0.0046979076089456,0.12849856698429,-60.109995712915,60.109995712915
0.03,0.0047305441426797,0.12939125116739,-60.138158352063,60.138158352063
0.031,0.0047634850171466,0.13029225976878,-60.166235934981,60.166235934981
0.032,0.0047967324562713,0.13120165361792,-60.194227160514,60.194227160514
0.033,0.0048302886623109,0.13211949295161,-60.222130728942,60.222130728942
0.034,0.0048641558142054,0.13304583736886,-60.249945342508,60.249945342508
0.035,0.0048983358178808,0.13398073900112,-60.277669132781,60.277669132781
0.036,0.0049328299548496,0.1349242329007,-60.305298911991,60.305298911991
0.037,0.0049676411909479,0.13587640019004,-60.332835574484,60.332835574484
0.038,0.0050027717551777,0.13683730183746,-60.360278042825,60.360278042825
0.039,0.0050382237187236,0.13780699449463,-60.387625073186,60.387625073186
0.04,0.0050739990883792,0.13878553305195,-60.414875401787,60.414875401787
0.041,0.0051100998274918,0.13977297121148,-60.442027765317,60.442027765317
0.042,0.0051465278594697,0.14076936158287,-60.46908090584,60.46908090584
0.043,0.005183285066759,0.14177475565533,-60.496033572756,60.496033572756
0.044,0.0052203732887336,0.14278920373998,-60.522884524017,60.522884524017
0.045,0.0052577943193629,0.14381275490599,-60.549632527107,60.549632527107
0.046,0.0052955499048425,0.14484545691582,-60.576276359947,60.576276359947
0.047,0.0053336417412119,0.14588735616006,-60.602814811778,60.602814811778
0.048,0.0053720714719532,0.14693849759172,-60.629246684043,60.629246684043
0.049,0.005410840685566,0.1479989246599,-60.655570791285,60.655570791285
0.05,0.0054499509131127,0.14906867924269,-60.681785962053,60.681785962053
0.051,0.0054894036257365,0.15014780157923,-60.707891039826,60.707891039826
0.052,0.0055292002321497,0.15123633020103,-60.733884883958,60.733884883958
0.053,0.0055693420760967,0.1523343018626,-60.759766370632,60.759766370632
0.054,0.0056098304337932,0.15344175147137,-60.785534393837,60.785534393837
0.055,0.0056506665113437,0.15455871201706,-60.811187866358,60.811187866358
0.056,0.0056918514421418,0.1556852145006,-60.836725720783,60.836725720783
0.057,0.0057333862842554,0.15682128786256,-60.862146910517,60.862146910517
0.058,0.0057752720178015,0.15796695891142,-60.887450410823,60.887450410823
0.059,0.0058175095423136,0.15912225225147,-60.912635219861,60.912635219861
0.06,0.0058600996741062,0.16028719021078,-60.937700359749,60.937700359748
0.061,0.0059030431436406,0.16146179276916,-60.962644877628,60.962644877628
0.062,0.0059463405928963,0.16264607748622,-60.987467846742,60.987467846742
0.063,0.0059899925727531,0.16384005942979,-61.012168367517,61.012168367517
0.064,0.0060339995403885,0.16504375110472,-61.036745568659,61.036745568659
0.065,0.0060783618566958,0.16625716238227,-61.061198608244,61.061198608244
0.066,0.0061230797837275,0.16748030043018,-61.085526674823,61.085526674823
0.067,0.0061681534821702,0.16871316964361,-61.109728988519,61.109728988519
0.068,0.0062135830088573,0.16995577157706,-61.133804802135,61.133804802135
0.069,0.0062593683143232,0.17120810487755,-61.157753402252,61.157753402252
0.07,0.0063055092404073,0.17247016521902,-61.181574110329,61.181574110329
0.071,0.006352005517913,0.17374194523832,-61.205266283796,61.205266283796
0.072,0.0063988567643274,0.17502343447285,-61.228829317143,61.228829317143
0.073,0.00644606248161,0.17631461930006,-61.252262642994,61.252262642994
0.074,0.0064936220540542,0.17761548287894,-61.275565733179,61.275565733179
0.075,0.0065415347462309,0.17892600509384,-61.298738099788,61.298738099788
0.076,0.0065897997010196,0.18024616250054,-61.321779296207,61.321779296207
0.077,0.0066384159377335,0.18157592827499,-61.344688918146,61.344688918146
0.078,0.0066873823503462,0.18291527216483,-61.367466604641,61.367466604641
0.079,0.0067366977058263,0.18426416044383,-61.390112039032,61.390112039032
0.08,0.0067863606425876,0.18562255586946,-61.412624949925,61.412624949925
0.081,0.0068363696690621,0.18699041764393,-61.435005112121,61.435005112121
0.082,0.0068867231624038,0.18836770137866,-61.457252347519,61.457252347519
0.083,0.0069374193673374,0.18975435906284,-61.479366525984,61.479366525984
0.084,0.0069884563951729,0.19115033903646,-61.501347566181,61.501347566181
0.085,0.0070398322230347,0.19255558596922,-61.523195436359,61.523195436359
0.086,0.007091544693429,0.19397004084872,-61.544910155071,61.544910155071
0.087,0.0071435915144785,0.19539364098683,-61.566491791771,61.566491791771
0.088,0.0071959702617331,0.19682632006929,-61.587940467148,61.587940467148
0.089,0.0072486783841092,0.19826800831808,-61.60925635279,61.60925635279
0.09,0.007301713221196,0.19971863296488,-61.63043966906,61.63043966906
0.091,0.0073550720526905,0.20117811960313,-61.651490677939,61.651490677939
0.092,0.0074087522400099,0.20264639606154,-61.672409661547,61.672409661547
0.093,0.0074627516353683,0.20412340359322,-61.693196859296,61.693196859296
0.094,0.0075170697744833,0.205609129499,-61.713852284307,61.713852284307
0.095,0.0075717113862773,0.20710370312575,-61.734375184191,61.734375184191
0.096,0.0076266968145447,0.20860768092299,-61.754762444731,61.754762444731
0.097,0.0076820932400699,0.21012290043955,-61.775003823597,61.775003823597
0.098,0.0077381090328276,0.21165506107296,-61.795067595907,61.795067595907
0.099,0.0077953812283691,0.21322158720922,-61.814856960231,61.814856960231
0.1,0.007855857479732,0.21487575163381,-61.834076653614,61.834076653614
0.101,0.0079255098585876,0.21678090422833,-61.85182291033,61.85182291033
0.102,0.0080226092098475,0.21943679458007,-61.865327714251,61.865327714251
0.103,0.0082017684812162,0.22433721228709,-61.866228392449,61.866228392449
0.104,0.008598809018456,0.23519718321816,-61.831786555797,61.831786555797
0.105,0.0094795934651581,0.25928866151964,-61.706005930376,61.706005930376
0.106,0.011034427514501,0.30181694514501,-61.417186458825,61.417186458825
0.107,0.012511941265088,0.3422303409488,-60.983252820281,60.983252820281
0.108,0.013219276343337,0.36157758050702,-60.521121588987,60.521121588987
0.109,0.013427301398272,0.36726754371641,-60.102341685294,60.102341685294
0.11,0.013441925635209,0.36766755019719,-59.738594501274,59.738594501274
0.111,0.013385368227658,0.36612057515477,-59.42162286924,59.42162286924
0.112,0.013301072016996,0.36381488011476,-59.142336719441,59.142336719441
0.113,0.013206188630089,0.36121960147947,-58.893615233813,58.893615233813
0.114,0.013108797472296,0.35855572954857,-58.670519518333,58.670519518333
0.115,0.013013341372251,0.35594478589307,-58.46975422898,58.46975422898
0.116,0.012922508380734,0.35346029487786,-58.289064491255,58.289064491255
0.117,0.012837422046925,0.35113298815441,-58.126068327936,58.126068327936
0.118,0.012759427229233,0.34899965069019,-57.979793316837,57.979793316837
0.119,0.012689678949193,0.34709187497793,-57.849861512592,57.849861512592
0.12,0.012627802871488,0.34539942208666,-57.734493337733,57.734493337733
0.121,0.012573929852424,0.34392587123698,-57.632782465592,57.632782465592
0.122,0.012527951918769,0.34266826911293,-57.543834370148,57.543834370148
0.123,0.012489020829099,0.34160341436266,-57.466021079248,57.466021079248
0.124,0.012457469688633,0.34074041817925,-57.399263388046,57.399263388046
0.125,0.012432708085094,0.34006313143037,-57.342531215216,57.342531215216
0.126,0.012413649143433,0.33954182558624,-57.294204029228,57.294204029229
0.127,0.012400421782027,0.3391800268607,-57.254169993962,57.254169993962
0.128,0.012391867191261,0.33894603914829,-57.220861637573,57.220861637573
0.129,0.012388120085957,0.33884354720889,-57.194252480976,57.194252480976
0.13,0.012387986379352,0.33883989002604,-57.172784874283,57.172784874283
0.131,0.012391171585558,0.33892701273408,-57.155960035005,57.155960035005
0.132,0.012397831836713,0.33910918590571,-57.143879269783,57.143879269783
0.133,0.012406904011922,0.33935733074184,-57.135209305645,57.135209305645
0.134,0.012418134054124,0.33966449819814,-57.129543603493,57.129543603493
0.135,0.012431822348294,0.34003890449383,-57.127185387451,57.127185387451
0.136,0.012446986326397,0.34045367413559,-57.126932260413,57.126932260413
0.137,0.012463484207447,0.34090492908773,-57.128541502075,57.128541502075
0.138,0.012481162605101,0.34138847388132,-57.131793060194,57.131793060194
0.139,0.01249987783065,0.34190037830006,-57.136487617001,57.136487617001
0.14,0.012520027098404,0.34245150706794,-57.143076384354,57.143076384354
0.141,0.012540745270179,0.34301819666792,-57.150529878729,57.150529878729
0.142,0.01256203057101,0.34360039855059,-57.15879763893,57.15879763893
0.143,0.01258382983334,0.34419665846115,-57.167801099911,57.167801099911
0.144,0.01260608951024,0.34480551176806,-57.177465633614,57.177465633614
0.145,0.012628762559811,0.34542567176726,-57.187726022238,57.187726022238
0.146,0.012652319309691,0.34607000300029,-57.199130951622,57.199130951622
0.147,0.012675999288387,0.3467177048246,-57.210792761383,57.210792761383
0.148,0.01269984759787,0.34737001088267,-57.222732927508,57.222732927508
0.149,0.012723861892301,0.34802685701042,-57.234941997021,57.234941997021
0.15,0.012748045126741,0.34868832403558,-57.24741979755,57.24741979755
0.151,0.012772392902254,0.34935429163715,-57.260158573112,57.260158573112
0.152,0.01279689760547,0.35002455157195,-57.273146815648,57.273146815648
0.153,0.012822084390132,0.35071346800143,-57.286995897027,57.286995897027
0.154,0.012847197327647,0.35140036454178,-57.300838529694,57.300838529694
0.155,0.012872329550192,0.352087788572,-57.314756630061,57.314756630061
0.156,0.012897512741741,0.35277660672159,-57.328785085593,57.328785085593
0.157,0.012922766438664,0.35346735335515,-57.342946285825,57.342946285825
0.158,0.012948101875384,0.35416033575995,-57.357252843724,57.357252843724
0.159,0.012973529299557,0.35485583423295,-57.371715872365,57.371715872365
0.16,0.012999575348381,0.35556825351151,-57.386944543466,57.386944543466
0.161,0.013025516439041,0.35627780194313,-57.40211524337,57.40211524337
0.162,0.013051430633359,0.35698661469801,-57.41729720615,57.41729720615
0.163,0.013077353394203,0.35769566176705,-57.43252957742,57.43252957742
0.164,0.013103314884788,0.35840576818347,-57.447847244613,57.447847244613
0.165,0.013129333518313,0.35911743759062,-57.463271674076,57.463271674076
0.166,0.013155421032435,0.35983099104035,-57.478816214516,57.478816214516
0.167,0.013181588961704,0.36054674402911,-57.494493604732,57.494493604732
0.168,0.013208357011879,0.36127891170348,-57.510897588867,57.510897588867
0.169,0.013235013268558,0.36200802156888,-57.527226874404,57.527226874404
0.17,0.013261641789515,0.36273637279855,-57.543559221393,57.543559221393
0.171,0.013288284632883,0.36346511577907,-57.559941418821,57.559941418821
0.172,0.013314970125923,0.36419502532613,-57.576406074496,57.576406074496
0.173,0.013341716495347,0.36492659998215,-57.592974113854,57.592974113854
0.174,0.013368539538701,0.36566027184631,-57.609663290825,57.609663290825
0.175,0.013395976968708,0.36641074859704,-57.627083035412,57.627083035412
0.176,0.013423299210851,0.36715807469505,-57.644417449189,57.644417449189
0.177,0.013450583278248,0.36790435662603,-57.661737608161,57.661737608161
0.178,0.013477876767406,0.36865089626383,-57.679096195201,57.679096195201
0.179,0.01350521066184,0.36939854107876,-57.696528662411,57.696528662411
0.18,0.013532605179623,0.37014784408158,-57.714058061236,57.714058061236
0.181,0.013560073509481,0.37089916601426,-57.73169916478,57.73169916478
0.182,0.013587628327977,0.37165285360988,-57.749465839833,57.749465839833
0.183,0.013615258305037,0.3724085969649,-57.767345388234,57.767345388234
0.184,0.013643518013093,0.37318156490954,-57.785956161127,57.785956161127
0.185,0.013671673936213,0.37395169409774,-57.804488763042,57.804488763042
0.186,0.013699810762943,0.37472130095578,-57.823023345283,57.823023345283
0.187,0.013727972322637,0.37549158431719,-57.8416079349,57.8416079349
0.188,0.013756187849894,0.37626334381547,-57.860275347565,57.860275347565
0.189,0.01378448004807,0.37703720043956,-57.879050885705,57.879050885705
0.19,0.01381284224222,0.37781297161434,-57.897927462044,57.897927462044
0.191,0.013841297107044,0.37859127754497,-57.916928852155,57.916928852155
0.192,0.013870389947539,0.37938703357601,-57.936658981438,57.936658981438
0.193,0.013899375467869,0.38017985415395,-57.956300979175,57.956300979175
0.194,0.013928341294683,0.38097213606901,-57.975939235314,57.975939235314
0.195,0.013957333037847,0.38176512685577,-57.995623490253,57.995623490253
0.196,0.013986381290132,0.38255966329682,-58.015387737136,58.015387737136
0.197,0.01401550564992,0.38335628145296,-58.035253648822,58.035253648822
0.198,0.014044722439897,0.38415542778712,-58.055238960238,58.055238960238
0.199,0.014074022854344,0.38495686144268,-58.075334133279,58.075334133279
0.2,0.014103429919733,0.38576121224653,-58.095563059528,58.095563059528
0.201,0.014133476733567,0.38658306164023,-58.11650885266,58.11650885266
0.202,0.014163429936083,0.3874023505493,-58.137376498756,58.137376498756
0.203,0.01419337561894,0.38822143377845,-58.158249168383,58.158249168383
0.204,0.014223363120744,0.38904166085186,-58.179180049157,58.179180049157
0.205,0.014253403072988,0.38986332256532,-58.200181350242,58.200181350242
0.206,0.014283533005298,0.39068744544033,-58.221293026136,58.221293026136
0.207,0.014313755294904,0.39151409449957,-58.242517842773,58.242517842773
0.208,0.014344073459619,0.39234336596332,-58.263857838554,58.263857838554
0.209,0.014375041283249,0.39319040709106,-58.285913995217,58.285913995217
0.21,0.014405910912194,0.39403476236855,-58.307881758072,58.307881758072
0.211,0.014436771622751,0.39487887370762,-58.329848558301,58.329848558301
0.212,0.014467668168446,0.39572396522007,-58.351861898628,58.351861898628
0.213,0.014498626767609,0.39657075403743,-58.373949163934,58.373949163934
0.214,0.014529675674566,0.39742001298047,-58.396142175127,58.396142175127
0.215,0.014560811208846,0.3982716413798,-58.418437383373,58.418437383373
0.216,0.014592059155425,0.39912634451382,-58.440861411549,58.440861411549
0.217,0.014623423940485,0.3999842434487,-58.463418951348,58.463418951348
0.218,0.014655443402645,0.4008600493065,-58.48668673397,58.48668673397
0.219,0.014687376996985,0.40173350648208,-58.50987522525,58.50987522525
0.22,0.014719312402121,0.40260701318711,-58.533070223394,58.533070223394
0.221,0.014751290765084,0.40348169488743,-58.556312395431,58.556312395431
0.222,0.014783329735555,0.4043580343423,-58.579623525691,58.57962352569
0.223,0.014815453558547,0.40523669470862,-58.603026194212,58.603026194212
0.224,0.01484767902755,0.40611813532686,-58.626540958436,58.626540958436
0.225,0.014880017032005,0.40700265404828,-58.650179334516,58.650179334516
0.226,0.014913028966058,0.40790560629261,-58.674539258103,58.674539258103
0.227,0.014945951264354,0.40880610679306,-58.698811397803,58.698811397803
0.228,0.014978873887773,0.40970661618634,-58.72308447214,58.72308447214
0.229,0.015011844296798,0.41060843262577,-58.747408553987,58.747408553987
0.23,0.015044897759202,0.41151252076593,-58.771821007813,58.771821007813
0.231,0.015078036452128,0.41241894015667,-58.796324516778,58.796324516778
0.232,0.015111290608547,0.41332851773925,-58.820950073964,58.820950073964
0.233,0.015144667126425,0.41424144218888,-58.84570493431,58.84570493431
0.234,0.015178170385028,0.41515783328853,-58.870593338168,58.870593338168
0.235,0.015211803730731,0.41607778256923,-58.895618332,58.895618332
0.236,0.015245569812582,0.41700136248856,-58.920782185215,58.920782185215
0.237,0.015280005758691,0.41794326473444,-58.946648880481,58.946648880481
0.238,0.015314353309628,0.41888274916925,-58.972425349072,58.972425349072
0.239,0.015348720605581,0.41982277367562,-58.998218441351,58.998218441351
0.24,0.015383146448159,0.42076439956672,-59.024068727747,59.024068727747
0.241,0.01541765994556,0.4217084230186,-59.050006583912,59.050006583912
0.242,0.015452281445439,0.42265540058639,-59.076053129222,59.076053129222
0.243,0.01548702308708,0.42360566430743,-59.102220788655,59.102220788655
0.244,0.01552189268917,0.42455942804076,-59.128517361807,59.128517361807
0.245,0.015557450626418,0.42553201932216,-59.155527902173,59.155527902173
0.246,0.015592929759745,0.42650245513525,-59.182453726774,59.182453726774
0.247,0.015628425736023,0.42747335164177,-59.209389585557,59.209389585557
0.248,0.015663968748348,0.42844553469222,-59.236367107944,59.236367107944
0.249,0.015699608181805,0.42942035508218,-59.263436879199,59.263436879199
0.25,0.01573536232785,0.43039831312501,-59.290617984121,59.290617984121
0.251,0.015771242210134,0.43137971034284,-59.317921620029,59.317921620029
0.252,0.015807255097844,0.43236474556465,-59.345354960541,59.345354960541
0.253,0.015843406021975,0.43335355639975,-59.372922794714,59.372922794714
0.254,0.015879698614866,0.43434624220093,-59.400628421939,59.400628421939
0.255,0.015916139979353,0.43534299724706,-59.428478618684,59.428478618684
0.256,0.015953247682882,0.43635797819698,-59.457007256385,59.457007256385
0.257,0.015990293388502,0.43737126336164,-59.485464504773,59.485464504773
0.258,0.016027358103944,0.43838506848861,-59.513929883829,59.513929883829
0.259,0.016064493366031,0.43940080322843,-59.542456054875,59.542456054875
0.26,0.016101730326564,0.44041931965438,-59.571074927414,59.571074927414
0.261,0.016139088009316,0.44144113811041,-59.599805814634,59.599805814634
0.262,0.016176578156977,0.44246657978602,-59.628660456771,59.628660456771
0.263,0.016214208294959,0.44349585051857,-59.657646198416,59.657646198416
0.264,0.016251983487818,0.44452908883529,-59.686767812629,59.686767812629
0.265,0.016289911432488,0.44556650526498,-59.716032647822,59.716032647822
0.266,0.016328524773098,0.4466226688484,-59.74598553736,59.74598553736
0.267,0.016367077572537,0.44767717649172,-59.775864405477,59.775864405477
0.268,0.016405661594453,0.4487325381415,-59.805759867623,59.805759867623
0.269,0.016444324056471,0.44979004530829,-59.835719820174,59.835719820174
0.27,0.016483095157741,0.45085052400823,-59.865774839529,59.865774839529
0.271,0.016521993425147,0.45191448099418,-59.895943519122,59.895943519122
0.272,0.016561030294173,0.45298222905288,-59.926237161092,59.926237161092
0.273,0.01660021765998,0.45405409354431,-59.956667388492,59.956667388492
0.274,0.016639540218506,0.45512965586722,-59.987218717519,59.987218717519
0.275,0.016679010782053,0.45620926646753,-60.017900538087,60.017900538087
0.276,0.016718615824261,0.45729255536818,-60.04869829688,60.04869829688
0.277,0.016758890218975,0.45839415259779,-60.080151156486,60.080151156486
0.278,0.016799092575117,0.45949377940691,-60.111513358714,60.111513358714
0.279,0.01683932526318,0.46059423586379,-60.142887143361,60.142887143361
0.28,0.016879639639659,0.46169692668652,-60.174324183018,60.174324183018
0.281,0.016920067275536,0.462802715414,-60.205856109479,60.205856109479
0.282,0.016960627114047,0.46391212018729,-60.237501738436,60.237501738436
0.283,0.01700133070408,0.46502545689498,-60.269272375372,60.269272375372
0.284,0.0170421896267,0.46614304230579,-60.301179217459,60.301179217459
0.285,0.017083190022586,0.46726449733552,-60.333208394754,60.333208394754
0.286,0.017124353940757,0.46839042507542,-60.365381049429,60.365381049429
0.287,0.017166235110859,0.46953597130357,-60.398252541735,60.398252541735
0.288,0.017208060137921,0.47067998189062,-60.431047703172,60.431047703172
0.289,0.017249923699671,0.47182504648989,-60.463859204818,60.463859204818
0.29,0.017291874762195,0.47297250443642,-60.496735740999,60.496735740999
0.291,0.017333944286876,0.47412320259508,-60.529708020177,60.529708020177
0.292,0.017376155917651,0.47527778768192,-60.562799275998,60.562799275998
0.293,0.017418500115319,0.47643599877787,-60.596000123534,60.596000123533
0.294,0.017461003326799,0.47759855926692,-60.629336004694,60.629336004694
0.295,0.017503660841577,0.47876534030571,-60.662802028996,60.662802028996
0.296,0.017546479886609,0.47993653956809,-60.696404976581,60.696404976581
0.297,0.017589463840404,0.481112249464,-60.73014784111,60.73014784111
0.298,0.017632615256326,0.48229253983386,-60.764032752751,60.764032752751
0.299,0.017675936131509,0.48347746530385,-60.798061270517,60.798061270517
0.3,0.017719957453416,0.48468154960109,-60.832758496432,60.832758496432
0.301,0.017763931884235,0.48588435131935,-60.867385354511,60.867385354511
0.302,0.017807955827129,0.4870885073066,-60.902035297486,60.902035297486
0.303,0.017852083290607,0.48829549481966,-60.9367612163,60.9367612163
0.304,0.017896324576731,0.48950559564363,-60.971573410162,60.971573410162
0.305,0.017940717118116,0.4907198336465,-61.006507975423,61.006507975423
0.306,0.017985270385127,0.49193846786452,-61.041574072368,61.041574072368
0.307,0.018029989758828,0.49316164548216,-61.076776685848,61.076776685848
0.308,0.018074878933762,0.49438946755367,-61.112119085087,61.112119085087
0.309,0.018119940603722,0.49562200776044,-61.147603528842,61.147603528842
0.31,0.018165176802807,0.49685932173981,-61.183231611149,61.183231611149
0.311,0.018211140279011,0.49811652841934,-61.219545441785,61.219545441785
0.312,0.018257039806226,0.49937198594709,-61.25576893653,61.25576893653
0.313,0.018302995196482,0.50062897145739,-61.292017723167,61.292017723167
0.314,0.018349045901571,0.50188856404736,-61.328330282776,61.328330282776
0.315,0.018395224530674,0.503151655653,-61.36473822741,61.36473822741
0.316,0.018441551143167,0.50441879494441,-61.401260903476,61.401260903476
0.317,0.01848803765799,0.50569030793189,-61.437909666966,61.437909666966
0.318,0.018534691652128,0.50696640186346,-61.474691597158,61.474691597158
0.319,0.018581518179048,0.50824721496301,-61.511611282729,61.511611282729
0.32,0.018628520800991,0.50953284466605,-61.548671836463,61.548671836463
0.321,0.018675702069009,0.51082336074971,-61.585875364081,61.585875364081
0.322,0.018723063894892,0.51211881550581,-61.623223349763,61.623223349763
0.323,0.018770612762882,0.51341938629328,-61.660721580742,61.660721580742
0.324,0.018818328520418,0.51472452189328,-61.698350517151,61.698350517151
0.325,0.018866755390673,0.51604910805998,-61.736636171901,61.736636171901
0.326,0.01891514944737,0.51737279670049,-61.774858596499,61.774858596499
0.327,0.018963608106663,0.51869825237043,-61.813110918844,61.813110918844
0.328,0.019012180574849,0.52002682097509,-61.851440327238,61.851440327238
0.329,0.019060896322478,0.5213593086017,-61.889874952965,61.889874952965
0.33,0.019109772543176,0.52269618553544,-61.928431090539,61.928431090539
0.331,0.019158819382135,0.52403772927065,-61.967118214581,61.967118214581
0.332,0.019208048798609,0.52538426692039,-62.005947425688,62.005947425688
0.333,0.019257435474619,0.52673510597973,-62.044894424593,62.044894424593
0.334,0.019307001651171,0.52809085479134,-62.083979791259,62.083979791259
0.335,0.019356747197029,0.52945150976557,-62.123202477589,62.123202477589
0.336,0.019406655116445,0.53081660602969,-62.162543789143,62.162543789143
0.337,0.019457284616466,0.53220143918123,-62.202542603079,62.202542603079
0.338,0.019507872557615,0.53358513560217,-62.242466596527,62.242466596527
0.339,0.019558521034789,0.53497048782247,-62.282412913012,62.282412913012
0.34,0.019609281466404,0.53635890225393,-62.322430508517,62.322430508517
0.341,0.019660185108963,0.53775123383379,-62.362549033289,62.362549033289
0.342,0.019711250507297,0.53914798980571,-62.402785946338,62.402785946338
0.343,0.019762488644863,0.54054947059254,-62.443151487431,62.443151487431
0.344,0.019813906536065,0.54195586805429,-62.483652053206,62.483652053206
0.345,0.019865514226345,0.54336745695691,-62.52429679919,62.524296799191
0.346,0.019917291967799,0.54478369714987,-62.565067008862,62.565067008862
0.347,0.019969263980423,0.54620525110565,-62.605984972726,62.605984972726
0.348,0.020021430860712,0.54763213513984,-62.647051013657,62.647051013657
0.349,0.0200737923309,0.54906434165482,-62.688264623993,62.688264623993
0.35,0.020126348730844,0.5505018799465,-62.729625691899,62.729625691899
0.351,0.020179100488878,0.55194476173079,-62.771134265007,62.771134265007
0.352,0.02023204256736,0.55339284921663,-62.812784624092,62.812784624092
0.353,0.020285662784472,0.55485948535208,-62.855036309562,62.855036309562
0.354,0.020339247502953,0.5563251505184,-62.897216378642,62.897216378642
0.355,0.020392909381425,0.55779292618778,-62.939430543864,62.939430543864
0.356,0.020446674653183,0.55926352990106,-62.981703626248,62.981703626248
0.357,0.020500598424899,0.56073846895238,-63.024086952933,63.024086952933
0.358,0.02055469710101,0.56221819204076,-63.066595832247,63.066595832247
0.359,0.02060897937669,0.56370293699917,-63.109238226311,63.109238226311
0.36,0.020663450726336,0.565192853565,-63.152019010386,63.152019010386
0.361,0.020718114588213,0.56668803578264,-63.194941157451,63.194941157451
0.362,0.020772973556014,0.56818855459558,-63.238006791253,63.238006791253
0.363,0.020828029546705,0.56969446243721,-63.281217391856,63.281217391856
0.364,0.020883283784143,0.5712057927829,-63.324573814173,63.324573814173
0.365,0.020939275859295,0.57273730468532,-63.368581929034,63.368581929034
0.366,0.020995239176592,0.57426802999432,-63.412522320987,63.412522320987
0.367,0.021051276927503,0.57580079123367,-63.456491242953,63.456491242953
0.368,0.021107440439111,0.57733699231703,-63.500536429864,63.500536429864
0.369,0.021163766101546,0.57887762859808,-63.544691583431,63.544691583431
0.37,0.021220247665368,0.58042252914025,-63.588950997573,63.588950997573
0.371,0.021276918527511,0.58197260742646,-63.633345259526,63.633345259526
0.372,0.021333779882591,0.58352789613214,-63.677875332137,63.677875332137
0.373,0.021390827319266,0.58508827459698,-63.722536878624,63.722536878624
0.374,0.021448069071914,0.58665396805017,-63.767337253198,63.767337253198
0.375,0.02150550854286,0.58822506955307,-63.812279372774,63.812279372774
0.376,0.021563148255085,0.58980164811502,-63.857365298579,63.857365298579
0.377,0.021620989823828,0.59138374791653,-63.902596278881,63.902596278881
0.378,0.021679034818861,0.59297141189445,-63.947973454437,63.947973454437
0.379,0.021737291175613,0.59456485710101,-63.993503797108,63.993503797108
0.38,0.02179573128544,0.59616332837637,-64.039161774162,64.039161774162
0.381,0.021854382354298,0.59776756986592,-64.084971946441,64.084971946441
0.382,0.021913243956821,0.59937756993492,-64.13093369999,64.13093369999
0.383,0.021972314940172,0.60099329705066,-64.177045696242,64.177045696242
0.384,0.022032094031673,0.60262839255124,-64.223767507006,64.223767507006
0.385,0.022091859920291,0.60426312692261,-64.270433922373,64.270433922373
0.386,0.022151715786646,0.60590032239184,-64.317139454286,64.317139454286
0.387,0.022211711744388,0.60754134968238,-64.363929934401,64.363929934401
0.388,0.022271876644917,0.60918699794632,-64.41083165924,64.41083165924
0.389,0.02233222657913,0.61083770730662,-64.457859216388,64.457859216388
0.39,0.022392770797924,0.6124937307966,-64.50502089553,64.50502089553
0.391,0.022453514878499,0.61415522096552,-64.552321598305,64.552321598305
0.392,0.022514453363983,0.61582202855534,-64.599756099128,64.599756099128
0.393,0.022575587244293,0.61749418064259,-64.647325023172,64.647325023172
0.394,0.022636923472354,0.61917186740574,-64.695034496029,64.695034496029
0.395,0.022698463639733,0.62085513237783,-64.742884716613,64.742884716613
0.396,0.022760159625859,0.62254265935062,-64.790829075017,64.790829075017
0.397,0.022822590534949,0.62425028815505,-64.839400096271,64.839400096271
0.398,0.022885000347293,0.62595733991501,-64.887906297818,64.887906297818
0.399,0.022947495151261,0.62766671639116,-64.93644439544,64.93644439544
0.4,0.023010126809295,0.62937983614045,-64.985061510791,64.985061510791
0.401,0.023072925785468,0.63109753242528,-65.033785250589,65.033785250589
0.402,0.023135909751223,0.63282028860018,-65.082631565398,65.082631565398
0.403,0.023199088953028,0.63454838492966,-65.131609634174,65.131609634174
0.404,0.023262469596025,0.63628199113853,-65.180724937479,65.180724937479
0.405,0.023326064066536,0.63802144602121,-65.229988396502,65.229988396502
0.406,0.02338980689716,0.63976495889387,-65.279337005961,65.279337005961
0.407,0.023453753645928,0.64151404939628,-65.328823979837,65.328823979837
0.408,0.023517911235681,0.64326890688406,-65.3784558191,65.3784558191
0.409,0.023582280934135,0.64502956603213,-65.428233542955,65.428233542955
0.41,0.023646863389254,0.64679604456383,-65.478157525507,65.478157525507
0.411,0.023711659218398,0.64856835936538,-65.528228091658,65.528228091658
0.412,0.023776644197423,0.65034584785074,-65.578420490578,65.578420490578
0.413,0.023841787053612,0.65212765463928,-65.628704781538,65.628704781538
0.414,0.023907117998439,0.65391460608422,-65.679111573874,65.679111573874
0.415,0.023972617869697,0.65570617805516,-65.729620354439,65.729620354439
0.416,0.024038283766998,0.65750229121985,-65.780228316603,65.780228316602
0.417,0.024104129528298,0.65930332407816,-65.830949451364,65.830949451364
0.418,0.024170154032196,0.66110924595721,-65.881782304658,65.881782304658
0.419,0.024236379620218,0.66292066794907,-65.93274895609,65.93274895609
0.42,0.024302813347814,0.66473778303648,-65.983855785779,65.983855785779
0.421,0.024369932052297,0.66657363381557,-66.035530242728,66.035530242728
0.422,0.024437046835504,0.66840937733872,-66.087154891108,66.087154891108
0.423,0.024504261051056,0.67024784056498,-66.138821591529,66.138821591529
0.424,0.024571631830847,0.67209058618291,-66.190581095053,66.190581095053
0.425,0.024639158765468,0.67393760299421,-66.242433191232,66.242433191233
0.426,0.02470688269225,0.67579000799371,-66.2944140919,66.2944140919
0.427,0.02477481153323,0.67764801786734,-66.346530814036,66.346530814036
0.428,0.024842949003205,0.67951173422332,-66.398786557554,66.398786557554
0.429,0.024911297546077,0.68138122390802,-66.451183339102,66.451183339102
0.43,0.024979858551468,0.68325652493074,-66.503722271935,66.503722271935
0.431,0.025048633584991,0.68513768011463,-66.556404532331,66.556404532331
0.432,0.025117622907924,0.68702469660623,-66.609230233879,66.609230233879
0.433,0.025186827410276,0.68891759874933,-66.662199966102,66.662199966101
0.434,0.025256220369981,0.69081565563405,-66.715287792743,66.715287792743
0.435,0.025326316217374,0.69273293811199,-66.768951247396,66.768951247396
0.436,0.025396359252233,0.69464877604577,-66.822520075394,66.822520075394
0.437,0.025466475151262,0.69656660698201,-66.876105209284,66.876105209284
0.438,0.025536729034223,0.69848821209583,-66.929764494951,66.929764494951
0.439,0.025607152622049,0.7004144590276,-66.983526118654,66.983526118654
0.44,0.025677763952192,0.70234584114311,-67.037406053945,67.037406053945
0.441,0.025748573765391,0.70428265222622,-67.091413772378,67.091413772378
0.442,0.025819588909707,0.70622507958717,-67.14555524309,67.14555524309
0.443,0.025890812950541,0.70817322074784,-67.199833580288,67.199833580288
0.444,0.025962248881875,0.71012715760051,-67.254251303772,67.254251303772
0.445,0.02603389872554,0.71208694544693,-67.308810057932,67.308810057932
0.446,0.026105763807105,0.71405262054443,-67.363510881549,67.363510881549
0.447,0.026177845285192,0.71602421458404,-67.418354626723,67.418354626723
0.448,0.026250143446517,0.71800173540801,-67.473341451418,67.473341451418
0.449,0.026322658989215,0.719985202112,-67.528471800051,67.528471800051
0.45,0.026395392371308,0.72197462722395,-67.583745925252,67.583745925252
0.451,0.026468343676912,0.72397001304464,-67.639163773094,67.639163773094
0.452,0.026541513249846,0.72597136897828,-67.694725500037,67.694725500037
0.453,0.026614901318361,0.72797870126808,-67.750431143243,67.750431143243
0.454,0.026688447052279,0.72999034606889,-67.806222035289,67.806222035289
0.455,0.026762169169492,0.7320068153581,-67.862117222401,67.862117222401
0.456,0.026836092921963,0.73402879983488,-67.918140755392,67.918140755392
0.457,0.026910234993328,0.73605675583502,-67.974307354972,67.974307354972
0.458,0.026984568090789,0.73808993683778,-68.030593397498,68.030593397498
0.459,0.027059120712681,0.74012912233811,-68.087023515332,68.087023515332
0.46,0.027133893272062,0.74217432363408,-68.143598020531,68.143598020531
0.461,0.027208885074408,0.74422552172887,-68.200316182603,68.200316182603
0.462,0.027284080751574,0.74628229626844,-68.257163576377,68.257163576377
0.463,0.027359372787869,0.74834170645157,-68.314039146924,68.314039146924
0.464,0.027434827318197,0.75040556121982,-68.371007238434,68.371007238434
0.465,0.02751091783195,0.752486811596,-68.428481258498,68.428481258498
0.466,0.027587011286032,0.75456814239695,-68.485910916938,68.485910916938
0.467,0.027663210309401,0.75665236076042,-68.543384658527,68.543384658527
0.468,0.027739576124483,0.75874114126047,-68.600955330588,68.600955330588
0.469,0.027816094533415,0.76083409555292,-68.658610925999,68.658610925999
0.47,0.027892814191606,0.76293255447501,-68.716393561269,68.716393561269
0.471,0.027969743083758,0.76503673642663,-68.774310245059,68.774310245059
0.472,0.028046885048669,0.76714674640781,-68.832364206459,68.832364206459
0.473,0.028124241160037,0.76926261378656,-68.890556400804,68.890556400804
0.474,0.02820181257063,0.77138437009382,-68.948887753277,68.948887753277
0.475,0.028279599930326,0.77351203310518,-69.007358747067,69.007358747067
0.476,0.028357604024675,0.7756456243073,-69.065969960748,69.065969960748
0.477,0.028435825934317,0.77778517325812,-69.124722171151,69.124722171151
0.478,0.028514264605233,0.77993065112782,-69.18361452247,69.18361452247
0.479,0.028593412282774,0.78209552195772,-69.243073050003,69.243073050003
0.48,0.028672559265581,0.78426037378503,-69.302483965667,69.302483965667
0.481,0.028751806268895,0.78642796140304,-69.361933435409,69.361933435409
0.482,0.028831202657829,0.78859963506096,-69.421463977053,69.421463977053
0.483,0.028910776629692,0.79077616602001,-69.481100011688,69.481100011688
0.484,0.028990544350199,0.79295799644965,-69.540855531683,69.540855531683
0.485,0.029070515332202,0.7951453865482,-69.60073874853,69.60073874853
0.486,0.029150695043352,0.79733848586849,-69.660754382804,69.660754382804
0.487,0.029231087151876,0.79953739474498,-69.720905554582,69.720905554582
0.488,0.029311693120364,0.80174215318282,-69.781193554455,69.781193554455
0.489,0.029392515234645,0.80395282370473,-69.841620222664,69.841620222664
0.49,0.029473553379045,0.80616940314675,-69.902185510187,69.902185510187
0.491,0.029554808581946,0.80839191963747,-69.962890208119,69.962890208119
0.492,0.029636281220096,0.81062038348183,-70.023734586466,70.023734586466
0.493,0.02971797220683,0.81285481966164,-70.084719322538,70.084719322538
0.494,0.029799880373145,0.815095196202,-70.145843444285,70.145843444285
0.495,0.029881963679132,0.81734036321476,-70.207069889467,70.207069889467
0.496,0.029964262518442,0.81959142555914,-70.268433929582,70.268433929582
0.497,0.03004674888629,0.82184761723989,-70.329911964818,70.329911964818
0.498,0.030129452372044,0.82410974759421,-70.391529111959,70.391529111959
0.499,0.030212374692058,0.82637786356834,-70.453286836054,70.453286836054
0.5,0.030295516003742,0.82865196946779,-70.515185241818,70.515185241818
0.501,0.030378875072614,0.83093203152664,-70.57722330054,70.57722330054
0.502,0.030462452333821,0.83321806164717,-70.639401318435,70.639401318435
0.503,0.030546247619556,0.83551005523949,-70.701719113711,70.701719113711
0.504,0.030630261900023,0.83780803884088,-70.764177386025,70.764177386025
0.505,0.030714493508358,0.8401119668588,-70.826774843813,70.826774843813
0.506,0.03079894316637,0.84242185903637,-70.88951199544,70.88951199544
0.507,0.030883610316285,0.8447377001172,-70.952388384111,70.952388384111
0.508,0.030968510007097,0.84705990172584,-71.015416521413,71.015416521413
0.509,0.031053595330758,0.84938718081943,-71.078556921529,71.078556921529
0.51,0.03113890262087,0.85172053120541,-71.141840218219,71.141840218219
0.511,0.031224433653753,0.85406000147028,-71.205267833264,71.205267833264
0.512,0.031310185134672,0.8564055014954,-71.26883714586,71.26883714586
0.513,0.031396156239072,0.85875700872735,-71.332547394411,71.332547394411
0.514,0.031482346410919,0.86111450795729,-71.396398048662,71.396398048662
0.515,0.031568673473002,0.86347575144974,-71.460315003203,71.460315003203
0.516,0.031655126532208,0.86584044125295,-71.524289326466,71.524289326466
0.517,0.031741760623982,0.86821008271285,-71.588371161731,71.588371161731
0.518,0.031828591657979,0.87058511099504,-71.652574573362,71.652574573362
0.519,0.031915627920035,0.8729657527362,-71.716906687007,71.716906687007
0.52,0.032002872311969,0.8753520873077,-71.781370074466,71.781370074466
0.521,0.032090709805796,0.87775464457866,-71.846289676206,71.846289676206
0.522,0.032178573547361,0.88015791978558,-71.911187999502,71.911187999502
0.523,0.032266557760732,0.88256449017321,-71.976143498456,71.976143498456
0.524,0.032354706668647,0.88497556533498,-72.041193313555,72.041193313555
0.525,0.032443032960415,0.88739149235272,-72.106347828794,72.106347828794
0.526,0.032531489617732,0.88981098516772,-72.171563986218,72.171563986218
0.527,0.032620124325658,0.89223534807599,-72.236885314558,72.236885314558
0.528,0.0327089531402,0.89466502024617,-72.302326099536,72.302326099536
0.529,0.032797985114328,0.89710024929783,-72.367894105005,72.367894105005
0.53,0.032887224021357,0.89954113843976,-72.433592619672,72.433592619672
0.531,0.032976621140716,0.90198635505242,-72.499379236917,72.499379236917
0.532,0.033066183302257,0.90443608594796,-72.565259606849,72.565259606849
0.533,0.033155845564614,0.90688855483079,-72.631175428104,72.631175428104
0.534,0.033245620772103,0.90934411302252,-72.697139052108,72.697139052108
0.535,0.033336009469507,0.91181645157296,-72.763574500769,72.763574500769
0.536,0.033426382728481,0.91428836784686,-72.829954716351,72.829954716351
0.537,0.03351684488364,0.91676271563568,-72.896366406784,72.896366406784
0.538,0.033607329246563,0.91923767085785,-72.96274716768,72.96274716768
0.539,0.033697930095011,0.92171581222678,-73.02918116034,73.02918116034
0.54,0.033788688202585,0.92419825499412,-73.095704101247,73.095704101247
0.541,0.03387962669849,0.92668563179678,-73.162335766718,73.162335766718
0.542,0.033970754634259,0.92917819021496,-73.22908409408,73.22908409408
0.543,0.034062078343355,0.93167610348346,-73.295954495361,73.295954495361
0.544,0.034153601206968,0.93417946408555,-73.362949908768,73.362949908768
0.545,0.034245336144249,0.93668862538974,-73.430081076172,73.430081076172
0.546,0.034337251742783,0.93920272819427,-73.497322027702,73.497322027702
0.547,0.034429371931307,0.94172242700511,-73.564692775046,73.564692775046
0.548,0.034521680680696,0.94424728338884,-73.632177983414,73.632177983414
0.549,0.034614115742593,0.94677559470987,-73.69972660189,73.69972660189
0.55,0.03470674735416,0.94930928211597,-73.767398306349,73.767398306349
0.551,0.034799586768211,0.95184865339744,-73.835202679173,73.835202679173
0.552,0.034892630084753,0.95439360188054,-73.903136808777,73.903136808777
0.553,0.034985878581347,0.95694416250949,-73.971201720616,73.971201720616
0.554,0.03507930478669,0.95949958388102,-74.039373242148,74.039373242148
0.555,0.035172819987184,0.96205743947439,-74.1075732605,74.1075732605
0.556,0.035266485749954,0.96461941329196,-74.175857572831,74.175857572831
0.557,0.035360326200816,0.9671861652302,-74.244247120832,74.244247120832
0.558,0.035454352153951,0.96975799108181,-74.312751274729,74.312751274729
0.559,0.035548569266719,0.97233504558858,-74.38137490983,74.38137490983
0.56,0.035642979135001,0.97491737240155,-74.450119533339,74.450119533339
0.561,0.035737584637144,0.97750505025011,-74.518987558939,74.518987558939
0.562,0.035832384393779,0.98009804140533,-74.587978046691,74.587978046691
0.563,0.035927380710079,0.98269640891901,-74.657092933294,74.657092933294
0.564,0.036022571600951,0.98530009849427,-74.726330715287,74.726330715287
0.565,0.036117959424609,0.98790917463372,-74.795693348078,74.795693348078
0.566,0.036213512375418,0.99052276738013,-74.865153153184,74.865153153184
0.567,0.036309155865339,0.9931388365793,-74.934645204332,74.934645204332
0.568,0.036404950358482,0.99575903606351,-75.004223371455,75.004223371455
0.569,0.036500917671017,0.99838396255517,-75.073906532178,75.073906532178
0.57,0.036596998883409,1.0010120044696,-75.1436440775,75.1436440775
0.571,0.036693240298137,1.003644428286,-75.213476356489,75.213476356489
0.572,0.036789658228467,1.0062816802097,-75.283417283049,75.283417283049
0.573,0.036886259221258,1.0089239393123,-75.353472397111,75.353472397111
0.574,0.036983043912145,1.0115712229799,-75.423642476019,75.423642476019
0.575,0.037080014634876,1.0142235950458,-75.493929551129,75.493929551129
0.576,0.03717717262528,1.0168810893129,-75.56433477578,75.56433477578
0.577,0.037274519654991,1.0195437542394,-75.634859647735,75.634859647735
0.578,0.037372053333097,1.0222115244282,-75.705502412592,75.705502412592
0.579,0.037469774781649,1.0248844305703,-75.776264070122,75.776264070122
0.58,0.037567685071053,1.0275625019435,-75.847145570079,75.84714557008
0.581,0.037665703582611,1.0302435334412,-75.918077386018,75.918077386018
0.582,0.037763876042425,1.0329287757775,-75.989099802852,75.989099802852
0.583,0.037862217514886,1.035618640998,-76.060225881344,76.060225881344
0.584,0.037960734116617,1.0383132964064,-76.131460913234,76.131460913234
0.585,0.038059429505417,1.0410128420519,-76.202808080588,76.202808080588
0.586,0.038158307751816,1.0437173892729,-76.274270831957,76.274270831957
0.587,0.038257365357128,1.0464268423722,-76.3458465432,76.3458465432
0.588,0.038356604666323,1.0491412654902,-76.417537224886,76.417537224886
0.589,0.03845602630498,1.051860675738,-76.489343508147,76.489343508147
0.59,0.038555631481681,1.0545851061729,-76.561266489836,76.561266489836
0.591,0.038655324461816,1.0573119382335,-76.633223675419,76.633223675419
0.592,0.038755121527351,1.0600416172689,-76.705230147151,76.705230147151
0.593,0.03885506139067,1.0627752021518,-76.777319590771,76.777319590771
0.594,0.038955159401066,1.0655131127206,-76.849505146468,76.849505146468
0.595,0.039055422857127,1.0682555486085,-76.921793080141,76.921793080141
0.596,0.039155855593302,1.0710026146964,-76.994186777138,76.994186777138
0.597,0.039256744577937,1.073762160228,-77.066922124149,77.066922124149
0.598,0.039357665298088,1.0765225737989,-77.139651475011,77.139651475011
0.599,0.039458694232545,1.0792859472797,-77.212436776445,77.212436776446
0.6,0.039559874624467,1.0820534634701,-77.285313438621,77.285313438621
0.601,0.039661186382868,1.0848245728356,-77.35826537104,77.35826537104
0.602,0.039763077718336,1.0876115349654,-77.431661323131,77.431661323131
0.603,0.039864954336356,1.0903980945393,-77.505013934553,77.505013934553
0.604,0.039966903681538,1.0931866433681,-77.578393900704,77.578393900704
0.605,0.040068967589805,1.0959783257605,-77.651835500028,77.651835500028
0.606,0.040171164644049,1.0987736500013,-77.725354302603,77.725354302603
0.607,0.040273509387067,1.1015730138694,-77.79896247279,77.79896247279
0.608,0.040375973347442,1.1043756386062,-77.872635440107,77.872635440107
0.609,0.040478514883981,1.1071803852292,-77.946337766349,77.946337766349
0.61,0.040581169392199,1.1099882218873,-78.020100637603,78.020100637603
0.611,0.040683852492842,1.1127968406138,-78.093852292107,78.093852292107
0.612,0.040786514911735,1.115604893647,-78.167550571112,78.167550571112
0.613,0.040889233322644,1.1184144781905,-78.2412622066,78.2412622066
0.614,0.040991982363684,1.1212249005384,-78.314965399475,78.314965399475
0.615,0.041094828797434,1.1240379868007,-78.388717394418,78.388717394418
0.616,0.041197796948825,1.1268544023201,-78.462538919453,78.462538919453
0.617,0.041300834648469,1.1296727201441,-78.536385498099,78.536385498099
0.618,0.041403791108097,1.132488815867,-78.610128636015,78.610128636015
0.619,0.041506794102647,1.1353061844269,-78.683878732268,78.683878732268
0.62,0.041609884731568,1.1381259499882,-78.757671099234,78.757671099234
0.621,0.041713091065863,1.1409488803573,-78.831529108047,78.831529108047
0.622,0.041816425845459,1.1437753240005,-78.905463481869,78.905463481869
0.623,0.041919891941053,1.146605359438,-78.979477027189,78.979477027189
0.624,0.042023492451585,1.1494390714329,-79.053572391231,79.053572391231
0.625,0.042127136547824,1.1522739755969,-79.127671906469,79.127671906469
0.626,0.042230920131674,1.1551126950677,-79.201853670074,79.201853670074
0.627,0.042334604511956,1.1579487010929,-79.275925709631,79.275925709631
0.628,0.042438359463457,1.1607866374031,-79.350027358584,79.350027358584
0.629,0.042542224996681,1.1636275983775,-79.424192081112,79.424192081112
0.63,0.042646214870735,1.1664719603593,-79.498431473462,79.498431473462
0.631,0.042750334599565,1.1693198741675,-79.572750132887,79.572750132887
0.632,0.042854579553956,1.1721712131826,-79.647144726119,79.647144726119
0.633,0.042958953201959,1.1750260722637,-79.72161811126,79.72161811126
0.634,0.043063449882353,1.1778842965633,-79.796165974018,79.796165974018
0.635,0.043168070292053,1.1807459051437,-79.870788954625,79.870788954625
0.636,0.043272744549688,1.1836089865888,-79.945427796756,79.945427796756
0.637,0.043377456652171,1.1864731031776,-80.020069910519,80.020069910519
0.638,0.043482097612467,1.189335273864,-80.094623010002,80.094623010002
0.639,0.043586772556164,1.1921983740745,-80.169176883471,80.169176883471
0.64,0.043691483701209,1.1950624644751,-80.243734741252,80.243734741252
0.641,0.04379626916864,1.1979285877637,-80.318327946313,80.318327946313
0.642,0.043901140590162,1.2007970620941,-80.392966501123,80.392966501123
0.643,0.044006102273,1.203668005279,-80.467654143402,80.467654143402
0.644,0.044111157179121,1.2065414983348,-80.542393578783,80.542393578783
0.645,0.044216307268018,1.2094175948583,-80.617186572066,80.617186572066
0.646,0.04432155646882,1.21229640232,-80.692036443858,80.692036443858
0.647,0.044426901446339,1.2151778294951,-80.766940710915,80.766940710915
0.648,0.044532339382345,1.2180617992983,-80.841897301313,80.841897301313
0.649,0.044637760631207,1.2209453126698,-80.916813663653,80.916813663653
0.65,0.044743158616056,1.2238281897171,-80.99168518194,80.99168518194
0.651,0.044848463602526,1.226708523045,-81.066453855226,81.066453855226
0.652,0.044953756285779,1.2295885198517,-81.141188547775,81.141188547775
0.653,0.045059067167511,1.2324690144286,-81.215914814132,81.215914814132
0.654,0.045164418106852,1.2353506046732,-81.290650980585,81.290650980585
0.655,0.045269817670899,1.2382335249152,-81.365404334746,81.365404334746
0.656,0.045375278262683,1.241118114406,-81.440185086723,81.440185086723
0.657,0.045480789868217,1.2440040992401,-81.51498564977,81.51498564977
0.658,0.045586360062903,1.2468916866221,-81.589812271556,81.589812271556
0.659,0.04569198958509,1.2497808967475,-81.664665677016,81.664665677016
0.66,0.045797677722406,1.2526717101315,-81.739545599188,81.739545599188
0.661,0.045903424633256,1.2555641311066,-81.814452318729,81.814452318729
0.662,0.046009228168505,1.2584581008891,-81.889384247636,81.889384247636
0.663,0.046115090386823,1.2613536757884,-81.96434324811,81.96434324811
0.664,0.046221004886458,1.2642506807018,-82.039324242055,82.039324242055
0.665,0.046326952236547,1.2671485841506,-82.114311087885,82.114311087885
0.666,0.046432938042431,1.2700475394538,-82.18930916888,82.18930916888
0.667,0.0465388580014,1.2729446936926,-82.264229912935,82.264229912935
0.668,0.046644618510409,1.2758374866086,-82.338995902654,82.338995902654
0.669,0.046750224820455,1.2787260618286,-82.413612665508,82.413612665508
0.67,0.04685574690213,1.2816123332092,-82.488139798269,82.488139798269
0.671,0.046961140928056,1.2844951019709,-82.562540197678,82.562540197678
0.672,0.047066338088117,1.2873724859988,-82.63675616323,82.63675616323
0.673,0.047171407113986,1.2902463652622,-82.710847380827,82.710847380827
0.674,0.047276186872134,1.2931123323888,-82.784677056811,82.784677056811
0.675,0.047380799706383,1.2959737337632,-82.858349749776,82.858349749776
0.676,0.047485293360905,1.2988318752983,-82.931905668505,82.931905668505
0.677,0.047589922185586,1.3016937140477,-83.005548355435,83.005548355435
0.678,0.047694177017881,1.3045453232462,-83.078865483472,83.078865483472
0.679,0.047798192503617,1.3073903857663,-83.15196808002,83.15196808002
0.68,0.047902034515577,1.3102307033801,-83.224910277253,83.224910277253
0.681,0.048005804166622,1.3130690417566,-83.29777153372,83.29777153372
0.682,0.048109287075869,1.3158995370861,-83.370380365183,83.370380365183
0.683,0.048212579787127,1.3187248300636,-83.442815837726,83.442815837726
0.684,0.048315722565563,1.321546022034,-83.515111096238,83.515111096238
0.685,0.048418736642029,1.3243636937098,-83.587283825014,83.587283825014
0.686,0.048521635759788,1.3271782210008,-83.659345392666,83.659345392666
0.687,0.04862433514218,1.3299872850706,-83.731224817825,83.731224817825
0.688,0.048726731668941,1.332788065343,-83.802836314599,83.802836314599
0.689,0.048828817881981,1.3355803578222,-83.87417429523,83.87417429523
0.69,0.048930653694923,1.3383658012835,-83.945290052463,83.945290052463
0.691,0.049032261728875,1.3411450144659,-84.016202402227,84.016202402227
0.692,0.049133685043449,1.343919175149,-84.086947553354,84.086947553354
0.693,0.04923474260228,1.3466833315722,-84.157373003884,84.157373003884
0.694,0.049335504540923,1.349439402104,-84.227539219786,84.227539219786
0.695,0.049436027887888,1.3521889466052,-84.297494101522,84.297494101522
0.696,0.049536340518429,1.3549327275282,-84.367260880171,84.367260880171
0.697,0.049636460110105,1.3576712283946,-84.436854335032,84.436854335032
0.698,0.049736397959223,1.3604047581844,-84.506284021715,84.506284021715
0.699,0.049836169300573,1.3631337336043,-84.575562416587,84.575562416587
0.7,0.049935769746383,1.3658580346385,-84.64468619283,84.64468619283
0.701,0.050035207071435,1.3685778739452,-84.713661924765,84.713661924765
0.702,0.050134485615028,1.3712933702141,-84.782493292618,84.782493292618
0.703,0.050233609028488,1.3740046233175,-84.851183435181,84.851183435181
0.704,0.050332585640585,1.3767118610663,-84.919739258564,84.919739258564
0.705,0.050431406269255,1.37941483231,-84.988153445647,84.988153445647
0.706,0.050530076519233,1.382113690351,-85.056430720273,85.056430720273
0.707,0.050628597960642,1.3848084781357,-85.124572547832,85.124572547832
0.708,0.05072697115887,1.3874992111288,-85.192579403217,85.192579403217
0.709,0.050825196803958,1.3901859082045,-85.260451890571,85.260451890571
0.71,0.05092327581992,1.3928685946368,-85.328190949042,85.328190949042
0.711,0.051021133878544,1.3955452373781,-85.395734548753,85.395734548753
0.712,0.051118591676924,1.3982109320822,-85.462933140984,85.462933140984
0.713,0.051215778884897,1.4008692255169,-85.529896346737,85.529896346737
0.714,0.051312731091335,1.4035210911197,-85.596653760243,85.596653760243
0.715,0.051409464928488,1.4061669838208,-85.663219246558,85.663219246558
0.716,0.051505851009077,1.4088033645809,-85.729484309109,85.729484309109
0.717,0.051601965196089,1.4114323084269,-85.795513291281,85.795513291281
0.718,0.051697742868807,1.4140520478339,-85.861252196233,85.861252196233
0.719,0.051793117394095,1.4166607602324,-85.926645596321,85.926645596321
0.72,0.051888186574932,1.4192611207585,-85.99177582551,85.99177582551
0.721,0.051982991040251,1.4218542407071,-86.056676439226,86.056676439226
0.722,0.052077541867242,1.4244404230646,-86.12135647962,86.12135647962
0.723,0.052169831063805,1.4269647446336,-86.184185965096,86.184185965096
0.724,0.052251528971917,1.429199370129,-86.238105595883,86.238105595883
0.725,0.052336276258017,1.4315174031186,-86.294639538141,86.294639538141
0.726,0.052422161165566,1.4338665526686,-86.352114389268,86.352114389268
0.727,0.052508376078182,1.4362247286155,-86.409851473901,86.409851473901
0.728,0.052593404098288,1.4385504403252,-86.466604956723,86.466604956723
0.729,0.052672836716087,1.4407231049258,-86.518655061204,86.518655061204
0.73,0.052753763678579,1.4429366432872,-86.571979785673,86.571979785673
0.731,0.052835125856485,1.4451620857901,-86.625659414747,86.625659414747
0.732,0.052916926827689,1.4473995302978,-86.679688685975,86.679688685975
0.733,0.052998598007613,1.4496334247159,-86.733600885186,86.733600885185
0.734,0.053079854017574,1.4518559632816,-86.787161039926,86.787161039926
0.735,0.053160722716606,1.4540679080035,-86.840390624594,86.840390624594
0.736,0.053241171673999,1.4562683718271,-86.893262325317,86.893262325317
0.737,0.053321184308453,1.4584569012159,-86.945761945224,86.945761945224
0.738,0.053399243094392,1.4605919883586,-86.996636438097,86.996636438097
0.739,0.053471455452832,1.4625671622766,-87.042612387945,87.042612387945
0.74,0.053544452428763,1.4645637972856,-87.089265769426,87.089265769426
0.741,0.053616865200759,1.4665444529748,-87.135424339214,87.135424339214
0.742,0.053687939040497,1.4684884857904,-87.180457975655,87.180457975655
0.743,0.053757597004368,1.4703937911479,-87.224307435655,87.224307435655
0.744,0.053826081524004,1.4722670001095,-87.267175368895,87.267175368895
0.745,0.053893488313038,1.474110730663,-87.309140777057,87.309140777057
0.746,0.053959910214446,1.475927522277,-87.350279909483,87.350279909483
0.747,0.05402537263476,1.4777180698786,-87.390613913217,87.390613913217
0.748,0.054089780084487,1.4794797616107,-87.430061438386,87.430061438386
0.749,0.054152994769953,1.4812088284998,-87.468507086991,87.468507086991
0.75,0.054215035041297,1.4829057724644,-87.505966481889,87.505966481889
0.751,0.054275882592178,1.4845700927839,-87.542424393439,87.542424393439
0.752,0.054335693040487,1.4862060459652,-87.578010822566,87.578010822566
0.753,0.054394603703453,1.48781738795,-87.612839127107,87.612839127107
0.754,0.054451108899549,1.4893629348892,-87.645655312691,87.645655312691
0.755,0.054501656803924,1.4907455362124,-87.673487303941,87.673487303941
0.756,0.054553668294718,1.4921681699868,-87.702554990695,87.702554990695
0.757,0.054605718147683,1.4935918530548,-87.731642979193,87.731642979193
0.758,0.05465745050368,1.4950068518512,-87.760453660506,87.760453660506
0.759,0.054708778478424,1.4964107898912,-87.788914304223,87.788914304223
0.76,0.054759446708117,1.4977966823883,-87.816810569534,87.816810569534
0.761,0.054809189707647,1.4991572677146,-87.843919866352,87.843919866352
0.762,0.054858422562182,1.5005038994032,-87.870588083554,87.870588083554
0.763,0.054907598732495,1.5018489806481,-87.897191663143,87.897191663143
0.764,0.054956293223873,1.5031808868674,-87.923381681479,87.923381681479
0.765,0.055004763733975,1.5045066666842,-87.949369633185,87.949369633185
0.766,0.055044983704606,1.5056067752901,-87.968988571397,87.968988571397
0.767,0.055078993538844,1.5065370223973,-87.982850831526,87.982850831526
0.768,0.055114763408463,1.507515410516,-87.998251625487,87.998251625487
0.769,0.05514492937057,1.5083405188887,-88.008918156709,88.008918156709
0.77,0.055176665355574,1.5092085709949,-88.020911188837,88.020911188837
0.771,0.055208983599348,1.5100925492163,-88.033373115453,88.033373115453
0.772,0.055241632643173,1.5109855755791,-88.046090845052,88.046090845052
0.773,0.055273549518107,1.5118585754406,-88.058173130773,88.058173130773
0.774,0.055301668437476,1.5126276924911,-88.067067855371,88.067067855371
0.775,0.055330742304959,1.5134229295667,-88.076758682015,88.076758682015
0.776,0.055354500755904,1.5140727777873,-88.081959869351,88.081959869351
0.777,0.055378708601763,1.5147349179913,-88.087535325366,88.087535325366
0.778,0.05540210497894,1.5153748626625,-88.092410480541,88.092410480541
0.779,0.055424990012865,1.5160008209208,-88.096839522009,88.096839522009
0.78,0.05544797841969,1.5166296066655,-88.101331348555,88.101331348555
0.781,0.055471355483753,1.5172690230786,-88.106122149188,88.106122149188
0.782,0.055493865244503,1.5178847167534,-88.110169213278,88.110169213278
0.783,0.055515736982735,1.5184829590464,-88.113661275244,88.113661275244
0.784,0.055537368888385,1.5190746413672,-88.116931239207,88.116931239207
0.785,0.055556283786196,1.5195920072811,-88.117966654186,88.117966654186
0.786,0.055569138913659,1.519943624553,-88.113842886173,88.113842886173
0.787,0.055585013541751,1.5203778321048,-88.112245761377,88.112245761377
0.788,0.055602358847814,1.5208522660781,-88.111852813404,88.111852813404
0.789,0.055620832828925,1.5213575719071,-88.112376939103,88.112376939103
0.79,0.055639881486242,1.5218785964508,-88.113352868501,88.113352868501
0.791,0.055659116485172,1.5224047178658,-88.114456340522,88.114456340522
0.792,0.055679093580975,1.5229511373352,-88.116154941569,88.116154941569
0.793,0.055700099541063,1.5235256986068,-88.118687644275,88.118687644275
0.794,0.055722523503304,1.5241390454952,-88.122378030578,88.122378030577
0.795,0.055744734057729,1.5247465551895,-88.125891345719,88.125891345719
0.796,0.055757060940432,1.5250837237536,-88.121038381753,88.121038381753
0.797,0.055771154034193,1.5254692022482,-88.117705931714,88.117705931714
0.798,0.055781078081249,1.5257406477366,-88.110831475679,88.110831475679
0.799,0.055793537869263,1.5260814515663,-88.106082207035,88.106082207035
0.8,0.055807671872335,1.5264680490245,-88.102710488586,88.102710488586
0.801,0.055819111847428,1.5267809586277,-88.097008237841,88.097008237841
0.802,0.05582709121532,1.5269992126729,-88.088438983778,88.088438983778
0.803,0.055836170769622,1.5272475593442,-88.080774363898,88.080774363898
0.804,0.055841247555381,1.527386421099,-88.069712942533,88.069712942533
0.805,0.055846781707366,1.5275377928711,-88.059021037816,88.059021037816
0.806,0.055852712504082,1.5277000137878,-88.048639904616,88.048639904616
0.807,0.055859118871903,1.5278752426669,-88.038634176187,88.038634176187
0.808,0.055867294502749,1.5280988649548,-88.030079120263,88.030079120263
0.809,0.055874997296922,1.5283095540734,-88.021105513603,88.021105513603
0.81,0.05588257109499,1.528516714852,-88.012000013697,88.012000013697
0.811,0.055890528986207,1.5287343814608,-88.003193046486,88.003193046486
0.812,0.055897089814127,1.5289138351785,-87.99318925169,87.99318925169
0.813,0.055899749842148,1.5289865930566,-87.97988536314,87.97988536314
0.814,0.05590545464319,1.5291426324724,-87.969125241451,87.969125241451
0.815,0.055913015150801,1.5293494297265,-87.959895368816,87.959895368816
0.816,0.055921875061771,1.529591768648,-87.951727518201,87.951727518201
0.817,0.055931345717541,1.529850812843,-87.944043307437,87.944043307437
0.818,0.055942039894783,1.5301433231614,-87.937359839635,87.937359839635
0.819,0.055954252978137,1.5304773790519,-87.931924389884,87.931924389884
0.82,0.055968374078441,1.5308636235897,-87.928061770234,87.928061770234
0.821,0.05597658630526,1.5310882468616,-87.919698408394,87.919698408394
0.822,0.055979336388992,1.5311634679703,-87.906224734456,87.906224734456
0.823,0.055983919469321,1.5312888257473,-87.894324363538,87.894324363538
0.824,0.05598485622143,1.5313144480697,-87.879314908454,87.879314908454
0.825,0.055988822336853,1.5314229304391,-87.866846497283,87.866846497283
0.826,0.055993811894813,1.5315594063133,-87.85521067473,87.85521067473
0.827,0.055996500812887,1.5316329544006,-87.841624819037,87.841624819037
0.828,0.05600158370667,1.531771983224,-87.830039105777,87.830039105777
0.829,0.056001936489003,1.5317816326314,-87.814434518462,87.814434518462
0.83,0.056003355505158,1.5318204459835,-87.799716110625,87.799716110625
0.831,0.05600506437407,1.5318671874746,-87.785219271736,87.785219271736
0.832,0.056007315120512,1.5319287505611,-87.771157412025,87.771157412025
0.833,0.056011152449528,1.5320337103263,-87.758403661181,87.758403661181
0.834,0.056015500848954,1.5321526490414,-87.746056417904,87.746056417904
0.835,0.056019878494225,1.5322723876976,-87.733713114886,87.733713114886
0.836,0.05602478148996,1.5324064958961,-87.721790786979,87.721790786979
0.837,0.056027478980506,1.5324802784602,-87.708031298505,87.708031298505
0.838,0.056025362786614,1.5324223956951,-87.690166965809,87.690166965809
0.839,0.056027063859653,1.5324689239511,-87.675504287,87.675504287
0.84,0.056031091170683,1.5325790801609,-87.662773685798,87.662773685798
0.841,0.056036756045459,1.5327340275016,-87.651395221503,87.651395221503
0.842,0.056043250979267,1.532911678864,-87.64068923289,87.64068923289
0.843,0.056051180695065,1.5331285748103,-87.631166647895,87.631166647895
0.844,0.056060837164088,1.5333927014247,-87.623072190585,87.623072190585
0.845,0.056072623582084,1.5337150870373,-87.616743418203,87.616743418203
0.846,0.056084622529259,1.5340432858112,-87.610604988134,87.610604988134
0.847,0.056087414513898,1.534119653006,-87.596645583163,87.596645583163
0.848,0.056092065818543,1.5342468768748,-87.584281309542,87.584281309542
0.849,0.056093305845806,1.5342807944695,-87.569011392447,87.569011392447
0.85,0.056097641581965,1.5343993868152,-87.556343726405,87.556343726405
0.851,0.056100534454435,1.5344785135239,-87.542401395649,87.542401395649
0.852,0.056100209237263,1.5344696180871,-87.525788642056,87.525788642056
0.853,0.056102785696164,1.5345400901577,-87.511605560531,87.511605560531
0.854,0.056101106309903,1.5344941550849,-87.493807657002,87.493807657002
0.855,0.056100505449966,1.5344777201851,-87.476908964151,87.476908964151
0.856,0.056100365645581,1.5344738962139,-87.460381149266,87.460381149266
0.857,0.056100898782567,1.5344884787354,-87.444403598584,87.444403598584
0.858,0.056103113472159,1.5345490555842,-87.429820748829,87.429820748829
0.859,0.05610579344122,1.5346223588955,-87.415610141467,87.415610141467
0.86,0.056108526470228,1.5346971135183,-87.401427786508,87.401427786508
0.861,0.056111905123894,1.5347895274588,-87.387772576608,87.387772576608
0.862,0.056114122610981,1.5348501808255,-87.373124362552,87.373124362552
0.863,0.056112753934414,1.5348127443767,-87.355443467285,87.355443467285
0.864,0.056114713823298,1.5348663518408,-87.340554703313,87.340554703313
0.865,0.056118739647974,1.5349764673954,-87.327385532577,87.327385532577
0.866,0.056124260224165,1.5351274678382,-87.31545432562,87.31545432562
0.867,0.056130676721286,1.535302973777,-87.304256828133,87.304256828133
0.868,0.056138592151303,1.5355194789744,-87.294301910903,87.294301910903
0.869,0.056148273771355,1.5357842935272,-87.285813600466,87.285813600466
0.87,0.056160121085693,1.5361083447947,-87.279126687645,87.279126687645
0.871,0.056165871431521,1.536265629965,-87.267755804758,87.267755804758
0.872,0.056166484186816,1.5362823902302,-87.251578906427,87.251578906427
0.873,0.056168730899521,1.5363438429847,-87.236807954079,87.23680795408
0.874,0.056167791925767,1.5363181598952,-87.219324727687,87.219324727687
0.875,0.056170104885182,1.5363814246494,-87.204577914432,87.204577914431
0.876,0.05617336196563,1.5364705132831,-87.190608544073,87.190608544073
0.877,0.056174793014154,1.5365096557482,-87.175095058282,87.175095058282
0.878,0.056177720765752,1.5365897364812,-87.160831832524,87.160831832524
0.879,0.056176446187546,1.5365548738388,-87.143007163794,87.143007163794
0.88,0.05617602206785,1.5365432731906,-87.125892372122,87.125892372122
0.881,0.056176203793899,1.5365482438156,-87.109275995636,87.109275995636
0.882,0.056177148065239,1.5365740718063,-87.093289658065,87.093289658064
0.883,0.05618023684203,1.5366585569483,-87.079090947615,87.079090947615
0.884,0.056183182487883,1.5367391271303,-87.064758893497,87.064758893497
0.885,0.056186307700385,1.5368246088727,-87.050565127732,87.050565127732
0.886,0.056190155106944,1.5369298442818,-87.036966935181,87.036966935181
0.887,0.056191339811053,1.5369622486612,-87.021137490242,87.021137490242
0.888,0.056188450992272,1.5368832328302,-87.001852405805,87.001852405805
0.889,0.056189427225756,1.536909935059,-86.985814311157,86.985814311157
0.89,0.056192737923204,1.5370004902408,-86.971725710822,86.971725710822
0.891,0.056197366188894,1.5371270839413,-86.958729816178,86.958729816178
0.892,0.056203142507627,1.5372850795303,-86.946684174681,86.946684174681
0.893,0.056210537501252,1.5374873495966,-86.93598502723,86.93598502723
0.894,0.056219800407183,1.5377407113562,-86.926841262879,86.926841262879
0.895,0.056230545144815,1.5380346046175,-86.91897345293,86.91897345293
0.896,0.056231907828849,1.5380718771567,-86.903131458179,86.903131458179
0.897,0.056235822793253,1.5381789604282,-86.889475476325,86.889475476325
0.898,0.056235608195533,1.5381730906874,-86.872314778162,86.872314778162
0.899,0.056238302723833,1.5382467922274,-86.857607286122,86.857607286122
0.9,0.056243116212504,1.538378452202,-86.844670651782,86.844670651782
0.901,0.056245595840482,1.5384462757244,-86.829722757292,86.829722757292
0.902,0.056244707463855,1.5384219765825,-86.811991628033,86.811991628033
0.903,0.056241026206335,1.5383212857313,-86.791885909489,86.791885909489
0.904,0.056239294845024,1.5382739290214,-86.773420151006,86.773420151006
0.905,0.056237780262203,1.5382325017014,-86.755125069205,86.755125069205
0.906,0.056236786407138,1.5382053174819,-86.73726027466,86.73726027466
0.907,0.056236761142156,1.5382046264266,-86.720201509599,86.720201509599
0.908,0.056238285079012,1.538246309601,-86.704433018895,86.704433018895
0.909,0.056239683371019,1.5382845561001,-86.688549297922,86.688549297922
0.91,0.056241480085051,1.538333700357,-86.672991878712,86.672991878712
0.911,0.056242617640305,1.5383648151068,-86.656872701649,86.656872701649
0.912,0.056239435149199,1.538277766663,-86.63711428989,86.63711428989
0.913,0.056239575761254,1.5382816127258,-86.620147310836,86.620147310836
0.914,0.056241779833567,1.5383418991676,-86.604905114509,86.604905114509
0.915,0.056245675796054,1.538448462693,-86.591073835354,86.591073835354
0.916,0.056250463080441,1.5385794059202,-86.57797925734,86.57797925734
0.917,0.056256581343193,1.5387467544637,-86.56599171413,86.56599171413
0.918,0.056264404196847,1.5389607274849,-86.555424745335,86.555424745335
0.919,0.056274371872496,1.5392333663155,-86.546647169649,86.546647169649
0.92,0.056279116400061,1.5393631400454,-86.533916678041,86.533916678041
0.921,0.056278236314826,1.5393390676922,-86.515996437298,86.515996437298
0.922,0.056279470138302,1.5393728155991,-86.499890246926,86.499890246926
0.923,0.056277125255668,1.5393086776714,-86.480750497592,86.480750497592
0.924,0.056277949803429,1.5393312309472,-86.464281127914,86.464281127914
0.925,0.056279861143296,1.539383510484,-86.44871742022,86.44871742022
0.926,0.056279702160154,1.5393791619298,-86.431412514046,86.431412514046
0.927,0.056281910102614,1.539439554229,-86.416092381368,86.416092381368
0.928,0.056279510319672,1.5393739146519,-86.39688144137,86.39688144137
0.929,0.056278188172888,1.5393377508996,-86.378576639269,86.378576639269
0.93,0.056277296351092,1.5393133575244,-86.360627574222,86.360627574222
0.931,0.056277073653367,1.5393072662299,-86.343235697532,86.343235697532
0.932,0.056278994839234,1.5393598150775,-86.327636084478,86.327636084478
0.933,0.056280879271943,1.5394113586418,-86.31199855514,86.31199855514
0.934,0.05628293069163,1.5394674696835,-86.296494289046,86.296494289046
0.935,0.056285678173207,1.5395426196172,-86.281568432144,86.281568432144
0.936,0.056285972785628,1.5395506779439,-86.26458828134,86.26458828134
0.937,0.056281859084757,1.5394381587734,-86.243894182876,86.243894182876
0.938,0.056281642737222,1.5394322411713,-86.226473055932,86.226473055932
0.939,0.056283788888363,1.539490943336,-86.211028336006,86.211028336006
0.94,0.056287446040684,1.5395909748546,-86.196843207747,86.196843207747
0.941,0.056292137168494,1.5397192879785,-86.183516274156,86.183516274156
0.942,0.056298436442381,1.5398915875925,-86.171530255034,86.171530255034
0.943,0.056306598478958,1.5401148380459,-86.161097681932,86.161097681932
0.944,0.056317560484664,1.5404146740882,-86.153002456185,86.153002456185
0.945,0.056327307165181,1.5406812681942,-86.143920701108,86.143920701108
0.946,0.056327852737377,1.5406961908473,-86.127064309965,86.127064309965
0.947,0.056325416194683,1.5406295458064,-86.107706856114,86.107706856114
0.948,0.05632649909038,1.5406591654918,-86.091318391632,86.091318391632
0.949,0.056329976818816,1.5407542893549,-86.076935058525,86.076935058525
0.95,0.056331348108036,1.5407917972658,-86.060750186004,86.060750186004
0.951,0.056329863367279,1.5407511861947,-86.042206153766,86.042206153766
0.952,0.056329799960929,1.5407494518854,-86.024849111736,86.024849111736
0.953,0.056326110551015,1.5406485380475,-86.004438744125,86.004438744125
0.954,0.056323212489604,1.5405692694093,-85.98469307943,85.98469307943
0.955,0.056321101639753,1.540511532816,-85.965606605484,85.965606605484
0.956,0.056320077848366,1.5404835297693,-85.947429171803,85.947429171803
0.957,0.056320776906671,1.5405026506201,-85.930690645474,85.930690645474
0.958,0.056321397612446,1.5405196283492,-85.913881210669,85.913881210669
0.959,0.05632236962527,1.5405462151332,-85.897362103369,85.897362103368
0.96,0.056322912298488,1.5405610584926,-85.880480414094,85.880480414094
0.961,0.056318890536063,1.5404510540499,-85.859769521469,85.859769521469
0.962,0.056318232093978,1.540433044146,-85.841880329857,85.841880329857
0.963,0.056319652337191,1.540471891061,-85.825729420465,85.825729420465
0.964,0.056322841244367,1.5405591149991,-85.811055218405,85.811055218405
0.965,0.056326979135761,1.5406722958359,-85.797168994273,85.797168994273
0.966,0.05633240764901,1.5408207781458,-85.784357301637,85.784357301637
0.967,0.056339535402797,1.5410157385885,-85.772962206586,85.772962206585
0.968,0.056348816507331,1.5412695981218,-85.763363062199,85.763363062199
0.969,0.056353235811923,1.5413904762561,-85.750120335309,85.750120335309
0.97,0.056351816698448,1.541351660242,-85.731532881958,85.731532881958
0.971,0.056352744375088,1.5413770343295,-85.714954983332,85.714954983333
0.972,0.056349928720594,1.5413000197099,-85.695217453779,85.695217453779
0.973,0.056350270090727,1.5413093569674,-85.67813759521,85.67813759521
0.974,0.056351780412702,1.5413506677435,-85.662035907593,85.662035907593
0.975,0.056351088990342,1.5413317557533,-85.644091214562,85.644091214562
0.976,0.05635317286938,1.5413887546329,-85.628470160199,85.628470160199
0.977,0.056350511385723,1.5413159569399,-85.6088575709,85.6088575709
0.978,0.056349057133976,1.5412761798133,-85.590261341368,85.590261341368
0.979,0.056347940578727,1.5412456394619,-85.571945494864,85.571945494864
0.98,0.056347452762731,1.5412322965736,-85.554155470542,85.554155470542
0.981,0.05634908822764,1.5412770302965,-85.538139572247,85.538139572247
0.982,0.056350737513407,1.5413221420516,-85.522131891588,85.522131891588
0.983,0.056352573641051,1.5413723643614,-85.506277303557,85.506277303557
0.984,0.056355040669446,1.5414398432562,-85.49094822946,85.49094822946
0.985,0.056355261617538,1.5414458866941,-85.473741787628,85.473741787628
0.986,0.056350794808297,1.5413237091985,-85.452608864562,85.452608864562
0.987,0.056350237905885,1.541308476638,-85.43475289253,85.43475289253
0.988,0.056352043984064,1.5413578770258,-85.418871854434,85.418871854434
0.989,0.056355506277373,1.5414525787028,-85.404372089242,85.404372089242
0.99,0.056359905643612,1.5415729114773,-85.390649992674,85.390649992673
0.991,0.056365867351387,1.5417359778826,-85.378229479432,85.378229479432
0.992,0.056373680488282,1.5419496851281,-85.367351469249,85.367351469249
0.993,0.056384377545631,1.542242274224,-85.358877335968,85.358877335968
0.994,0.056394081701,1.5425077051696,-85.349611085662,85.349611085662
0.995,0.056394877675337,1.5425294768965,-85.33282177594,85.33282177594
0.996,0.05639731447083,1.542596128852,-85.317445343993,85.317445343993
0.997,0.056396576579518,1.5425759458293,-85.29939766802,85.29939766802
0.998,0.056399060210986,1.5426438788563,-85.28405724101,85.28405724101
0.999,0.05639988190671,1.5426663541223,-85.267306493196,85.267306493196
1,0.056397799583199,1.5426093977899,-85.248159535512,85.248159535512
