time,DJ1,DJ2,DJint,EW,FE,Fy,J,KE,PEW,SE,max_disp_y
0,0,0,0,0,0,0,0,0,0,0,0
0.25,3.5542590572878e-06,4.0611245301794e-21,3.5542590572878e-06,0.0018449164486855,0,48.387009530573,3.8818548564839e-06,0.00046402994012015,0.0036161918947151,0.0010309795096984,2.2454571743626e-05
0.5,1.1804938725758e-06,8.9499332591286e-07,2.0754871984887e-06,0.007817775663146,0,98.14821270621,9.5671384826307e-07,0.0025651406866776,0.0097019489113838,0.0044540898105127,5.0710519672303e-05
0.75,2.9625247167706e-06,1.1751526291778e-06,4.1376773459484e-06,0.013651138942113,0,106.02594549138,5.7161748038679e-07,0.0051932256452166,0.01513906818251,0.0072122842715565,8.2992062191659e-05
1,2.1593149921263e-06,2.222266847378e-06,4.3815818395043e-06,0.018653848023125,0,99.11135812546,-9.8544502223247e-07,0.0078825666760194,0.020129035754439,0.0095014210030674,0.00011030794982899
1.25,-4.4018326147985e-06,8.1389484081727e-06,3.7371157933742e-06,0.023836809009313,0,97.346601715916,-2.8361659641021e-06,0.010539960344937,0.025398226222883,0.012103695153598,0.00013640238504961
1.5,-9.5801130672808e-06,1.2867458177649e-05,3.2873451103684e-06,0.029337102349546,0,100.18537293241,-2.2481093720975e-06,0.013215577261706,0.030875935796735,0.014887408313764,0.00016443641245903
1.75,-5.9147928629952e-06,6.9002237911407e-06,9.8543092814552e-07,0.034873766373302,0,101.51833017328,3.1506874663479e-07,0.015894949193377,0.036286270797546,0.017628981841547,0.00019559245026042
2,-9.5782415728416e-07,-1.9850062711214e-07,-1.1563247843963e-06,0.040234675574609,0,100.12367052425,5.1713854700224e-07,0.018576604648698,0.041561260318791,0.020218752181251,0.00022442333936529
2.25,-2.6837021474767e-06,4.1717701708455e-07,-2.2665251303922e-06,0.045516295333006,0,99.09872582512,-3.0049791132279e-06,0.021264299040494,0.046824642879643,0.022800014386681,0.00025224824433978
2.5,-6.9145009772549e-06,4.7784537707733e-06,-2.1360472064816e-06,0.050866805204883,0,99.642717062498,-5.7248691928753e-06,0.023955016227707,0.052166115753324,0.025456327779466,0.0002811958372311
2.75,-7.8290568211683e-06,7.5032385909108e-06,-3.2581823025745e-07,0.056301036729422,0,100.36945024642,-3.5883807999778e-06,0.026650143622993,0.057551553510628,0.028159049949281,0.00031009035914128
3,-1.1289238700615e-05,8.9816686429281e-06,-2.3075700576871e-06,0.061726984550778,0,100.26877018606,-3.6916771886316e-06,0.029349787132483,0.062908785059864,0.030829158861638,0.00033885578409421
3.25,-1.4139164305526e-05,9.6770221271513e-06,-4.4621421783744e-06,0.067099594506997,0,99.77110597392,-4.3879276706821e-06,0.032052458541844,0.068232496697964,0.033464036810633,0.00036666727065347
3.5,-1.3193948284964e-05,6.4706993631589e-06,-6.7232489218048e-06,0.072468813307882,0,99.723730585915,-3.9451804058474e-06,0.03475880164025,0.073570966985388,0.036110949986609,0.0003952117484965
3.75,-7.6962241924639e-06,-1.044412790623e-06,-8.7406369830869e-06,0.077877298987824,0,100.10647142502,-3.2729968018883e-06,0.037468724159725,0.078937698947269,0.038786650491082,0.00042411198478579
4,-2.2460435419813e-06,-6.1156063692704e-06,-8.3616499112518e-06,0.0832957222001,0,100.18154981909,-3.4665154917955e-06,0.040182091372186,0.084302857092364,0.041457040960237,0.00045268653587573
4.25,-1.9510947150252e-06,-3.1243624373091e-06,-5.0754571523344e-06,0.088695825699935,0,99.874727161775,-3.6544242927421e-06,0.042899409358385,0.089656612496357,0.044113176423104,0.00048088665932928
4.5,-6.198180751269e-06,3.5815984152163e-06,-2.6165823360527e-06,0.094095819585014,0,99.795339437203,-2.9029657731424e-06,0.045617823880778,0.095016988477413,0.046776469514803,0.00050937170096748
4.75,-9.293980188696e-06,5.7540919255292e-06,-3.5398882631668e-06,0.099511770874832,0,100.03030448125,-1.3427348890664e-06,0.048333936926894,0.10038820184996,0.049459029823433,0.00053829904617501
5,-5.3496719227836e-06,2.7997671310427e-06,-2.5499047917408e-06,0.10493077538429,0,100.11675649428,3.585230384767e-06,0.051038625910934,0.1057586600491,0.052158063868923,0.00056696681260805
5.25,7.083735847569e-06,5.318795237042e-06,1.2402531084611e-05,0.11034469027386,0,99.943286449695,2.1458860383778e-05,0.05373273945148,0.11112858217682,0.054859350753066,0.00059539957036636
5.5,2.8432407113687e-05,3.1780742290702e-05,6.0213149404389e-05,0.11576480366027,0,99.83860124481,7.3418391196729e-05,0.056449140240653,0.11650669557184,0.057518768459352,0.00062358310240488
5.75,5.5499611796061e-05,0.00010484977204335,0.00016034938383941,0.12119444280153,4.258022586658e-07,99.951731488772,0.00017827699611746,0.059231391662463,0.12189080664698,0.060115469107292,0.00065229380385721
6,7.5828108787533e-05,0.00024463396563902,0.00032046207442655,0.12662476301469,1.697847059495e-05,100.07047180362,0.00032386625897001,0.062009956764997,0.12727358973282,0.062804614423717,0.0006816857195488
6.25,8.0318661944173e-05,0.00044446060007552,0.0005247792620197,0.13205280064422,0.00016169518081781,100.02320457759,0.00046804967654799,0.064598537235492,0.13265646304358,0.065748764528967,0.00071091073493292
6.5,8.0595199091145e-05,0.00066368739568967,0.00074428259478081,0.13748451767216,0.00047831063652499,99.916899245236,0.00058951566330924,0.067020100887015,0.13804482213656,0.068720785647263,0.00073911959096598
6.75,8.8995721980152e-05,0.00085492590422068,0.00094392162620083,0.14292291766675,0.00075982516670704,99.915059672564,0.00070558935248894,0.069559184135082,0.14343881997607,0.07147201618588,0.00076696837885729
7,9.4033073168871e-05,0.00098676701635115,0.00108080008952,0.14836513839589,0.00093940866279856,99.996892023758,0.00082316167322536,0.072186290310264,0.14883497215847,0.074319017754467,0.00079574410865989
7.25,8.8425135797412e-05,0.0010596173163985,0.0011480424521959,0.15380778368206,0.0011378126054513,100.02738276746,0.00093172658263903,0.07461046074062,0.15423165958579,0.077416622819542,0.00082450851907698
7.5,8.3476232761647e-05,0.0011128551784808,0.0011963314112424,0.15925110922627,0.0015249809031306,99.967948117779,0.0010354818716544,0.0769690497218,0.15963103741087,0.080387823363361,0.00085310199926755
7.75,8.377429925474e-05,0.0011986308237729,0.0012824051230276,0.16469934568504,0.0021700040967935,99.919399661966,0.0011428510217476,0.079423000197632,0.16503616755602,0.083318686706138,0.00088173503245219
8,8.5813922170744e-05,0.0013369625288112,0.0014227764509819,0.17015438540223,0.0029615537189405,99.953766799637,0.0012535528056313,0.081773214442557,0.17044623283471,0.086410103875345,0.00091031178210405
8.25,8.7513258792853e-05,0.0014988510112305,0.0015863642700233,0.17561184814296,0.003701378053269,100.00336587259,0.0013646519581076,0.084060061597458,0.17585704074695,0.089456370583589,0.00093903971343389
8.5,9.0304779415931e-05,0.0016364708441395,0.0017267756235555,0.18106677109996,0.0043542931442555,99.980842412365,0.001475191355306,0.086371335881705,0.18126686518417,0.092532941404299,0.00096766950852551
8.75,9.7523924818418e-05,0.0017276320814481,0.0018251560062665,0.18651896198807,0.0050415827370978,99.911016830332,0.0015873082919647,0.088610008800047,0.18667745495871,0.095688605107106,0.00099614301767529
9,0.00010892440442301,0.001794576460908,0.001903500865331,0.19196697948262,0.0058577472675895,99.843613743685,0.00170045669255,0.090819235810332,0.19208776165594,0.098814358104405,0.0010246850068942
9.25,0.00012191449322995,0.0018760282996364,0.0019979427928664,0.19739946695999,0.006786498620404,99.708409208373,0.001813121974475,0.093007032613321,0.19749082046446,0.10196272593079,0.0010534389118336
9.5,0.00013212085424869,0.0019820124760129,0.0021141333302616,0.20279517249604,0.0077636440900961,99.349774702743,0.0019252898939725,0.095151871182924,0.20287879784356,0.10510128034912,0.0010825750010646
9.75,0.00013580009363542,0.002088102689481,0.0022239027831164,0.20812592415729,0.0087711319718448,98.641288039429,0.0020357059786607,0.097289719983388,0.20824863082064,0.10820478457697,0.0011124510705942
10,0.00013356000141904,0.0021703403786879,0.0023039003801069,0.21335074396951,0.0098402498431018,97.491360584444,0.002142621199238,0.099446798942851,0.21360320599802,0.11122529582218,0.0011439259234703
10.25,0.00012752411662501,0.002230552725873,0.002358076842498,0.2184021814708,0.010991583135758,95.831398843586,0.0022457149690738,0.10173397863471,0.2189532379278,0.11399692531151,0.0011786090664101
10.5,0.00011804191683625,0.0022825994938903,0.0024006414107265,0.22317706243967,0.012227679679874,93.756201720839,0.0023458501869694,0.10437771315515,0.22432248683311,0.11624498539222,0.0012189324669607
10.75,0.00010677786930312,0.0023234044423027,0.0024301823116059,0.2275538839444,0.013565472509374,91.717885016548,0.0024455387960844,0.10775184108399,0.22974707150254,0.11754750736703,0.0012680061136614
11,9.9400089273312e-05,0.0023362054578607,0.002435605547134,0.23147623606266,0.015044530996545,90.527642345733,0.0025505820019147,0.11229306334226,0.23525825320439,0.11753115712875,0.0013289396033139
11.25,0.00010276276686689,0.0023190713754961,0.002421834142363,0.23510878562335,0.016690338343689,91.069293197855,0.0026675560227417,0.11819477687707,0.24085172321737,0.11623227407738,0.0014034907368643
11.375,8.2246435242269e-05,0.0022511335161374,0.0023333799513797,0.23691731295866,0.017576781283183,92.442456418608,0.0027319714959813,0.12344354156463,0.24366695426278,0.11528829920308,0.0014458688102057
11.625,0.00013955573618791,0.0022633499616355,0.0024029056978234,0.24108678715525,0.019485664685812,95.963812361261,0.0028722317072184,0.12860244976918,0.24924265082028,0.11343913783555,0.0015380639177495
11.875,0.00018234683957356,0.0021838014132043,0.0023661482527778,0.24625147326634,0.021661243098126,100.81032747113,0.00302430339166,0.13523680602981,0.25463545990999,0.11204663355343,0.0016355583590444
12.125,0.0002194983598758,0.0019296513024142,0.00214914966229,0.25229785319307,0.023915392936291,104.76049870024,0.0031739972485287,0.1412326584988,0.25974078397113,0.11086113873508,0.0017320193508571
12.375,0.00022196685235502,0.0016707396233476,0.0018927064757027,0.25853289412767,0.026076355037286,105.92672819752,0.0032948032528961,0.14716558167687,0.26457177340862,0.10905754041889,0.0018228647178704
12.625,0.00017493179856531,0.00182332817106,0.0019982599696253,0.26428670422823,0.028235731583164,103.79104779359,0.0033667790150758,0.15367619763035,0.26929506277294,0.10645907300422,0.001907255449203
12.875,9.7964491541932e-05,0.0020055164570313,0.0021034809485732,0.26940003070173,0.030487737616145,99.845708290442,0.0034029623888569,0.16061068919135,0.27415866575551,0.1038416571063,0.0019880080857772
13.125,3.6207110543287e-05,0.0018780200786414,0.0019142271891847,0.27412486015675,0.03286233064767,96.805087730425,0.0034481856842819,0.16745701839366,0.27933228472023,0.10176439489588,0.0020692159169729
13.375,2.9749680715401e-05,0.0016488559338842,0.0016786056145996,0.27881353849774,0.035302669550751,96.682455781304,0.0035451437308262,0.17414758381608,0.28476854560065,0.099967075081304,0.0021531400013166
13.625,8.5666766218126e-05,0.0015360707024998,0.0016217374687179,0.28373999518556,0.037771472374062,99.187766235861,0.0037025278906587,0.18092426216063,0.29021300350255,0.098001780011902,0.0022387972127396
13.875,0.00016477460778811,0.0015735129878219,0.00173828759561,0.28893712069572,0.040286380404831,101.95155232228,0.003885535103441,0.18777926931881,0.29538889708364,0.095775643074597,0.0023233420760491
14.125,0.00020448729007333,0.0016041745988207,0.001808661888894,0.2941654692917,0.042865183876642,102.59478067607,0.0040360015927994,0.19453712898595,0.30022242141652,0.093334315311391,0.0024048193123918
14.375,0.00017635035284494,0.0014301775719134,0.0016065279247584,0.29920144787614,0.045491992786765,100.84286972582,0.0041229662652905,0.20120202437834,0.30490799117419,0.090774586961073,0.0024837031926837
14.625,0.00011718267755679,0.0011526685862679,0.0012698512638247,0.30410043029416,0.048133671086158,98.642191573135,0.0041776559336222,0.20785027474121,0.30973690223596,0.08836699883277,0.0025620501940216
14.875,9.2058346837872e-05,0.0010288212823442,0.001120879629182,0.30909159973884,0.050768755313978,98.124605251559,0.0042639060768269,0.21444170029883,0.31483647219095,0.086329701571782,0.0026414953170373
15.125,0.00012684568309295,0.0010546967376974,0.0011815424207903,0.3142876372791,0.05336230487249,99.492260127167,0.0044115798431446,0.22092761712721,0.32006777563536,0.084526198652382,0.0027221774469414
15.375,0.00017942960305938,0.0010430123697061,0.0012224419727655,0.31955928542363,0.055886665654375,101.01541468218,0.0045851524693057,0.2273468631545,0.32518227612786,0.082653223266855,0.0028033247708629
15.625,0.00018262176333736,0.0009013276029714,0.0010839493663088,0.32469559037792,0.058301179098105,101.04917856739,0.0047224037028381,0.23372587304185,0.33007506496021,0.080621885868229,0.0028844175277882
15.875,0.00011891746672862,0.00071855335366744,0.00083747082039606,0.32965035501389,0.060562782585055,99.763706362567,0.0048069817495887,0.24006413105098,0.33487386755432,0.078550438190539,0.0029655553111852
16.125,4.3054140982606e-05,0.00063031721727278,0.00067337135825539,0.33458509542178,0.062661270668125,98.705472117013,0.0048947063010292,0.2464189611838,0.33978471550688,0.076565753911332,0.0030469112578186
16.375,2.1114307073278e-05,0.00060472173472097,0.00062583604179424,0.33967142292823,0.064615987794708,98.886460453923,0.0050568097444542,0.25285029335144,0.34487920855798,0.074714155865267,0.0031282526511121
16.625,5.5440460922348e-05,0.00053457271384585,0.0005900131747682,0.34489963363249,0.066455683878101,99.740854805987,0.0053015984378718,0.25934148202893,0.35005605448875,0.07294579194398,0.0032091935838763
16.875,8.6357082376064e-05,0.00042621199492185,0.00051256907729792,0.35013102085485,0.068226896653137,100.05215651961,0.0055667591629543,0.26581690447439,0.3551939486369,0.071222190631453,0.0032897421195496
17.125,6.8146207692547e-05,0.00035055597398559,0.00041870218167813,0.35530340458692,0.069994519088527,99.49357158427,0.005791386883432,0.27220894180674,0.36029740893246,0.069564987889324,0.0033703314386462
17.375,2.1947672203082e-05,0.00032812583329778,0.00035007350550086,0.3605058715615,0.071831028791515,98.853323485318,0.0059786054281006,0.27859211893575,0.36547288521704,0.067888604956753,0.0034512883745847
17.625,2.2020376670468e-07,0.00032862882161115,0.00032884902537786,0.36585123202956,0.073806957538865,98.879153626483,0.0061744028025573,0.28519556412938,0.37079247998681,0.066002955917414,0.0035324680803796
17.875,1.6259563579169e-05,0.00032680959918897,0.00034306916276814,0.3713352637389,0.075944680322367,99.383461422204,0.00640005670624,0.29214877843677,0.37622369090055,0.063877187510173,0.0036135308097719
18.125,3.3829074456241e-05,0.00031716424736126,0.0003509933218175,0.37686266223742,0.078195920296492,99.661165921311,0.0066307922261917,0.29928197703376,0.38169370099683,0.061748796322736,0.0036944738333778
18.375,2.213607624893e-05,0.00030297356723961,0.00032510964348854,0.38238460701589,0.08043443329015,99.448549913146,0.006839957327015,0.30630179281805,0.38718406510519,0.059852887759448,0.0037757395965953
18.625,-6.9688714386897e-06,0.00030225956807596,0.00029529069663728,0.38795060989119,0.082505433939287,99.119311229322,0.0070364735440186,0.31315831241888,0.3927378465228,0.058119362533852,0.0038578049497059
18.875,-2.5923324777984e-05,0.00033855653406199,0.000312633209284,0.39362348753294,0.084306004285062,99.044956568428,0.0072434702687844,0.32006474229179,0.39839434738706,0.056369954615298,0.0039407650052512
19.125,-3.2064747655958e-05,0.00040131073566789,0.00036924598801193,0.3993979314412,0.085834130076458,99.12116476505,0.0074596206114221,0.32710132123784,0.4041518729284,0.054705108607911,0.0040243305061986
19.375,-4.2639100448501e-05,0.00044110793718744,0.00039846883673893,0.40523123846622,0.087171683466548,99.008390538481,0.007664213156193,0.33408120200887,0.40999940857566,0.053347266438864,0.0041081422463244
19.625,-6.4572476969829e-05,0.0004352404077605,0.00037066793079068,0.41112162555946,0.088434277662421,98.576487707787,0.0078498998389158,0.34090902202939,0.41596187431325,0.052247230539942,0.0041920654003785
19.875,-9.3021191486428e-05,0.00042835992961262,0.00033533873812619,0.41711933178942,0.089716868529484,97.919678738118,0.0080267910835791,0.34774109417835,0.42210300815366,0.051236154490188,0.0042763037282235
20.125,-0.00013625248069591,0.00047349971051197,0.00033724722981607,0.42327539866275,0.091090017325597,97.059454301311,0.0081965928677154,0.35468912859367,0.42850212636037,0.050373476560944,0.0043613890023511
20.375,-0.00021970866235677,0.00056992126721442,0.00035021260485765,0.42961904403659,0.09254266428962,95.844941449541,0.0083440263756687,0.36171605412098,0.4352520159698,0.049786446333842,0.0044481329204929
20.625,-0.00035853523792219,0.00068002215389077,0.00032148691596857,0.43619473376772,0.094020599025785,94.154613108307,0.008459432421841,0.36890444016851,0.44248321344219,0.049404862112045,0.0045376002693267
20.875,-0.00053995114127057,0.00078401142665026,0.00024406028537969,0.44310120189971,0.095438484626931,92.075302454195,0.0085553646853318,0.37649469296059,0.45037900388981,0.049175651685106,0.0046311543885017
21.125,-0.00073828378693582,0.00088611561914879,0.00014783183221297,0.45048843047342,0.096748175927696,89.877822849797,0.0086544172878954,0.38465256791055,0.45915918194825,0.049238246801038,0.0047305378767328
21.375,-0.00093082297833248,0.00099258317950334,6.1760201170861e-05,0.45854127867576,0.097974274227826,87.939526615817,0.0087755779699529,0.3934796031422,0.46904441252755,0.049691559344265,0.0048377977736901
21.625,-0.001088158317471,0.0010916317200204,3.4734025493271e-06,0.46749249391828,0.09920592793406,86.742132171412,0.0089440029108571,0.40314156377462,0.48021639371592,0.050526464392058,0.0049548703024579
21.875,-0.0011644479672967,0.0011798775823154,1.5429615018708e-05,0.47764887220442,0.10054953488223,86.839239685859,0.009201126527466,0.41370308710922,0.49277143630863,0.051905158684059,0.0050828952050185
22.125,-0.0011168063055266,0.0012742314026141,0.00015742509708744,0.48936329319465,0.10202369358187,88.670394584283,0.0095865572669526,0.42490068584279,0.50666596654533,0.054215103682911,0.0052215891470185
22.375,-0.00093856397321956,0.0013896933037633,0.00045112933054376,0.50290406947746,0.10354132166071,92.292096951466,0.010106282055979,0.43622647346035,0.52167437417845,0.057782627094526,0.0053690067685335
22.625,-0.00067475323350568,0.0015288894897276,0.00085413625622192,0.51825299909931,0.10503442104693,97.193904865981,0.010718344202249,0.44722078920801,0.5373908178598,0.062547530093088,0.0055218112759983
22.875,-0.00041442550769289,0.0016812002803756,0.0012667747726827,0.53494750434796,0.10655106825124,102.30437855471,0.011340324615985,0.45776051116707,0.55329196002778,0.067874413880669,0.0056759932781575
23.125,-0.00027242315853724,0.0018124804925259,0.0015400573339886,0.55210698419617,0.10816382384084,106.23065445338,0.011864228070156,0.46816782181292,0.56885235212491,0.072715831375936,0.0058278769847074
23.375,-0.00035891094479518,0.001912956356099,0.0015540454113039,0.56870367825717,0.10990055096744,107.73358739281,0.012181027773737,0.47893904954088,0.58368342234957,0.076229465697991,0.0059751357821871
23.625,-0.00072867730802718,0.0020227833278378,0.0012941060198106,0.58396492153172,0.11176888457396,106.30277228814,0.012229035236729,0.49027951832433,0.59765130579816,0.078307825100656,0.0061174199415027
23.875,-0.001332012640704,0.0021503073146467,0.00081829467394264,0.59766867069023,0.11377718123564,102.52598185541,0.012048772992768,0.50197173638659,0.61092196605209,0.079485784937325,0.0062562548409974
24.125,-0.0020107543942617,0.0022866786956622,0.00027592430140052,0.61017824484384,0.11586746769922,97.966062682067,0.01179432824716,0.51367666611354,0.62389901073895,0.080455983804685,0.0063941786170248
24.375,-0.00255783017607,0.0024382000174071,-0.0001196301586629,0.62226128278507,0.11799046059045,94.519183132497,0.011674019053579,0.52528398660132,0.63706505593937,0.081660934082997,0.0065334885037552
24.625,-0.00281420085968,0.0025824643309665,-0.00023173652871344,0.63480228576404,0.1201306290169,93.540262809671,0.011848690956224,0.53696095232379,0.65078957560171,0.083237802227345,0.0066752010028359
24.875,-0.0027538213754744,0.0026812717215318,-7.2549653942629e-05,0.64845908071621,0.12231399284141,95.181648673029,0.012345667924532,0.54887727745928,0.6651906003606,0.085229369517716,0.0068187597110463
25.125,-0.0025101009657692,0.002746933465342,0.0002368324995728,0.66335781714258,0.12457450960344,98.326337107784,0.013035336889316,0.56098499090513,0.68011547793886,0.087624866148965,0.0069626541068434
25.375,-0.0023172319962139,0.0028370632277117,0.00051983123149777,0.67903538767899,0.12694239259369,101.21247762576,0.013689175978963,0.57314237921314,0.69524670699908,0.09020394902193,0.00710558971151
25.625,-0.0023822799896753,0.0030029799877258,0.00062069999805046,0.69474024514634,0.12942946165608,102.43436172238,0.014102566417992,0.58532621089754,0.71027410447026,0.092590247268092,0.007247471206753
25.875,-0.0027606227608591,0.0032533305833524,0.00049270782249324,0.70990169062636,0.13204629000643,101.71519188473,0.01421863726278,0.59761978376722,0.72504089104705,0.09452397323699,0.0073895411956542
26.125,-0.00332359936486,0.0035520057967305,0.00022840643187047,0.7244327822765,0.13485966202569,99.948949395174,0.014166410134051,0.61008538589935,0.73958989820926,0.096015955976057,0.0075335904002168
26.375,-0.0038481334160221,0.0038446051966011,-3.5282194210018e-06,0.738691834592,0.13787897803405,98.498978851296,0.014175468552386,0.6227247457192,0.7540971776455,0.097254691482074,0.0076808246188653
26.625,-0.004170416127976,0.0040746787341918,-9.5737393784259e-05,0.75317639213108,0.14117280458316,98.264622001927,0.014421457780936,0.63553295141816,0.76874579010077,0.09840229257479,0.0078312076433778
26.875,-0.0042989164090423,0.0042642186370638,-3.4697771978542e-05,0.76817510475787,0.14472780518489,99.170894388689,0.014910671897123,0.64853380322936,0.78362090395461,0.099508872335369,0.0079837130068786
27.125,-0.0044048131161064,0.0044738785075903,6.9065391483832e-05,0.78361529306042,0.14855679876079,100.390668659,0.015486641892732,0.66175447146812,0.7986829205588,0.10052220775221,0.0081464286452875
27.375,-0.0046923129308626,0.004731638688959,3.9325758096362e-05,0.79919101679247,0.15272660335835,101.05333938077,0.015954857648645,0.67516354625178,0.81381902801709,0.10141000276141,0.0083098533038764
27.625,-0.0052467149359967,0.0050472984228073,-0.00019941651318939,0.81462831620908,0.15709423636416,100.86185597971,0.016230186956179,0.68863884169227,0.82892595549513,0.10223524933937,0.0084726521998487
27.875,-0.0059824658412013,0.0054592511464193,-0.00052321469478203,0.82985992875812,0.16150213816996,100.17697604727,0.016389308998481,0.70205365321434,0.84396761854132,0.10306738138905,0.008635587154515
28.125,-0.0067310417872675,0.0059938959349974,-0.00073714585227005,0.84500699687293,0.16585795250848,99.596849526366,0.016588452875401,0.71541570011082,0.85897976239318,0.10387530097343,0.0087990002723976
28.375,-0.0073850832453157,0.0066187795125527,-0.00076630373276296,0.86023602931242,0.17011833049152,99.453669093505,0.016923591324092,0.72888734995054,0.87403283811022,0.10454244637673,0.0089624288239062
28.625,-0.0079670571292668,0.007254472225237,-0.00071258490402981,0.87562684417164,0.17419509315474,99.642370627755,0.017358254435414,0.74263979728073,0.88918591921584,0.10501847675161,0.0091266948292132
28.875,-0.0085680728372252,0.007818515036176,-0.00074955780104917,0.89114299960892,0.17812392147473,99.840106265798,0.017776066486038,0.75668166975977,0.90445985033638,0.10541445036287,0.0092940191307264
29.125,-0.0092286574914807,0.0082765457080736,-0.00095211178340715,0.90669777972324,0.18211059170012,99.832460045693,0.018097498953612,0.7708399365575,0.91983874277455,0.10591631777896,0.0094783453549529
29.375,-0.009882193843636,0.0086385035616346,-0.0012436902820014,0.92223403470148,0.18632606693223,99.639890748872,0.018347051900383,0.78494003254065,0.93529179360066,0.1065651938056,0.00966598353413
29.625,-0.010410673700602,0.0089301967693332,-0.001480476931269,0.93774922417025,0.19091491342524,99.395251210538,0.018613986573621,0.79900084717856,0.9507997728695,0.10716786280195,0.0098558252491414
29.875,-0.010749149441585,0.0091534592070496,-0.0015956902345352,0.95326891445707,0.195915111044,99.160024625465,0.018955538174664,0.81318771663752,0.96637133691155,0.10755280250856,0.010046795299718
30.125,-0.010934226155535,0.0093341991924451,-0.0016000269630897,0.9688110794492,0.20126755095552,98.865094555221,0.01934191999728,0.82755805565984,0.98204121410838,0.10781168777183,0.010238012415589
30.375,-0.011058662189402,0.0096709069709871,-0.0013877552184147,0.98436823324645,0.20693426743589,98.388786020651,0.01969112102753,0.84195571911033,0.99785352248742,0.10821663227487,0.010428924114139
30.625,-0.011190508598581,0.010365347105594,-0.00082516149298757,0.99991015900197,0.21286327500124,97.658670678742,0.019947740703048,0.85621420689777,1.0138438015161,0.10890877325017,0.010619367515523
30.875,-0.011340138468271,0.011400948456736,6.0809988464628e-05,1.0153970938479,0.21897408522202,96.688595809265,0.020123815700266,0.87041408212575,1.0300343698382,0.10969806480153,0.010809576705354
31.125,-0.011497544792278,0.01293138953748,0.001433844745202,1.0307927257222,0.22518486145798,95.555316120796,0.020270039047851,0.88478279657633,1.0464463266918,0.11044298360949,0.011000180626387
31.375,-0.011687724267087,0.0141887421407,0.0025010178736131,1.0460759715197,0.23152578485394,94.361929360338,0.02041940803436,0.89944961738433,1.063116616552,0.11113433862749,0.011192194539937
31.625,-0.011977396620398,0.014464369056429,0.0024869724360315,1.0612542450524,0.23797395303405,93.216020160637,0.020566447767138,0.91448974364381,1.0801038838847,0.11173962499596,0.011386969266554
31.875,-0.012419234961984,0.014601024466759,0.0021817895047747,1.0763784832441,0.24448649235226,92.228520369074,0.020701491010423,0.93004310009168,1.0974768867804,0.11212837447579,0.011586073093859
32.125,-0.012983703194311,0.015233966367556,0.0022502631732453,1.0915610068134,0.25102024732169,91.535961113464,0.020861500278674,0.94627657969878,1.1152937927324,0.11218256385352,0.011791110125913
32.375,-0.013541158161382,0.015323273648866,0.0017821154874842,1.1069947065905,0.25763105606668,91.332729612592,0.021143340924094,0.96328809261434,1.1335854700062,0.11189479162091,0.012003475651745
32.625,-0.013911264170183,0.014513609082791,0.00060234491260768,1.1229618134472,0.26437121696344,91.865348222118,0.021662734398045,0.98103501536043,1.1523478303743,0.11137680981436,0.012224030332427
32.875,-0.013945012431095,0.013979959734614,3.4947303518943e-05,1.1398072811881,0.27124317142947,93.338475949912,0.022490390667219,0.99923679654026,1.1715382412151,0.11096449165414,0.01245271142259
33.125,-0.013594190790407,0.014342036067164,0.00074784527675698,1.1578500969138,0.27803804104254,95.749291903561,0.023608112192851,1.017533615001,1.1910711862911,0.11086827312272,0.012688213307966
33.375,-0.012945065588848,0.015330470308422,0.0023854047195739,1.1772408333742,0.28469604412879,98.755692469659,0.024901594496367,1.0357436593827,1.2108183361108,0.11107649511284,0.012927971391991
33.625,-0.012209768629121,0.01631006536358,0.0041002967344583,1.1978354838548,0.29128251701866,101.69902917828,0.026183064272435,1.0538692967729,1.2306252333689,0.11134508003943,0.013168636685212
33.875,-0.011671382593359,0.016310183895098,0.004638801301739,1.219180927567,0.29780633978267,103.80984352983,0.027236900787129,1.0720703713669,1.2503498201901,0.11126505020008,0.0134069935834
34.125,-0.011587882816553,0.015141547752494,0.0035536649359415,1.2406498746827,0.30435091589602,104.49985591671,0.027885189153439,1.0905921461011,1.2699103811562,0.11055113813379,0.013640980186376
34.375,-0.012085220926952,0.013679914490676,0.0015946935637243,1.2616595274125,0.31117373961007,103.59240396416,0.028057970761471,1.1095503472619,1.2893176812274,0.1092367610659,0.01387033581245
34.625,-0.013091076292665,0.012631298267431,-0.00045977802523368,1.2818537223465,0.31841815413273,101.39556111476,0.027836199562253,1.1288204766466,1.3086707992727,0.10765712308469,0.014096550226714
34.875,-0.014350523040646,0.012284562088774,-0.0020659609518714,1.3011748830696,0.32589629276384,98.611963756288,0.027438302280332,1.1481765130848,1.3281158609258,0.10615712257569,0.014322144629119
35.125,-0.015520842572545,0.012252998466058,-0.0032678441064868,1.3198406424432,0.33318125025376,96.132232011699,0.027148933289788,1.1675060559023,1.3477865931149,0.10491900262945,0.014549647161491
35.375,-0.016299900849866,0.012270965829927,-0.0040289350199388,1.3382712648346,0.33992416271674,94.765283450097,0.027219013237219,1.1868591905377,1.3677522853733,0.10395628264606,0.014780735836463
35.625,-0.016535863560228,0.012749265249484,-0.0037865983107441,1.3569743002435,0.34607038633816,94.960994780248,0.027775189781422,1.2063348348578,1.3879918932445,0.10319215774566,0.015015880133147
35.75,-0.016635111369875,0.015405058330482,-0.0012300530393931,1.366535188459,0.34899759196712,95.826030576338,0.028237215785768,1.2213552755176,1.3981911449731,0.102871888903,0.015134877611026
36,-0.016034226878812,0.014359723218694,-0.0016745036601181,1.3863687511183,0.35460283550982,97.828143473219,0.029378743128377,1.2357600643265,1.418631141626,0.10240177600394,0.015374947511464
36.25,-0.015571721849292,0.014999588115557,-0.00057213373373472,1.4069557993134,0.36002464789061,100.23470485329,0.030574226763843,1.2552497089605,1.4390148687513,0.10207826988004,0.01561718723283
36.5,-0.015409432706174,0.014993887448175,-0.0004155452579988,1.4279240953457,0.36520036128389,101.87304630815,0.031517060188313,1.2746261471475,1.4592407065018,0.10179874990293,0.015861408623693
36.75,-0.015751296714135,0.015195576388527,-0.00055572032560717,1.4487950643534,0.37002662569612,102.13352682512,0.032026406230461,1.2939950919646,1.4792933716885,0.1013417820134,0.016108348693964
37,-0.016545966598354,0.015878536351353,-0.00066743024700086,1.4692551828444,0.37452972917245,101.1355608068,0.032154170273265,1.3135608735953,1.4992484673065,0.10059593943415,0.016359488706435
37.25,-0.017513759329759,0.016981675922247,-0.00053208340751232,1.4892991664245,0.37868184571775,99.6523008901,0.03216292758353,1.3334593030796,1.5192277935759,0.099593632056391,0.016616412318901
37.5,-0.018309618136107,0.018258625081327,-5.0993054779829e-05,1.5091794295164,0.38257614757636,98.64030528865,0.03237455890696,1.3537191362448,1.5393304866453,0.098427557339786,0.016880009083544
37.75,-0.018722600724484,0.019192964208053,0.00047036348356894,1.5292263656287,0.38630146222035,98.669462001543,0.032981586996369,1.3742828064326,1.5595792902819,0.097211288725865,0.017149927699964
37.875,-0.019033771507083,0.0219734285282,0.0029396570211174,1.5393727849135,0.38815869360299,99.188971899559,0.033439727449905,1.3902059817694,1.5697468037878,0.096585807629659,0.017286900682508
38.125,-0.018748087379844,0.018716606756127,-3.1480623717009e-05,1.5600126984626,0.39185119748303,100.27318600457,0.034496929121092,1.4055400540795,1.5900840615232,0.095239176238067,0.017563056426175
38.375,-0.018778560320674,0.017084885626992,-0.0016936746936818,1.5809310314573,0.39565403052194,101.24536350704,0.035511166100889,1.4265320912495,1.6103521183501,0.093644101779878,0.01784032667129
38.625,-0.019099666417062,0.014687272290745,-0.0044123941263172,1.6018863553664,0.39981899836945,101.40354018589,0.03625445816982,1.4476535497718,1.630508690727,0.091770109668664,0.018116641009659
38.875,-0.019737471849425,0.012531218183647,-0.0072062536657782,1.6226799364114,0.4044547199801,100.69790557138,0.03668553032574,1.468890022156,1.6505930292543,0.089565214512871,0.018390473555111
39.125,-0.020498073813775,0.011877674579364,-0.0086203992344116,1.6432659198395,0.40945072187598,99.621886785119,0.036960700930549,1.4903921195621,1.6707062956641,0.086960332929556,0.01866073311289
39.25,-0.021093331054669,0.015163070276134,-0.0059302607785347,1.6535135117521,0.41204212756998,98.989371326986,0.037107553663857,1.5071243585377,1.680805709204,0.085512057938139,0.018794265070106
39.5,-0.021276437139521,0.014758055487341,-0.0065183816521793,1.6739963786862,0.41717471424888,98.704539456701,0.037565110980856,1.5234310261686,1.7011516353624,0.082528574906586,0.019057338958798
39.75,-0.021344980682777,0.018531983118635,-0.0028129975641425,1.6945721905718,0.42220885225119,98.910952526787,0.038237087104683,1.5457978633562,1.7216963121168,0.07961185149001,0.019314445153141
