time,EW,EW_br,FE,FE_br,Fy,J,KE,KE_br,PEW,SE,SE_br,max_disp_y
0,0,0,0,0,0,0,0,0,0,0,0,0
0.25,0.0015044795920792,-7.0886901483348e-40,0,0,41.384061967257,3.4444432266892e-17,0.00047522149873413,1.9465479885184e-41,0.0036175397542618,0.00099036538151789,4.2008989328547e-41,1.8518122966465e-05
0.5,0.0078988739651409,-1.2300707020864e-35,0,0,101.08037162524,2.1565150523962e-16,0.002546389524585,3.4988238923532e-37,0.0099119640865633,0.0046905754780468,7.2890171601615e-37,5.1632407150396e-05
0.75,0.013632291588637,-4.7164219579091e-32,0,0,110.02021462146,6.9971781490787e-16,0.0051968638682501,1.4389597109366e-33,0.015095870485852,0.0070808234714266,2.9932140708742e-33,8.0300601247329e-05
1,0.018240965476875,-7.2023697448757e-29,0,0,93.849932634035,1.2165576970918e-15,0.0078553074807172,2.3665930939748e-30,0.019980522681969,0.0093011041131802,4.9144400430159e-30,0.00010722169415958
1.25,0.023890335278186,-5.5163981925641e-26,0,0,98.619749992425,1.8924740920713e-15,0.0105326177047,1.9615573948122e-27,0.025679786039739,0.012290361739211,4.0650936608514e-27,0.00013737179097701
1.5,0.029582819845491,-2.397435726198e-23,0,0,104.45657555074,1.710155537496e-15,0.013199371962852,9.2753116132625e-25,0.031101585538862,0.014999712921521,1.9175134115613e-24,0.00016621846090229
1.75,0.034605288693141,-6.3760484870841e-21,0,0,98.290226596393,1.7325771826552e-15,0.015880926575697,2.7001884567457e-22,0.036184742899241,0.017395317779742,5.5657296761147e-22,0.00019380031112493
2,0.039968642211206,-1.0906201319398e-18,0,0,97.997396419031,2.1341520488203e-15,0.018563509931014,5.0902180363134e-20,0.041629455466661,0.02012788889518,1.0454536006837e-19,0.00022296976794037
2.25,0.045591447045123,-1.2414609497151e-16,0,0,102.13163177116,2.5069180474142e-15,0.021249390394928,6.435303748456e-18,0.047106809273373,0.022909059960028,1.3159189324356e-17,0.00025209190179126
2.5,0.05085511860759,-9.6312542295464e-15,0,0,100.11515375538,2.4444302534206e-15,0.023942191274448,5.5938309868131e-16,0.052337281174074,0.025435749214913,1.1376863991316e-15,0.00028015916032423
2.75,0.056145725496518,-5.1777275070849e-13,0,0,98.442385879779,2.4900881714771e-15,0.026636424145104,3.4035064357319e-14,0.057683896721334,0.02807601233537,6.8760898199417e-14,0.00030877627770016
3,0.061668809299471,-1.9507527050114e-11,0,0,100.68662342059,1.8510947043969e-15,0.029336072738253,1.468197515127e-12,0.063141325864816,0.030830797382209,2.9417893829919e-12,0.00033779805605331
3.25,0.067056672389911,-5.1878533899873e-10,0,0,100.6248036546,3.6354584926667e-14,0.032039134537931,4.5310965354505e-11,0.068468273199402,0.033448237910857,8.9865230803067e-11,0.00036626437023887
3.5,0.072365209022992,-9.7764969414863e-09,0,0,99.126617706488,1.2557817259437e-12,0.034745631669987,1.0066020279128e-09,0.073796033362241,0.036067238179838,1.9714586393513e-09,0.00039474867092906
3.75,0.077815105848928,-1.3070303130482e-07,0,0,99.967695121895,3.2921466665843e-11,0.037456357631595,1.6161137429269e-08,0.079219855790756,0.038779783069814,3.1174051006021e-08,0.00042356637842315
4,0.083251665853924,-1.238063359105e-06,0,0,100.55290833012,6.45607223016e-10,0.040170239774042,1.8794816078368e-07,0.084598922921778,0.041444627280978,3.5614518922341e-07,0.00045219121515819
4.25,0.088604150818397,-8.2795234174953e-06,0,0,99.657209281482,9.4667073330696e-09,0.042887958915843,1.5847522596103e-06,0.08994228717519,0.044072280766666,2.9454563874755e-06,0.00048070920822251
4.5,0.094017732049949,-3.8858046247699e-05,0,0,99.728450721909,1.0369334907253e-07,0.045609196868056,9.6849835925753e-06,0.095342867583557,0.046754028461683,1.7689988183322e-05,0.00050941424937076
4.75,0.099464543771682,-0.00012688024524177,0,0,100.31613170169,8.4633260893846e-07,0.048333857681506,4.2816984293667e-05,0.10074483752263,0.049435174224837,7.7684066891654e-05,0.0005380784289853
5,0.10485767144758,-0.0002848074897428,0,0,99.951625066262,5.1274155366018e-06,0.05106156440615,0.00013629916536306,0.10611301205347,0.052080907456769,0.00025319162479806,0.00056663269307064
5.25,0.1102632296824,-0.00043239209930069,0,0,99.733759608352,2.294928965248e-05,0.053789628213965,0.00030926160788968,0.11150533154326,0.054753375573581,0.0006300454364951,0.00059527976512249
5.5,0.11570700387451,-0.00043299198644593,0,0,100.10735728,7.5568790346842e-05,0.056511279612364,0.00048936787831305,0.11691556611092,0.057456468507997,0.0012483776054418,0.00062395503190674
5.75,0.12112856072299,-0.00026935276861668,5.7196441186294e-07,0,100.06083917086,0.0001831728830932,0.059213096985999,0.00051492227795056,0.12230620563429,0.060168807365141,0.0020520822231588,0.00065254597878988
6,0.12654204721202,-7.6954242803476e-05,2.2431913392629e-05,0,99.821363824703,0.00033210382494401,0.061877843814162,0.00032283830687404,0.12770174059648,0.062931081472825,0.0028559362772093,0.00068115798001116
6.25,0.13198265714988,3.2843946703391e-05,0.00017205841028007,0,99.982918584382,0.00047457260934482,0.064495495851907,9.007028148615e-05,0.13311559862924,0.065753581309247,0.0034123018617642,0.00070981893134476
6.5,0.1374215104749,6.8164437533016e-05,0.00040624521575148,0,100.06619478169,0.00059165650192455,0.067068758972224,1.0399144445861e-05,0.1385232030043,0.06860505808459,0.0036677084487511,0.00073844205042214
6.75,0.14284907861783,7.9679467131034e-05,0.00055995672749779,0,99.906447933673,0.00070839490319991,0.069602643860539,2.8220477511374e-05,0.14392820821026,0.071496241526957,0.0037545848696544,0.00076704940383228
7,0.14829103718243,7.7748190595836e-05,0.00072663897401157,0,99.933013618525,0.00082692851997072,0.072098081799048,2.0656606434845e-05,0.14934614563788,0.074439265082057,0.0036686641789715,0.00079568795740507
7.25,0.15374038726322,7.8310148130926e-05,0.0010734606373013,0,100.03268151257,0.00093339146755116,0.07455487503564,6.5048877486876e-06,0.15476605898638,0.077411958356004,0.0034260478913518,0.00082432099477465
7.5,0.15918255160305,9.1976100656749e-05,0.001661940225068,0,99.959985386561,0.0010382623310551,0.076974833855801,5.9611217893218e-06,0.16018275267891,0.080399555197033,0.0032503511314051,0.00085293728581947
7.75,0.16463038898411,9.308279953384e-05,0.0023728030730995,0,99.927774684534,0.0011468303168985,0.079357637583524,2.3698751020325e-06,0.16560685836845,0.083421877470306,0.0032537892855152,0.00088156614284572
8,0.17008741646524,9.2410503895287e-05,0.0030816167883279,0,99.997092702922,0.0012562224950854,0.081702084618382,1.8787453823794e-06,0.17103637735159,0.086486311028981,0.0033574262447229,0.00091019826516542
8.25,0.17554252294116,9.6426128602182e-05,0.0038423866478981,0,99.982613218439,0.0013669689875494,0.084009404629529,1.1482885415228e-06,0.17646477847809,0.089583811289359,0.0034335674354425,0.0009388210149597
8.5,0.18099918775234,9.5821155888188e-05,0.0047182741974137,0,99.940352630214,0.0014782326107993,0.086279678527884,3.3512752765746e-07,0.18189703450088,0.0927126624672,0.0034147061429465,0.00096745433689277
8.75,0.18646355011626,9.633539476988e-05,0.0056694294801889,0,99.973271992831,0.0015904775903088,0.08851319118689,5.4050766100054e-07,0.18733518523678,0.095872601022357,0.0033575702260406,0.00099611068898861
9,0.1919298159301,9.6656035553275e-05,0.0067161177355589,0,99.986202077245,0.0017031717706369,0.090710743310931,1.7944123264174e-07,0.19277457318014,0.099058385330551,0.0033334180224538,0.0010248114277106
9.25,0.19739650768355,9.6233791852967e-05,0.0078849686226291,0,99.957839924927,0.0018158349158364,0.092871882935737,4.1968338740809e-07,0.19821616263435,0.10227014021689,0.0033425846352731,0.0010536536497991
9.5,0.20286730935049,9.5731138707773e-05,0.0091782155125985,0,99.971005424121,0.0019276767182566,0.094998720957354,7.9277089232751e-07,0.20366242555801,0.10550795182257,0.0033438848170907,0.0010828575267735
9.75,0.20833515699782,9.4774248674504e-05,0.010552920125613,0,100.00108096799,0.0020373667907999,0.097099527828733,1.6350142100267e-06,0.2091103493603,0.10875552431551,0.0033183773074439,0.0011128727714077
10,0.21377763588192,9.39107608134e-05,0.011955033468785,0,100.00818173386,0.0021433985725086,0.099205490479531,2.8156360089982e-06,0.21455763159182,0.11196025670993,0.0032823740036236,0.0011445858173601
10.25,0.21913860505279,9.3098954803865e-05,0.013407984066254,0,100.03911323096,0.0022447733290269,0.10141428681434,4.3244641873915e-06,0.22000367463527,0.1149673854297,0.0032534557791673,0.0011795332018588
10.5,0.22428442707339,9.2296145001682e-05,0.014934740171674,0,100.10442465696,0.0023420594276395,0.10396493144738,5.9981436626698e-06,0.22544381939516,0.11743690590371,0.0032295167463227,0.0012200171655801
10.75,0.22899809117852,9.1476104026469e-05,0.016540618973607,0,100.16899482134,0.0024387591414826,0.10729142175886,7.6269945773797e-06,0.23087109192776,0.11883936140012,0.0032015269902701,0.0012689726462252
11,0.23310472727711,9.0595088097126e-05,0.018222028718732,0,100.24277592319,0.0025421804471283,0.11189496248671,9.2113665316222e-06,0.2362791324579,0.11872997889142,0.0031700868892116,0.0013293588659193
11.25,0.23674645705791,8.9444024419697e-05,0.019967960218083,0,100.33454043117,0.0026614557774227,0.11791857441553,1.1171381908293e-05,0.24165975935182,0.11729686251055,0.0031415890004706,0.0014030213468338
11.5,0.24056615156611,8.7757468661736e-05,0.021766208254398,0,100.40789526148,0.0028018568970483,0.12473024488911,1.4106835233193e-05,0.24700369359585,0.11556583406402,0.0031168956157044,0.0014893917483405
11.75,0.24537265865037,8.5468792955115e-05,0.023613084960535,0,100.44002496822,0.0029578358029297,0.13124004676671,1.8389562264168e-05,0.25230481405842,0.11455012595177,0.0030926780043825,0.0015847883888854
12,0.25136934940553,8.2633225033493e-05,0.025498872386612,0,100.4323826825,0.003109775894246,0.13700236417005,2.3980813697387e-05,0.25756116488155,0.11406977863436,0.0030693623169791,0.0016831246726213
12.25,0.25786825718101,7.9276863033748e-05,0.027426006089056,0,100.38058117268,0.0032311606846011,0.14267507460535,3.0613889299152e-05,0.26277474392983,0.11312662160764,0.0030504113345484,0.001778204109916
12.5,0.26397736536062,7.5445316212608e-05,0.029392598283801,0,100.2989126889,0.0033078919596826,0.14890354575182,3.8040409702111e-05,0.26795199159539,0.11153273034526,0.0030363668108303,0.001866581173532
12.75,0.26931088475192,7.1273764716929e-05,0.031350531243868,0,100.22999391864,0.0033554963339921,0.15538733660687,4.6108865883945e-05,0.27310122985114,0.10996399974016,0.003024961833424,0.0019490979337943
13,0.27396025656388,6.6841068303225e-05,0.033325991766748,0,100.20239418046,0.0034138527618581,0.16169611687563,5.4740303366814e-05,0.27822823434683,0.10853399665535,0.0030148657233261,0.0020297337119984
13.25,0.27832215889593,6.2041221553017e-05,0.035277999936994,0,100.21415480282,0.0035173626606628,0.16800119569348,6.3947328779867e-05,0.28333450983978,0.10689607033356,0.0030055566506724,0.0021123451327382
13.5,0.28297050621589,5.6683557787252e-05,0.037179673343257,0,100.24546196787,0.003664569202718,0.17441468730445,7.383734655349e-05,0.28841822196737,0.10517261533109,0.002995439381451,0.002197748585266
13.75,0.28814978987637,5.063871252756e-05,0.038997876523719,0,100.26286893744,0.0038185496502169,0.18075230473399,8.4530664681918e-05,0.29347653307641,0.10351197039601,0.0029821944774287,0.0022835183797851
14,0.29353733646098,4.3787362501036e-05,0.040711851556373,0,100.24088427567,0.003943025142928,0.18702480311224,9.6118319309621e-05,0.29850901178124,0.1017664110198,0.0029623239939709,0.002366533864635
14.25,0.29872713640608,3.5783521891267e-05,0.04233088627136,0,100.19466138884,0.0040388342212524,0.19329948485933,0.00010876848047219,0.30351908267261,0.099962054385595,0.0029275735153656,0.0024458015468
14.5,0.30364363602228,2.5522314372825e-05,0.043841135333651,0,100.16727164866,0.0041392976510035,0.19952028919031,0.00012301452683108,0.30851108551867,0.098173103266157,0.0028616687651045,0.002522993116082
14.75,0.30850123792946,9.8994387654742e-06,0.045253177252115,0,100.18103038672,0.0042684130357184,0.20569834160683,0.00014036703495642,0.3134860960304,0.096366659807798,0.002740231417565,0.0026005966004176
15,0.31352009686698,-1.7899084024566e-05,0.046532619854463,0,100.21492204885,0.0044118466537214,0.21185424921379,0.00016446623419799,0.31844124691337,0.094574314584047,0.002534246705103,0.0026798748724573
15.25,0.31866768882621,-6.7901995179295e-05,0.047603745591705,0,100.2284521784,0.0045369229429492,0.21797509869625,0.00020240462339781,0.32337308455615,0.092805895479223,0.0022194416343802,0.0027605335852488
15.5,0.32375139708075,-0.00014634197994972,0.048401410861757,0,100.20394093158,0.0046370068848655,0.22407072707973,0.00026398791915386,0.32828143491751,0.09105025098997,0.001793162724207,0.0028418068278899
15.75,0.32868680335523,-0.00024266640138467,0.048933457529259,0,100.16442465495,0.0047440103084597,0.23014958729763,0.00035511998686995,0.33316982644158,0.089312843994057,0.001291777576557,0.0029233414038747
16,0.33355758869049,-0.00032160403205075,0.04928434730905,0,100.14451617163,0.0048943011114103,0.236219392167,0.00046483832121037,0.33804216174911,0.087585407570198,0.00079376969503259,0.0030050912805242
16.25,0.33846668061413,-0.00033718570902108,0.049638704946944,0,100.14915818493,0.0050940330688873,0.24228853475711,0.00055659899812902,0.34289972427452,0.085866915950951,0.00039555669360542,0.0030868772646862
16.5,0.34340946489972,-0.00027199423903598,0.050215094115621,0,100.15463217946,0.005324081369119,0.24835194847512,0.00058388540972612,0.34774185553422,0.084154708788384,0.00016273585625002,0.003168394688968
16.75,0.34832037987401,-0.00016876514256029,0.051173447670731,0,100.14398278744,0.0055649917140244,0.25442204842134,0.0005349455389721,0.35256856618287,0.082420891616196,8.6324455836982e-05,0.0032495179219816
17,0.35317980966859,-0.00010565342599538,0.05257281362605,0,100.12353860186,0.0058042733917259,0.26054338719389,0.00046671017381889,0.35738145435488,0.080533856591233,8.8166748675107e-05,0.0033303501952616
17.25,0.35802156404262,-0.00012286616502654,0.054088116690796,0,100.10596827847,0.0060307895181663,0.26666437937374,0.00046852993689498,0.36218251772072,0.078731657280047,8.8355804689401e-05,0.0034110116298901
17.5,0.362868491394,-0.00018408766145357,0.055565894281567,0,100.09255645097,0.0062402444292329,0.27287953760293,0.0005684279765517,0.36697311315568,0.076818097936446,7.6049657806078e-05,0.0034915718072642
17.75,0.36770823377821,-0.00022706195053317,0.05694992018595,0,100.07612016306,0.006442656637112,0.27914095167863,0.00069633352967674,0.37175429017999,0.074877973115898,9.6290243013441e-05,0.0035721969609703
18,0.37252749778942,-0.00023747895486397,0.058135411189811,0,100.05210853335,0.0066503572886593,0.2855095012126,0.00077388160223629,0.37652767157909,0.072778526918084,0.00016147106563239,0.0036531848631585
18.25,0.37733398136788,-0.00024741098182563,0.059106697759726,0,100.01929121755,0.0068621402946501,0.29186740116774,0.00081333222572588,0.38129586650919,0.07079512455347,0.00021791836336504,0.0037347654725533
18.5,0.38213938630236,-0.000274963256262,0.059838707458233,0,99.970849061218,0.0070697425760625,0.29816828608501,0.00087399541154249,0.38606268016968,0.068807810722728,0.00022570014621628,0.0038169419360395
18.75,0.3869446792928,-0.00030092833783136,0.060560221902992,0,99.890005993108,0.007271171023922,0.30444179381712,0.00095183864371139,0.39083403683137,0.066921571417468,0.0002154249173888,0.0038995797322692
19,0.39175147601032,-0.00030173790474266,0.061421767062709,0,99.754092319756,0.0074666409694931,0.31058736714253,0.00098825356834141,0.39561982967181,0.065208932252907,0.00022737719635638,0.0039825900911661
19.25,0.39657528887729,-0.00027478424667322,0.062439339658259,0,99.535499644212,0.0076523868262959,0.31667177966364,0.00096421456976243,0.40043630412058,0.063606319860191,0.00025890305584441,0.0040659804836429
19.5,0.40144203266861,-0.00023001773745014,0.063591782840872,0,99.192655710779,0.0078266327639088,0.32268905483129,0.0009103760354644,0.40530919376893,0.062189177276521,0.00030255812792696,0.0041497959554442
19.75,0.40638226245757,-0.00017882175097014,0.064854158754986,0,98.659163644896,0.0079902968396653,0.32852164626534,0.00084803191693447,0.41027865524633,0.061015003077263,0.00036609663387347,0.0042341169670159
20,0.41143775417026,-0.00013119553063329,0.066113047603767,0,97.840924411641,0.0081400326013953,0.33419496841046,0.00077777084453352,0.41540686478294,0.060092390349552,0.00044434771496915,0.00431915963105
20.25,0.41667381641164,-9.1200531123747e-05,0.067395480479062,0,96.624328250167,0.0082693810414595,0.33983643895024,0.00069954280026442,0.42078823114997,0.059376942434683,0.00052495402742619,0.0044053955341741
20.5,0.42218660763483,-5.7886175128486e-05,0.068753484177431,0,94.901327396717,0.0083713055088718,0.34566822743605,0.00061341472521211,0.42656098939429,0.058741810057234,0.00060248996576218,0.0044936334155602
20.75,0.42810465622034,-3.0279664293202e-05,0.070340671318992,0,92.625744608479,0.0084370975601719,0.35185639342482,0.00052223358978428,0.43291681517419,0.058288768662236,0.00066378047509428,0.0045850687140678
21,0.43458810015463,-6.4832276136846e-06,0.07217054920079,0,89.908929291775,0.0084671024024753,0.35846386463847,0.0004352787063371,0.44010148724116,0.058164350574212,0.000693235503406,0.0046812927612012
21.25,0.44182779361915,1.5679268928588e-05,0.074021925615547,0,87.127561799497,0.0084901101179194,0.36571050382964,0.00035793238723173,0.44839607202462,0.058317291182166,0.0006904379196603,0.0047842041885474
21.5,0.45004674656344,3.7730497293786e-05,0.075694690078064,0,84.966909028893,0.008569312423741,0.3739271227736,0.00028905782995624,0.45806892529066,0.058772985141912,0.00066492161747166,0.0048957576442698
21.75,0.45950375919692,6.2004236197044e-05,0.077294186519316,0,84.309476076922,0.0087853320783672,0.38315065547925,0.00022838237655307,0.46929842763634,0.059850439582137,0.00062844771596233,0.0050175318002143
22,0.47047786272232,8.8091327493031e-05,0.078926173265964,0,85.939664989601,0.0092019364117354,0.39314786845894,0.00017756718769215,0.48208388565116,0.061858506426507,0.00059192187328018,0.0051501847130636
22.25,0.48318115080922,0.00011188781875074,0.08064371822297,0,90.140192099858,0.0098287053334679,0.4034664456358,0.00013786232695002,0.49617910208544,0.065203895173358,0.00056068023023076,0.0052929653327352
22.5,0.49757100982513,0.00013049748549761,0.08245593917113,0,96.343426005661,0.0105961847378,0.41345624916284,0.00010906290263704,0.51108898767351,0.069937689174092,0.00053558673382019,0.0054435123249147
22.75,0.51315590759165,0.00014364356183472,0.084316457170459,0,103.04280712794,0.011355406752136,0.42293946700947,8.9409660587379e-05,0.52615713653184,0.075219652932036,0.0005162702298286,0.00559813907343
23,0.52900878947887,0.00015210395770097,0.086274215728586,0,108.14348191302,0.011914816250398,0.4323265653096,7.6490271750981e-05,0.54073995517401,0.079809213033516,0.0005019733978221,0.0057526569663423
23.25,0.54411362995165,0.00015694927146691,0.088300463458894,0,109.77159716508,0.012118991431393,0.44217089821546,6.8115382241503e-05,0.5544173793909,0.082802717573913,0.00049253861044257,0.0059035515882419
23.5,0.55785840071248,0.00015902780136138,0.090318921151442,0,107.25611289537,0.011942998141312,0.45263908074718,6.3059484752054e-05,0.56715152821274,0.084355958577598,0.00049020319281497,0.0060490799651515
23.75,0.57029376838365,0.00015798506283557,0.09235510056603,0,101.72296856132,0.011544637111135,0.46326739789143,6.127796792511e-05,0.5793027013539,0.085466734009327,0.00050062826220939,0.0061897557069793
24,0.58200206832741,0.00015290108710208,0.094393481210473,0,95.785576040322,0.011218839253409,0.47366187079408,6.3784920705947e-05,0.59146632848469,0.086810803671826,0.00053120200200769,0.0063278814218076
24.25,0.59378336885127,0.00014633737127678,0.09645555520573,0,92.291729143022,0.011249843387935,0.4839958553457,7.2138124217989e-05,0.60418996906628,0.088587859815168,0.0005861439880517,0.0064662603671575
24.5,0.60635722511187,0.00014375825313785,0.098652795672278,0,92.750197147252,0.011735714244245,0.49449289348404,8.6206012580167e-05,0.61771294476437,0.0909482588615,0.0006612767921607,0.0066067261715707
24.75,0.62006203136488,0.00014501056552744,0.1009753141011,0,96.426053425706,0.012509303311402,0.50510111345117,0.00010293208618022,0.63187861147645,0.093887309791084,0.0007485221385305,0.0067493210292055
25,0.63464411863699,0.00014365410365034,0.10350216711481,0,100.7955547877,0.013237090424695,0.51570052686616,0.0001194105843319,0.64627520413929,0.097071954317684,0.00084712277444385,0.00689262485614
25.25,0.64942531995732,0.00016110621978394,0.1063479209696,0,103.17708733751,0.0136466009313,0.52630351283503,0.00013601796592408,0.66051443662279,0.10001431970559,0.00096668778477702,0.0070350243787253
25.5,0.6638175249644,0.00018445284795013,0.109537710199,0,102.47774889287,0.01371763782612,0.53701283485738,0.00015533342192002,0.67446096618833,0.10249585363972,0.0011283666597513,0.007176064654432
25.75,0.67770978039604,0.00019913647052171,0.11310488401593,0,99.807283638118,0.013682285692125,0.54781040187182,0.00017840437114279,0.68826132274869,0.10475924089641,0.0013633970957791,0.0073169368659836
26,0.69142256928253,0.00021563475902515,0.11702193868504,0,97.4810651713,0.013821972541269,0.5586591060194,0.00020452288778594,0.70217158502616,0.10698833909818,0.0016998397010081,0.0074597599586763
26.25,0.70537673489256,0.0001926276761435,0.12138002858726,0,97.182055220877,0.014225780695457,0.56966124973305,0.00023082956105844,0.71633489408298,0.10921927310209,0.0021550824396656,0.0076062033094163
26.5,0.7197587502903,0.00020847936018351,0.12628792005671,2.560051104803e-05,98.768729896474,0.014730290542985,0.58084481007355,0.00025332781962464,0.73068785828939,0.11142382370201,0.0027377714821006,0.0077564864229798
26.75,0.73440567064943,0.00017384027168562,0.13170095515604,0.00036100277363369,100.67213645048,0.015105313104014,0.59220899301211,0.0002650453415138,0.74505277273011,0.11336341165401,0.003418154405961,0.0079094741182846
27,0.74899940141805,0.00019641035777126,0.13743813833101,0.0015149061754241,101.40437634336,0.015295920623138,0.60383472579418,0.00025536851807161,0.75930823177625,0.11485275639065,0.004137565116663,0.0080698324294357
27.25,0.7633757694429,0.00024843590775925,0.14296780190373,0.0035682842079767,100.74401803888,0.015459888149803,0.61567736844432,0.00022018795183594,0.77347585930815,0.11605878174638,0.0048334792654583,0.0082321720933191
27.5,0.77763251135292,0.00029513243570438,0.14790919284671,0.0062933258678564,99.622617816124,0.015771075769079,0.62763419889063,0.00017010258475133,0.78766165396026,0.11717778286465,0.0054165218398019,0.0083968578816973
27.75,0.79196897918779,0.00031576368879766,0.15190308077159,0.0091571288589711,99.067478632031,0.016231025886235,0.63965655763068,0.00012863187374329,0.80193550306047,0.11838479484788,0.0058340274188321,0.0085630589918048
28,0.80647187122021,0.00030645975270985,0.15494111213475,0.011890350681749,99.33611960074,0.016696538829766,0.65169925839391,0.0001158527062447,0.81627346102507,0.11968540616164,0.0060795710937308,0.0087293123306399
28.25,0.82105737341025,0.00027886255583022,0.15731591821985,0.014451399250827,99.943193344568,0.017050010413054,0.66380085924568,0.00012935305202595,0.83060090945903,0.12095615293466,0.0062106754545676,0.0088944618102414
28.5,0.83558122561906,0.00025406221594763,0.15952060660538,0.016986636647997,100.31069322796,0.017298706235784,0.67598816533335,0.00014691632535098,0.8448715607252,0.12211454481631,0.006328840778987,0.0090597528836562
28.75,0.84997488158764,0.00023774859816806,0.16212551213127,0.019790724171658,100.29227230766,0.017530712435209,0.6882510162348,0.00015285290736111,0.85910123987128,0.12320864983106,0.0065271694455087,0.0092248606222165
29,0.86427899769686,0.00021119268319882,0.16571395642569,0.023213884864907,100.12800836103,0.01782228952332,0.70053258117421,0.00016343338822039,0.87333840628886,0.12427143559043,0.0068609428834517,0.009402356422146
29.25,0.87857335767021,0.00015873162673027,0.17037146795697,0.027367448302794,100.02211483509,0.018184902582837,0.71281580971906,0.00021495438895392,0.8876155279789,0.12532407380456,0.0073494093409261,0.0095912344829019
29.5,0.89289343838656,9.6821198713437e-05,0.17567059768328,0.032166707952097,99.881198616322,0.018566634210551,0.72510958413199,0.00032260515670881,0.90193191983864,0.12633711366935,0.0079729114812724,0.0097831807754739
29.75,0.90721473201073,4.4977715191351e-05,0.18117881650924,0.037478930523194,99.503880264547,0.018901659857113,0.73743043866932,0.00046846049404478,0.91627756280585,0.12732619870279,0.0086905134073565,0.0099768699050011
30,0.92150610913851,5.5161595979549e-06,0.18668079732087,0.043221403043226,98.94603942312,0.019177794006876,0.74976009537074,0.00063807577745561,0.93066450206564,0.12835094073784,0.0094448372520079,0.01017127877523
30.25,0.93577875087655,-4.9706376985673e-05,0.1920794459027,0.04927516040178,98.556853661202,0.019449086130147,0.76208097417949,0.00085765660217565,0.94512925862964,0.12944823472584,0.010177886723115,0.010365882788987
30.5,0.95007169319336,-0.00013322957231237,0.19744709764129,0.0555359229513,98.598020877862,0.019763450738644,0.7743950915782,0.0011823678767013,0.95970703843106,0.13064579500877,0.010849420006834,0.01056058472308
30.75,0.96439723003757,-0.00021509105169184,0.20296230334696,0.0619494428182,98.907414673741,0.020090070323485,0.78674339068977,0.001645227541269,0.97441203842877,0.13185215155663,0.011417599435249,0.0107555199047
31,0.97871567762799,-0.00023612098780342,0.20875475016719,0.06837570683618,99.027738737733,0.020344347593914,0.79921820384777,0.0022057091002486,0.98924772860411,0.13298389692772,0.011828203780261,0.010950953198499
31.25,0.99296652281003,-0.00020261318468898,0.21482290861885,0.074569688063446,98.649913873526,0.020480954701396,0.81189332848713,0.0027440420039117,1.0042325357634,0.13394493471894,0.012092212803819,0.01114736412422
31.5,1.0071137913255,-0.00016961257163213,0.22101485785024,0.080368259050201,97.873161778497,0.02053997747519,0.82491241226242,0.003152474192139,1.0194102925691,0.13459794768167,0.012325474758422,0.011345642184806
31.75,1.0211628947726,-0.00010968103431552,0.22737685331116,0.085878489392873,97.05767289064,0.020605266307656,0.83848093094291,0.003405774838578,1.0348371111734,0.13475892532408,0.012571549327517,0.011547217353552
32,1.0351604531114,-0.00018500976122696,0.23400154345116,0.091277287085031,96.512060622131,0.020748003090773,0.85281250624221,0.0035446982879151,1.0505621777046,0.13432849335497,0.0128253450897,0.011753967134154
32.25,1.0492093659198,-0.00024514581186688,0.2410557764974,0.096831395231336,96.342983097333,0.021022908459775,0.86794447594221,0.0036618452823672,1.0666182236842,0.1334066327112,0.013032375991664,0.011967845682095
32.5,1.0634977338635,-0.00033350731011708,0.2482891210301,0.10269371538419,96.515212343094,0.021491900625089,0.88381130006098,0.003821307393807,1.0830195148589,0.13211562881047,0.013165776006787,0.012190326413265
32.75,1.0783034575401,-0.0003889663198687,0.25572853395746,0.10900958063523,96.955664641113,0.02221500856548,0.90019703200216,0.004030982293537,1.0997586094124,0.13077731019259,0.013240824069283,0.012421869572648
33,1.0939364510409,-0.00040381032467026,0.2631980830257,0.11577221637569,97.588742528251,0.023204885601678,0.91668558589596,0.0042278300167048,1.1168015421948,0.12973939095543,0.013316157881364,0.012661645615798
33.25,1.1106164350851,-0.00044416367170862,0.270347508542,0.12269321187875,98.326910571851,0.024390420454072,0.93300656405184,0.0043788045197037,1.1340877775445,0.12926718518613,0.013431777388991,0.012907643420301
33.5,1.1283394081894,-0.00050171385780327,0.27735955338282,0.12961313270241,99.060445379535,0.025615773774315,0.9491705158267,0.0044992093528545,1.1515382422338,0.12894516128143,0.013479487894491,0.01315713376263
33.75,1.1468230148075,-0.0006037606141377,0.2844164810936,0.13652828244027,99.647969860932,0.02666939701753,0.96549600230618,0.0045924608866808,1.1690700834845,0.12840722755943,0.013515906028451,0.013407334887772
34,1.1655891571769,-0.0007182369068225,0.29148489884683,0.14316011739963,99.928701994897,0.027345597613371,0.98223604568602,0.0045197868527949,1.1866163899972,0.12728457018758,0.01356022655788,0.013656077300633
34.25,1.1841473769841,-0.00084257413472119,0.29832513214689,0.14913400283521,99.802029939243,0.027543022939477,0.99959093754974,0.0044521671934601,1.2041472328489,0.12563620274305,0.013468546218618,0.013902271880557
34.5,1.202167002006,-0.00096011886517946,0.30494103471353,0.15446566906122,99.336754116925,0.027352183198884,1.0172435114742,0.004477155763521,1.2216817421765,0.12399534274207,0.013290467150998,0.014146035126427
34.75,1.2195514821937,-0.0010735155056405,0.31118710167346,0.15918141554492,98.776756755132,0.027045231997404,1.034759185675,0.0045166378066433,1.2392795300752,0.12265323949376,0.013102554920624,0.01438843004919
35,1.2364310284764,-0.0011625894701306,0.31689702918633,0.16330116056417,98.393738207374,0.026948052563066,1.0521591372069,0.0045681790713303,1.2570119624391,0.12151489652869,0.012884965936465,0.014630932613547
35.25,1.2531311944836,-0.001184504783561,0.3221971661726,0.16694393014523,98.33034381054,0.027285493922766,1.0695884842971,0.0045617218960109,1.2749289426162,0.12055064546097,0.012738877419743,0.014874863939788
35.5,1.2700982675962,-0.0011362815031536,0.32699570826597,0.17002100067481,98.589141080393,0.028097994664296,1.0871554803897,0.0044864371306558,1.2930379864654,0.11967240867972,0.012556758867015,0.015121048978536
35.75,1.287719228682,-0.0010757660070573,0.3311059753389,0.17243252686096,99.111628109187,0.029238659911106,1.1048803197496,0.0044553574715859,1.3113010622982,0.11888309474182,0.012230676376376,0.015369842218393
36,1.3060964538855,-0.0010265725620013,0.33440147779231,0.17417539477438,99.781007301626,0.030418881767809,1.1227227599414,0.0044837997255627,1.3296469804664,0.11817866963064,0.011823874521461,0.01562145953847
36.25,1.3249693256046,-0.00099985370032432,0.33684219366033,0.17527047789196,100.36173163945,0.031311842431873,1.1406057482185,0.0044947709863405,1.3479970261916,0.11755991621959,0.011429768095453,0.01587638186136
36.5,1.3438828390721,-0.0010068214858592,0.33850717432798,0.1758490273014,100.56865677518,0.031722276039494,1.158461509117,0.0044479866681203,1.3662974250073,0.11696822757722,0.011049084412508,0.016135544785304
36.75,1.3624738361214,-0.0010630087346563,0.33955548054856,0.17608614587914,100.30436822062,0.031731841868785,1.1763304129881,0.0044126733297456,1.3845416453461,0.11632519069938,0.01061057390887,0.016400134146806
37,1.3806598753273,-0.0011570981364033,0.34031143889648,0.17616539230716,99.806261477089,0.031673129485861,1.1942762773407,0.00442740114132,1.4027645698236,0.11558687523598,0.010157638118195,0.016671030445852
37.25,1.3986341797107,-0.0012616047534664,0.34131822571454,0.17621578285349,99.478769446087,0.031907276365975,1.2122943403464,0.0044612049215521,1.4210096393502,0.11480105982405,0.0097546222505198,0.01694817514951
37.5,1.4167060469112,-0.0013616780892499,0.34302947723291,0.17627152664868,99.559192096674,0.032573894886084,1.2304182964509,0.0045349382381264,1.4392934849882,0.11387513680102,0.0093438157748497,0.0172302298291
37.75,1.4350864690022,-0.0014616187930154,0.3454136709113,0.17611963256196,99.963897170218,0.03351928179926,1.2487153286232,0.0046594832588034,1.4575949735966,0.11271907218669,0.0089123040775667,0.017514777875187
38,1.4537552667953,-0.0015715619117774,0.34815732203128,0.17550891393357,100.42362059494,0.034445980566002,1.2672311731819,0.004838793493845,1.4758736433939,0.11127484619323,0.0084333181735946,0.017799021568902
38.25,1.472507522982,-0.0016797895971679,0.35080599110883,0.17436026197883,100.70831684375,0.035143424171849,1.2858595443032,0.0050480099108405,1.4940984038066,0.1096855340221,0.007909725481201,0.018080630027006
38.5,1.4911251046036,-0.0017757664900617,0.3530811342634,0.17281379588873,100.74698151124,0.03561990651632,1.3044251143512,0.0052300463873652,1.5122624903299,0.1080608168984,0.0073814902473985,0.018358298216105
38.75,1.5095174966987,-0.001882239073838,0.35527017653204,0.17143560560689,100.62519123214,0.036053644844179,1.3230418102865,0.0054742007551503,1.5303756227639,0.10613393476433,0.0066363755245418,0.018631762866143
39,1.5277357521616,-0.0020151233700202,0.35758205702463,0.17037218646457,100.50093470362,0.036617786368006,1.3418691825481,0.005824262996245,1.5484444387629,0.10393384991677,0.0058091799341701,0.018901368367588
39.25,1.5458812365063,-0.002166014481245,0.35996789301528,0.16935665441107,100.46898411195,0.037330190129096,1.3608415544784,0.0061376028528199,1.5664617656475,0.10162690334343,0.0050283290487228,0.019167542277839
39.5,1.5640005449161,-0.0023291118961778,0.36253552461327,0.16822050764885,100.46892256675,0.038060114371862,1.3798053845221,0.0062309920834919,1.5844162096249,0.09927672014999,0.0043167204479193,0.019430540922258
39.75,1.5820543722274,-0.0023885590086811,0.3653592660258,0.16703144683169,100.34313797141,0.038671977370873,1.3987316566622,0.0060254222198086,1.602312966829,0.096891239215605,0.0036809444013669,0.019690577062782
40,1.5999757623959,-0.0021818538170089,0.36838675204354,0.16585862438738,99.991366481597,0.039145720035996,1.4176549702377,0.0056868736029514,1.6201853659504,0.094456407012042,0.0031522822988042,0.019948147283292
40.25,1.6177507573111,-0.0020288291532184,0.37162204471612,0.16488571778078,99.446497591438,0.039558234008613,1.4365124925124,0.0054216160960478,1.6380875815462,0.09220708768999,0.0027625536542718,0.02020426169372
40.5,1.6354452968587,-0.0020031262745726,0.37576554956714,0.16419907302359,98.806631319771,0.03997887549256,1.455177899357,0.0051113012052757,1.6560791071188,0.090161592359604,0.0025785289521528,0.02046040769601
40.75,1.6531665352154,-0.0019880766546502,0.38051468033024,0.16364724104805,98.128779857653,0.040402563596288,1.4738699531968,0.0047981217302223,1.6742173357645,0.088003004079985,0.0023795303728341,0.020718313652636
41,1.6710035356551,-0.0019441469439511,0.38528682957322,0.16320326762548,97.387451450982,0.040763128896696,1.492794370294,0.0046930952208191,1.6925630189753,0.085863593859968,0.0021205869814323,0.020979706222153
41.25,1.68899832515,-0.001891548322266,0.38980456298642,0.16290156093675,96.498104750354,0.040986157423041,1.51164786793,0.0047215207170307,1.7111918162701,0.084282610849189,0.0020008690368387,0.021246185436636
41.5,1.7071669576762,-0.0018643415756694,0.39415685105232,0.16277322361675,95.372483876604,0.041039781281629,1.5302604152387,0.0047810765486327,1.7302038521261,0.083251284391655,0.0019664382003503,0.021522950779221
41.75,1.7255472106056,-0.0018733894053775,0.39829136233474,0.16273810552286,93.990616380103,0.040962942908571,1.5488823552028,0.0048668792471276,1.7497388993317,0.082601528769027,0.0019637103158012,0.021825515379733
42,1.7442318555475,-0.0019302291026443,0.40232088354682,0.16274313223666,92.459425052735,0.040855464893309,1.5678987400445,0.0049891759771769,1.7703128430684,0.082140105003413,0.0019349641476675,0.022121509372312
42.25,1.763367947478,-0.001998436220728,0.40635548471682,0.16281074078262,91.012099364023,0.04083791359177,1.5875317103284,0.0050984543513948,1.7925374753271,0.081918683283161,0.0019211680956803,0.022411177045208
42.5,1.7831353036186,-0.0020578218844989,0.41041744928661,0.16289302643909,89.934833123207,0.041019145505128,1.6078286211747,0.005120047246042,1.815777143119,0.08202012805306,0.0019322121502076,0.022695687766256
42.75,1.8037276545445,-0.0021301318693244,0.41445993725852,0.16292420262082,89.461164860718,0.041491216720923,1.6288203763157,0.0050836056156545,1.8397983638635,0.082503987133141,0.0019139738382222,0.023009001283421
43,1.8253424159153,-0.0022104306359515,0.41854415668178,0.16293729175773,89.7073476294,0.042329920000029,1.6505075243859,0.0050716136949872,1.8645855129331,0.083444535890646,0.0018712165736661,0.023332890759543
43.25,1.8481662862293,-0.0022581258934842,0.42272955519716,0.16306254686041,90.700524607857,0.043580945837731,1.6727225951945,0.0050785000935196,1.8900996422399,0.085014313450859,0.0018849022212425,0.023665100345496
43.5,1.8723423861964,-0.0022715333481082,0.42667300971299,0.16317156691746,92.453340816653,0.04524076775114,1.6951521618659,0.0050609309273624,1.9162439681998,0.087416593266478,0.002008196527652,0.024004766961886
43.75,1.8979144199213,-0.0023021938439881,0.43025539937328,0.16324885924147,94.952609414887,0.047241242659912,1.7177382938434,0.0051215921101351,1.9428579549945,0.090319101482117,0.0020323575696316,0.024349861538649
44,1.9247616512628,-0.0023496706137328,0.43372193394059,0.16324158773605,98.009743674688,0.049433367615134,1.7405191453865,0.0053525865806647,1.9697966987699,0.09344700652886,0.0019182305985848,0.024697025224189
44.25,1.9525588871986,-0.0024054069929283,0.4374000857883,0.16324667974846,101.12149028513,0.05158192039152,1.7633956457237,0.0056096970813139,1.9968343774247,0.096599562249822,0.0018645789007963,0.025041993911855
44.5,1.9808012081652,-0.0024555019271342,0.44146303639178,0.16345332939087,103.5425081925,0.053398078378041,1.7864203565711,0.0057622280007264,2.0237548426122,0.099255680614058,0.0018581831505274,0.025380508930915
44.75,2.0089071939077,-0.0024729195320335,0.44592884170472,0.1637026069242,104.5734147139,0.0546121253066,1.8098990887014,0.0058685286888792,2.0504521686967,0.10091075481139,0.0017936684159215,0.025709345266681
45,2.0363678255974,-0.0024640389937063,0.45076881344912,0.1638329143283,103.87124921117,0.055062253190658,1.8339581800797,0.0059448880163338,2.0768233841239,0.10160862446201,0.0017227732244086,0.026027036598306
45.25,2.0628840567774,-0.0024574667866313,0.45595265711616,0.16388746803924,101.621152419,0.054777466075447,1.8582913567065,0.0059260470899456,2.1029450297509,0.10189972204512,0.0017565503491721,0.026334046009035
45.5,2.0884471495912,-0.0024659232696286,0.46145208270065,0.16404811684507,98.535963887304,0.054023270005462,1.882578262433,0.0058768598277979,2.1290001553126,0.10212385955574,0.0017846401195839,0.026632397081888
45.75,2.113344792727,-0.0024925171967986,0.46715885460842,0.16409152033452,95.665753339713,0.053256456999302,1.9068575650174,0.0059255579412918,2.1552332342278,0.10235964720328,0.0017467936068531,0.026924979880497
46,2.1380970524217,-0.0025526294793532,0.47297937165567,0.16397992290984,94.001841242117,0.052966031651912,1.9313862637382,0.006090039278188,2.1818766314495,0.10263831615212,0.0016696524659664,0.027214794815119
46.25,2.1633208250113,-0.0026531682966048,0.47896759423356,0.16384544788042,94.026569843635,0.053467595326331,1.956345636513,0.0063149189595081,2.2090374044141,0.10305785105592,0.0015971276568363,0.02750433343584
46.5,2.1895311483928,-0.0027655809041947,0.48514456649015,0.16384983867977,95.514423471739,0.054768957853976,1.981657396139,0.0065676861753607,2.2367135796994,0.10377370289394,0.0015125740686967,0.027795214028154
46.75,2.2169433224183,-0.0028568668309265,0.49124271399502,0.16389579350233,97.728865728302,0.056570871472119,2.007122414665,0.0067931842606635,2.264829299934,0.10484350530821,0.0015303441007639,0.028088129637626
47,2.245379486452,-0.0029318298333482,0.49711199900882,0.16403417236331,99.816467811443,0.058384587813961,2.0327428170262,0.006957985660718,2.2931191791921,0.10586599841001,0.0015938107137099,0.028383084586371
47.25,2.2743509891916,-0.0030139965561924,0.50272826178714,0.16420708839703,101.11242247737,0.059723825037156,2.0587257612947,0.0071248452437251,2.3214016735965,0.1064355740495,0.0016022718571559,0.028679770311638
47.5,2.3032907088914,-0.0031166254266443,0.50813337470956,0.16421864238335,101.29422003187,0.060318545363823,2.0851413116787,0.0073489150882439,2.3494673034942,0.10648641405962,0.001562968525562,0.02897784471838
47.75,2.3318092250556,-0.0032198019069312,0.51350197916198,0.1641611335433,100.4632671324,0.060251327217239,2.1119080339831,0.007632438371345,2.3773122724319,0.10609524302712,0.0014836708929401,0.029276947374038
48,2.3598387580114,-0.0033052202738206,0.51923187040153,0.16421957224516,99.128458704649,0.059913566709027,2.1389186879105,0.0079002143937798,2.4050894593723,0.10544960536374,0.0015019000999845,0.029576496089904
48.25,2.3876117281557,-0.0034080888476165,0.5254433908383,0.16432539114745,97.992716403173,0.059788149003364,2.1661460032664,0.0081276708399679,2.4329148744928,0.10463768730082,0.0015628666036712,0.029875496729876
48.5,2.4155068392394,-0.0035638596067281,0.53205701730816,0.16436158642138,97.594356459108,0.060192105040608,2.1936925521579,0.0084363232451263,2.4608827145818,0.10371966980028,0.0015557900053261,0.030172587852575
48.75,2.4438401925869,-0.003754458215302,0.53910441279866,0.1643822752175,98.024658933599,0.06112766232187,2.221569946679,0.0089092586476098,2.4890169882389,0.10277513653281,0.0014496454079606,0.030466351158385
49,2.4727044061,-0.0039173876311257,0.5462734130966,0.16444464203664,98.908793097735,0.062309372300081,2.2496600201319,0.0094348709822444,2.5172905366896,0.10190574701812,0.0014039881400852,0.030755729536623
49.25,2.5019488262232,-0.0040116585250073,0.55335908837854,0.16452628253211,99.659221045831,0.063342860204904,2.2779890708107,0.0098713203068727,2.5456758028871,0.10083765984682,0.0014240539905188,0.031040355326157
49.5,2.5313041690449,-0.004024351686636,0.5604041236748,0.1646365500565,99.841789515407,0.063955462952104,2.3066049220635,0.010190460176466,2.5740298888125,0.099523565932256,0.0014261782305147,0.031320679645221
49.75,2.5605524460326,-0.0039683556658416,0.56721549534659,0.1647511753972,99.415308349512,0.064139871257051,2.3354429441851,0.010392238848462,2.6023661237497,0.098007662882538,0.0014111375154659,0.031597888111287
50,2.5896325233042,-0.0038942210142029,0.57395909644213,0.16483503356903,98.685268231345,0.064118636301694,2.3645038429458,0.010451388034813,2.6308610950428,0.096324829249386,0.0013989007260468,0.031873631880683
50.25,2.6186348097696,-0.0038524636010295,0.58070080633669,0.16489236449448,98.040383694514,0.064166641910103,2.3937321732927,0.010365836169108,2.65946952674,0.094577219448327,0.0013838609601546,0.032149641630547
50.5,2.6477089304086,-0.0038596340494005,0.58729144986652,0.1649386816793,97.70663497034,0.064431064197718,2.4231621645633,0.01015441342911,2.6883017618325,0.092841948772302,0.0013902064109751,0.032427361943672
50.75,2.6769547992737,-0.0038898377045948,0.59383068842898,0.16491201885232,97.67366153793,0.064863909681839,2.4525456464473,0.0098725962595554,2.7174297329428,0.09151981814527,0.0014293875212294,0.032707782229841
51,2.7063675232247,-0.0039386984095545,0.60010046564554,0.16487592407454,97.758054512813,0.065283144056298,2.4817015206178,0.0096589379137427,2.7467508585146,0.090550324200959,0.0014176414269954,0.032991555557682
51.25,2.7358606198494,-0.0040200437509684,0.60611742650561,0.16487634674367,97.721301654513,0.065514595998378,2.5110002824647,0.0096189446951413,2.776420790803,0.089551555741092,0.0013659721918179,0.033279305478263
51.5,2.7653429207421,-0.0041092013139348,0.61197664103392,0.16491256485414,97.420925499082,0.065533361608227,2.5402552447836,0.0097008816332195,2.8063684353537,0.088998694855737,0.0013918654344047,0.033571871861918
51.75,2.7947974798622,-0.0041880512047233,0.61776471997777,0.16498182064852,96.933120108723,0.065494858435409,2.569305760132,0.0098347645281061,2.8366831307509,0.088754632114675,0.0014697057771164,0.033870281280935
52,2.8243022554254,-0.0042814780821475,0.62319606637087,0.16503694096662,96.506516781729,0.065603748571965,2.5985969376489,0.01004261638816,2.8674524617161,0.088513432943528,0.0015176413113635,0.034175430718282
52.25,2.8539695852855,-0.0044102502081737,0.62869839707154,0.16509842811766,96.327148203393,0.065926739103732,2.627902724499,0.010314263986155,2.8986129271882,0.088900061697259,0.0015396166242291,0.03448768151868
52.5,2.8838579542265,-0.0045632464894632,0.63456829796704,0.1651530362888,96.308292980476,0.066329165560873,2.6572990474693,0.010570455028999,2.9302053952719,0.089161025089269,0.0015593521999578,0.034806613705025
52.75,2.9139398479385,-0.0047207235937944,0.64107917893979,0.16516688913168,96.133320016892,0.066591110452356,2.6873827793937,0.010767014731933,2.9622023417728,0.089068867357281,0.0015417268599573,0.035131070834256
53,2.9441550165247,-0.0048807835527421,0.64786668395135,0.1651202112332,95.539156429741,0.066596609598043,2.7178636336755,0.010881210605282,2.9946321662886,0.089073240916584,0.001529218132365,0.03545944906689
53.25,2.974510331585,-0.0050513957760994,0.65502946995356,0.16506264033051,94.606748936297,0.06646123740833,2.7490043509752,0.010912341918639,3.0275516033834,0.088767548199654,0.0014985794513138,0.035790080175984
53.5,3.0051596129253,-0.005203568792605,0.66203543623577,0.16508854949491,93.796090071477,0.066511536535399,2.7806001169028,0.010903686527219,3.0610312631529,0.088632672230182,0.0014169530416419,0.036121563440526
53.75,3.036401716308,-0.005295674721843,0.66873473705945,0.16512615178561,93.643417635762,0.0670954053505,2.8126939174008,0.010877035218847,3.0951200889419,0.08874833772772,0.0013422821494149,0.036452962403593
54,3.0685816267681,-0.0053152521372988,0.67560201905533,0.16517994254741,94.355731948609,0.068343675468685,2.8450182925733,0.010848299065683,3.129810223882,0.089238890103069,0.0013088094427604,0.036783835612747
54.25,3.1019507518382,-0.0052806025079096,0.68278938272085,0.16528251758622,95.690599291984,0.070098345734875,2.8774786893232,0.010856026552984,3.1650263109998,0.090085268471231,0.0013093219203595,0.037114102251216
54.5,3.1365757411964,-0.0052204900711043,0.69009259283996,0.16543650570096,97.219951567185,0.072063020599232,2.9102003858927,0.010923448931963,3.2006438611644,0.090984835957545,0.0012888993967114,0.037443779301962
54.75,3.1723349777413,-0.0051584605842733,0.69775792755057,0.16557866770034,98.647621395686,0.073982665422983,2.9431149405055,0.010991595751663,3.2365196375728,0.092110431997218,0.0012723577633982,0.037772679802342
55,3.2089621159305,-0.005098121096545,0.70554315265494,0.1656754175742,99.854711743121,0.07567694691494,2.9760668087211,0.010977333889266,3.2725164983222,0.093095301825625,0.0012689658192724,0.038100207531873
55.25,3.2460866340987,-0.0050284540561072,0.71309499114472,0.16570026905441,100.73430428823,0.076973772806987,3.0095830358676,0.01086809222903,3.3085205550005,0.093412380920959,0.0012607265397204,0.038425380913124
55.5,3.2832717444206,-0.0049471089105117,0.72030696204632,0.16563592575367,101.08920048766,0.077688669141967,3.0436450258476,0.010712605088109,3.3444575107556,0.093386780536939,0.0012369621630721,0.038747145097009
55.75,3.3200840511803,-0.0048711979402005,0.7273953196041,0.16558245431221,100.72424933863,0.077709235790521,3.0775817389039,0.010575666410089,3.3803098224095,0.093498875467948,0.0012119619355866,0.03906489942591
56,3.3562047905012,-0.004817580383648,0.73432567758933,0.16558633218473,99.644534559483,0.077119181406537,3.1116400009809,0.010493364094139,3.4161265159338,0.093208216080625,0.0012402973294396,0.0393790280462
56.25,3.3915355495837,-0.0047906107112232,0.7407752049274,0.16562469796359,98.168437383684,0.076243750202539,3.1458351365816,0.010500458667423,3.4520144100819,0.093118725405614,0.001286534317584,0.039691152692776
56.5,3.4262392372971,-0.0047947600395805,0.747059431359,0.16565109960469,96.824176904187,0.07555843898639,3.1799063293117,0.010633264136847,3.4881085010098,0.093346972693246,0.001297210835165,0.040003901692396
56.75,3.4606998187538,-0.0048279704086695,0.75352340333042,0.1657184864695,96.094579263421,0.075511646224626,3.2139375015703,0.01086350527061,3.5245287699412,0.093593765548624,0.0012708813274704,0.040320212603059
57,3.4954217827594,-0.0048701032070819,0.759983354317,0.16581254559095,96.209601124051,0.076357324282587,3.2483291757757,0.01108581123803,3.5613346560236,0.093857581035305,0.0012539373293983,0.040642448770546
57.25,3.5308894096492,-0.0049142466344118,0.76653883528971,0.16584341379712,97.094923902195,0.078060453622236,3.283188038642,0.011208471412208,3.5985125729833,0.094021017253584,0.001264227967773,0.040971736756085
