time,Fx,Fy,max_d
0,0,0,0
5e-08,0.061072258702331,0.1043639384967,0
1e-07,0.29755525498763,0.49923797279287,0
1.5e-07,0.7668267865531,1.2526151952933,0
2e-07,1.4158051165477,2.2309620718574,0
2.5e-07,2.1311417473022,3.2141057114861,1.5590965862061e-07
3e-07,2.8221187171654,4.0633909372198,3.1161063346777e-07
3.5e-07,3.466362186736,4.7990178328374,5.0036000289021e-07
4e-07,4.0942774707362,5.5422000327217,7.1793471748367e-07
4.5e-07,4.7394918913101,6.3903283703644,9.8387714982309e-07
5e-07,5.4037892565294,7.3367246911246,1.3187626109506e-06
5.5e-07,6.0627920620233,8.2928588053845,1.7319572823123e-06
6e-07,6.6980893454095,9.176878126885,2.222857303547e-06
6.5e-07,7.3200745015566,9.9821789807341,2.7554106233706e-06
7e-07,7.9594549153417,10.770112639344,3.3203712650064e-06
7.5e-07,8.6374793556518,11.604927197078,3.9435409405822e-06
8e-07,9.344382770562,12.496829951792,4.6630366813671e-06
8.5e-07,10.046071623754,13.402311578908,5.4954237871783e-06
9e-07,10.712146441742,14.272999633229,6.4196199038893e-06
9.5e-07,11.339770116091,15.101865747342,7.3970166004751e-06
1e-06,11.953482379111,15.924691561755,8.4077270160308e-06
1.05e-06,12.583510438639,16.780850340386,9.4713283690877e-06
1.1e-06,13.242933318377,17.674486120812,1.062928847682e-05
1.15e-06,13.922256802757,18.572468686491,1.1906738637837e-05
1.2e-06,14.602515025642,19.437806780765,1.3290795035605e-05
1.25e-06,15.27226069564,20.264503153557,1.4743279727934e-05
1.3e-06,15.933282935214,21.08152446982,1.6237842095539e-05
1.35e-06,16.592827741099,21.924716082015,1.7785164539232e-05
1.4e-06,17.25287719335,22.804801246079,1.9422407261114e-05
1.45e-06,17.907995539832,23.700537426519,2.1177906363987e-05
1.5e-06,18.553055899164,24.58060830022,2.3044417817615e-05
1.55e-06,19.191790576342,25.431684497575,2.4986168777431e-05
1.6e-06,19.836548560025,26.267057354619,2.6973060991376e-05
1.65e-06,20.498674282524,27.11063768902,2.9009499296672e-05
1.7e-06,21.178265401392,27.973901962674,3.113040545206e-05
1.75e-06,21.862832734512,28.847592900214,3.3368850930932e-05
1.8e-06,22.536295316962,29.713867780401,3.5725244258123e-05
1.85e-06,23.190629658964,30.565018915925,3.8167123900523e-05
1.9e-06,23.830673914453,31.41034897827,4.0659741314257e-05
1.95e-06,24.469013431862,32.265744984061,4.3199077488804e-05
2e-06,25.116262895349,33.137349518593,4.5817345289714e-05
2.05e-06,25.774941209489,34.015386755054,4.8554526797278e-05
2.1e-06,26.440741045007,34.883451965199,5.1422723828653e-05
2.15e-06,27.108176543341,35.733737036391,5.4395953689001e-05
2.2e-06,27.774655382577,36.573796955289,5.7433560459451e-05
2.25e-06,28.439951931248,37.419265650921,6.0515866990029e-05
2.3e-06,29.103180978919,38.280067184058,6.3659602057147e-05
2.35e-06,29.761541852603,39.152802042897,6.6898992027563e-05
2.4e-06,30.412665431234,40.025320437542,7.0252512434079e-05
2.45e-06,31.058153046107,40.88805208506,7.3704402227128e-05
2.5e-06,31.704292058536,41.741375704945,7.721986351976e-05
2.55e-06,32.358458441612,42.593191088946,8.0778064503068e-05
2.6e-06,33.023832200806,43.450368344594,8.4392329202771e-05
2.65e-06,33.696801820574,44.312735445684,8.8098417752393e-05
2.7e-06,34.369251823711,45.174743330772,9.1921640232517e-05
2.75e-06,35.033910701049,46.032155640895,9.585291236057e-05
2.8e-06,35.688650622579,46.886695034873,9.9855991140227e-05
2.85e-06,36.336853698614,47.74425180152,0.00010389875062492
2.9e-06,36.984311041509,48.608824998183,0.00010798034505905
2.95e-06,37.635527292993,49.478264141889,0.00011212919960199
3e-06,38.292016131027,50.345830225063,0.00011637482478692
3.05e-06,38.952942447365,51.205951145259,0.00012071950554666
3.1e-06,39.616579241401,52.058829767927,0.00012513604122986
3.15e-06,40.281033297921,52.909961024939,0.00012959338753973
3.2e-06,40.944108526159,53.765387411423,0.00013408594495643
3.25e-06,41.603333942913,54.627084496121,0.00013863958189254
3.3e-06,42.256933158069,55.492230701435,0.00014332714078887
3.35e-06,42.905258923639,56.356341344471,0.00014828919744807
3.4e-06,43.551348211926,57.217027517089,0.00015337562802388
3.45e-06,44.199717870026,58.075183971904,0.00015855456771625
3.5e-06,44.853931734926,58.933182639018,0.0001638247559549
3.55e-06,45.514551699037,59.792309960298,0.00016922158336212
3.6e-06,46.178884286694,60.651918254064,0.00017478865969009
3.65e-06,46.842643307062,61.51074650359,0.00018054130468116
3.7e-06,47.502348776506,62.368757238117,0.00018645568011467
3.75e-06,48.156950786264,63.227553052141,0.00019249351384273
3.8e-06,48.807907519921,64.088988666295,0.00019863942739843
3.85e-06,49.458037950202,64.953347554266,0.00020491668723316
3.9e-06,50.110077729559,65.818802775054,0.00021136735609501
3.95e-06,50.765709878294,66.68266429275,0.00021801574628898
4e-06,51.425273635363,67.543352852102,0.0002248490049601
4.05e-06,52.087924161977,68.401500937671,0.00023183202595241
4.1e-06,52.75197934589,69.259396822544,0.00023894182712003
4.15e-06,53.41538628382,70.119331978562,0.00024618888967787
4.2e-06,54.076347606195,70.982154989188,0.00025360546658212
4.25e-06,54.734023152889,71.846995513245,0.00026121242537098
4.3e-06,55.389006157321,72.712132873849,0.0002689964274399
4.35e-06,56.043224213474,73.576191410911,0.00027691958943379
4.4e-06,56.699160744827,74.438792503071,0.00028495315552632
4.45e-06,57.358691232929,75.300360249981,0.00029310445181973
4.5e-06,58.022138336779,76.161479748206,0.0003014111242198
4.55e-06,58.688076010875,77.022413925648,0.00030990857183214
4.6e-06,59.354026931985,77.883140697138,0.00031859833352911
4.65e-06,60.017688534504,78.743746766894,0.0003274472480289
4.7e-06,60.678012856879,79.604684785334,0.0003364163608836
4.75e-06,61.335578940896,80.466563553291,0.00034549331017467
4.8e-06,61.99212828592,81.329583718473,0.00035469885259024
4.85e-06,62.649611936707,82.193116196457,0.00036406287455962
4.9e-06,63.309320069598,83.055892907324,0.00037359364085171
4.95e-06,63.971505369365,83.916794985716,0.00038326935020097
5e-06,64.635528215715,84.775678749574,0.00039305988874639
5.05e-06,65.300267447506,85.633576239607,0.00040295612885929
5.1e-06,65.964512731016,86.49203834394,0.00041298040240485
5.15e-06,66.62724375116,87.35207716112,0.0004231662654203
5.2e-06,67.287867728539,88.213513065434,0.00043352734958752
5.25e-06,67.946458425268,89.075219151499,0.00044404494657248
5.3e-06,68.603872295103,89.936027613648,0.00045468659976028
5.35e-06,69.261531799715,90.79553585516,0.00046543898286428
5.4e-06,69.920818155154,91.654177782384,0.00047632434396884
5.45e-06,70.582359704024,92.512631802614,0.00048738436918264
5.5e-06,71.245623128773,93.371123303293,0.0004986469116831
5.55e-06,71.909175046518,94.229366721298,0.00051010029986268
5.6e-06,72.57145523531,95.087064686467,0.00052170654146797
5.65e-06,73.231598747328,95.944456467189,0.00053342985950204
5.7e-06,73.889789488665,96.802288359483,0.00054526412050136
5.75e-06,74.546988352535,97.661165861177,0.00055722992946688
5.8e-06,75.204317341035,98.520891268931,0.00056934872054901
5.85e-06,75.862549714795,99.380455915939,0.00058161903098107
5.9e-06,76.521963462735,100.23877905489,0.00059401752057968
5.95e-06,77.182470588974,101.09558420967,0.00060652268378298
6e-06,77.843759277943,101.95164261492,0.00061913741095894
6.05e-06,78.505306929995,102.8081578022,0.00063188772828329
6.1e-06,79.16637145167,103.66582281689,0.00064479804196236
6.15e-06,79.826163608942,104.52435793631,0.00065786609435932
6.2e-06,80.484231579948,105.38288503678,0.00067106184806824
6.25e-06,81.140818193921,106.24074169066,0.00068435254697469
6.3e-06,81.796866449788,107.09797881561,0.00069773200970136
6.35e-06,82.45356993522,107.95513295319,0.00071122736783229
6.4e-06,83.111721054655,108.81256688766,0.00072487686806626
6.45e-06,83.771290400598,109.67006059294,0.00073869810426164
6.5e-06,84.431509460169,110.52705594991,0.00075267455637401
6.55e-06,85.091358760517,111.3833002994,0.00076677147713487
6.6e-06,85.750094709691,112.23923471687,0.00078096573135748
6.65e-06,86.407488838809,113.095711757,0.00079526252872119
6.7e-06,87.063733301432,113.95327022359,0.00080968555904565
6.75e-06,87.719217695953,114.81162723874,0.00082425130787456
6.8e-06,88.374395766851,115.66986257521,0.00083895263813579
6.85e-06,89.029768800167,116.52714420292,0.00085376655235384
6.9e-06,89.685838501187,117.3833618535,0.00086867743320468
6.95e-06,90.342911282895,118.2391356567,0.00093409632006254
7e-06,91.000835806211,119.09523945796,0.0010528505587074
7.05e-06,91.658913007575,119.95198458487,0.001180811418052
7.1e-06,92.316151006771,120.80909527642,0.001318545585825
7.15e-06,92.971777366239,121.66611606249,0.0014666976447052
7.2e-06,93.625690218479,122.5229031579,0.001625983575405
7.25e-06,94.278537854502,123.37971650307,0.001797192078718
7.3e-06,94.931369148701,124.23685218244,0.0019811767015905
7.35e-06,95.58509085214,125.09421358849,0.0021788368947504
7.4e-06,96.240070841845,125.95127654119,0.0023911032910026
7.45e-06,96.896081820149,126.80752034132,0.002618937782556
7.5e-06,97.55251200715,127.6629186175,0.0028615612219649
7.55e-06,98.208660666201,128.51805754057,0.0031248595647352
7.6e-06,98.863945088298,129.37371437033,0.0034047231819285
7.65e-06,99.518014696755,130.23026143046,0.0037047943099982
7.7e-06,100.17083873273,131.08739420273,0.0040254222557441
7.75e-06,100.82277830221,131.94438841469,0.0043677740424496
7.8e-06,101.47455578788,132.80064482494,0.0047329339651034
7.85e-06,102.12702512632,133.65606222711,0.0051218777314704
7.9e-06,102.78077817767,134.51097388937,0.0055355417851703
7.95e-06,103.43579000812,135.36578150282,0.0059748500136854
8e-06,104.09134852328,136.22065463357,0.0064407816536009
8.05e-06,104.7463643857,137.07554245258,0.0069343010183953
8.1e-06,105.39991158496,137.93041413416,0.0074562786648843
8.15e-06,106.05169097732,138.78542935018,0.0080075444273616
8.2e-06,106.70215761632,139.64083435786,0.0085889071320954
8.25e-06,107.35226691215,140.49667484358,0.00920115380331
8.3e-06,108.00301471892,141.35262173555,0.0098449437111351
8.35e-06,108.65502629296,142.20812294583,0.010520823674058
8.4e-06,109.3083648978,143.06279872211,0.011229238414426
8.45e-06,109.96257665531,143.91676063295,0.01197056640014
8.5e-06,110.61689535969,144.77058890567,0.012748654843874
8.55e-06,111.27050368473,145.62495267923,0.013555388151779
8.6e-06,111.92280247555,146.48017654039,0.014397012349227
8.65e-06,112.57363261959,147.33605846319,0.015267750577231
8.7e-06,113.22338925333,148.19206562695,0.016177497951559
8.75e-06,113.87293095501,149.04770582814,0.017117855419395
8.8e-06,114.5232632002,149.90279698735,0.018095329453564
8.85e-06,115.17509026651,150.75746155889,0.019102377455542
8.9e-06,115.82845255524,151.61193369488,0.020144955875369
8.95e-06,116.48266056119,152.46638695638,0.021221327371533
9e-06,117.13659440231,153.32091936434,0.022332108421546
9.05e-06,117.7892316299,154.17564806135,0.02347804397098
9.1e-06,118.44012985342,155.03075257429,0.024658588947757
9.15e-06,119.08961673411,155.88637069479,0.025875185756362
9.2e-06,119.73860812751,156.74242297724,0.027126960665219
9.25e-06,120.38817390641,157.59854937547,0.02841444465306
9.3e-06,121.03907966049,158.45427228316,0.029736997334344
9.35e-06,121.69150465556,159.30930626855,0.031095648943751
9.4e-06,122.34501900878,160.16378738365,0.032488894043465
9.45e-06,122.99878420409,161.01823147617,0.033918249182292
9.5e-06,123.65187865109,161.87323093048,0.035381861176342
9.55e-06,124.30364077109,162.72909988182,0.03688174912468
9.6e-06,124.95393026717,163.58571401538,0.038415618098867
9.65e-06,125.60321658247,164.44263654729,0.039985540946409
9.7e-06,126.25243285369,165.29940898088,0.041588931920089
9.75e-06,126.90261163538,166.1557869129,0.043227707292732
9.8e-06,127.55443143224,167.01178365346,0.044899209208576
9.85e-06,128.2078837944,167.86755771921,0.046605515560991
9.9e-06,128.86224561447,168.72328748737,0.0483440098225
9.95e-06,129.51639703548,169.57913534965,0.050117000669433
1e-05,130.16934181513,170.43528267421,0.051922104038358
1.005e-05,130.82065014904,171.2918985511,0.053777443431334
1.01e-05,131.47063139802,172.14904728867,0.055632087991043
1.015e-05,132.12014456964,173.00654710717,0.057561203749523
1.02e-05,132.77019565081,173.86398463227,0.059483223677936
1.025e-05,133.4215009145,174.72088683657,0.061483977078721
1.03e-05,134.07423016225,175.57702259401,0.063477646374813
1.035e-05,134.72797617805,176.43257173841,0.065551805312157
1.04e-05,135.38193456375,177.288044605,0.067635079313712
1.045e-05,136.03520941594,178.14397964558,0.069765946044692
1.05e-05,136.68714946991,179.00062755813,0.071931633723205
1.055e-05,137.33761114477,179.85783331899,0.074138569808627
1.06e-05,137.98704828324,180.715175492,0.076384281180205
1.065e-05,138.63636427749,181.57223788704,0.078672800256766
1.07e-05,139.28654942626,182.42881490398,0.081001999886378
1.075e-05,139.93824184368,183.28493967647,0.083375562450264
1.08e-05,140.59142085726,184.14077940542,0.085791280230243
1.085e-05,141.24540180352,184.99652589754,0.088252395997515
1.09e-05,141.89915251539,185.8523619074,0.090755937354722
1.095e-05,142.55177716591,186.70847217067,0.093304918467615
1.1e-05,143.20292211227,187.56501281191,0.095896624042182
1.105e-05,143.85290820634,188.42201001845,0.098534422629373
1.11e-05,144.50254833031,189.27926657587,0.10121612201479
1.115e-05,145.15276745427,190.1363952096,0.10394206184383
1.12e-05,145.80421570726,190.99301371157,0.10671386163982
1.125e-05,146.45703193653,191.84899284748,0.10952857001803
1.13e-05,147.11082280549,192.70457506701,0.11238909989389
1.135e-05,147.76483504202,193.56025739801,0.11529177281586
1.14e-05,148.41824808035,194.41650404429,0.11823931108769
1.145e-05,149.07049266722,195.27348335699,0.12122820591998
1.15e-05,149.72149057199,196.13100319492,0.12426141165005
1.155e-05,150.37171645872,196.98866722573,0.12733545329115
1.16e-05,151.02202932017,197.84611895552,0.13045337548758
1.165e-05,151.6733152792,198.70320278519,0.133611752256
1.17e-05,152.32608870961,199.55996721404,0.13681385160272
1.175e-05,152.98024593123,200.41656740019,0.14005641701284
1.18e-05,153.63510705898,201.27317729811,0.1433424806912
1.185e-05,154.289735766,202.12996513257,0.14666864180514
1.19e-05,154.9433771275,202.98709347504,0.15003794871722
1.195e-05,155.59579298095,203.84467625169,0.15344709682559
1.2e-05,156.24733817798,204.70268748807,0.15690038226594
1.205e-05,156.89876442509,205.56090147162,0.16039426720677
1.21e-05,157.55087066521,206.41895533375,0.16393382436091
1.215e-05,158.20416976278,207.27653628994,0.16751701530845
1.22e-05,158.85870258321,208.13358016089,0.17114571321511
1.225e-05,159.51404721604,208.99033313434,0.17482196844682
1.23e-05,160.16949584323,209.84721686291,0.17854500376611
1.235e-05,160.82432785944,210.70458157979,0.18231848407191
1.24e-05,161.47808823369,211.56251442607,0.1861407150169
1.245e-05,162.13077443365,212.42082360638,0.19001738845315
1.25e-05,162.78285096169,213.27918531303,0.19394725483694
1.255e-05,163.43506398739,214.13733120735,0.19793221048775
1.26e-05,164.08811586495,214.99515229193,0.20197850322416
1.265e-05,164.7423406118,215.85268587201,0.20608383490733
1.27e-05,165.3975408367,216.71004585524,0.21025457341407
1.275e-05,166.05307642898,217.56737348354,0.21448895219446
1.28e-05,166.70816612189,218.42482684036,0.21879341526511
1.285e-05,167.36224999263,219.28256530097,0.22316634837072
1.29e-05,168.01523306112,220.14068754998,0.22761485373355
1.295e-05,168.66750156177,220.99914583154,0.23213831455604
1.3e-05,169.31972541776,221.85771509158,0.2367449790394
1.305e-05,169.97255881565,222.71607734913,0.24143517174021
1.31e-05,170.62637764152,223.57399344941,0.24621757388931
1.315e-05,171.28115158346,224.43145151128,0.25109357243023
1.32e-05,171.9364795051,225.28868180869,0.25606304599027
1.325e-05,172.59175794,226.14601938157,0.2611410882776
1.33e-05,173.24641805808,227.00370627879,0.26632481369787
1.335e-05,173.90015043629,227.86176531185,0.27161579362771
1.34e-05,174.55303548263,228.72001699925,0.27701626307337
1.345e-05,175.20551915451,229.57820494396,0.28254319569527
1.35e-05,175.85822780516,230.4361295281,0.28819457457036
1.355e-05,176.51169051915,231.29371010208,0.29397877607152
1.36e-05,177.16609394052,232.15097004997,0.29990091865076
1.365e-05,177.82119190015,233.00799512459,0.30597124603984
1.37e-05,178.47641981869,233.86490916482,0.31219384654004
1.375e-05,179.13115809578,234.7218632061,0.31857951642527
1.38e-05,179.78501176969,235.57900268335,0.32513473831554
1.385e-05,180.43797135914,236.43639895835,0.33186842916083
1.39e-05,181.09038954167,237.29398367906,0.33879172733331
1.395e-05,181.7428036855,238.15154992578,0.34591691648894
1.4e-05,182.39569975209,239.00884759987,0.35325747340336
1.405e-05,183.04932123831,239.86572635806,0.36082825751729
1.41e-05,183.7035891434,240.72223169513,0.36864534613305
1.415e-05,184.3581472844,241.57858425867,0.37672575447549
1.42e-05,185.01250626829,242.43505372463,0.38508747930943
1.425e-05,185.66623437444,243.29181212919,0.39375017926897
1.43e-05,186.31912998249,244.14885971462,0.40273583786001
1.435e-05,186.97130939623,245.00605689187,0.41207056952337
1.44e-05,187.62316591727,245.86322105947,0.42178388438238
1.445e-05,188.27520527539,246.72021564658,0.43191002131604
1.45e-05,188.92782290756,247.57698667272,0.44248845052467
1.455e-05,189.58112607147,248.43355401719,0.45356592454885
1.46e-05,190.23488935505,249.28999147441,0.46520243404903
1.465e-05,190.88866680345,250.14641435537,0.47745926462668
1.47e-05,191.54200317673,251.00296206734,0.49040504938732
1.475e-05,192.19463841317,251.85975501418,0.50412497374203
1.48e-05,192.84661015111,252.71683197093,0.51872043330726
1.485e-05,193.49821798874,253.57410831175,0.53431466567757
1.49e-05,194.14988151719,254.43139815592,0.55105794578981
1.495e-05,194.80196480513,255.2885036331,0.56949724267361
1.5e-05,195.45463995905,256.14532203493,0.59004351132547
1.505e-05,196.04677536875,256.89756832568,0.61257775673409
1.51e-05,196.46380558963,257.35937603788,0.63746963563714
1.515e-05,196.6480280055,257.46303439131,0.66516053009581
1.52e-05,196.65217419211,257.34209469932,0.69615146293063
1.525e-05,196.58935757607,257.21646821812,0.73096000857546
1.53e-05,196.55032870253,257.22451375814,0.76998035990122
1.535e-05,196.55779119265,257.34593737246,0.81314902773168
1.54e-05,196.58181559138,257.45965924554,0.85931192035224
1.545e-05,196.58913446646,257.46846117103,0.90526122165334
1.55e-05,196.57800102768,257.37903128063,0.94548816825147
1.555e-05,196.57249560658,257.279738333,0.97448785447278
1.56e-05,196.59057981683,257.25228265362,0.99115956931445
1.565e-05,196.62150817096,257.30331716015,0.99937290130035
1.57e-05,196.63447337465,257.37174532061,1
1.575e-05,196.60836261441,257.39356708976,1
1.58e-05,196.55319048838,257.35859505222,1
1.585e-05,196.50327946551,257.31007988285,1
1.59e-05,196.48917495353,257.29604860913,1
1.595e-05,196.51377474376,257.32336681077,1
1.6e-05,196.55251586995,257.35638581045,1
1.605e-05,196.57505038252,257.35603797986,1
1.61e-05,196.56807923741,257.31840740896,1
1.615e-05,196.54084425307,257.2766281262,1
1.62e-05,196.51215120406,257.26752744376,1
1.625e-05,196.49348854928,257.29695285058,1
1.63e-05,196.48331396614,257.33592911629,1
1.635e-05,196.474709622,257.34870683563,1
1.64e-05,196.4659229993,257.32462225524,1
1.645e-05,196.46240248598,257.28485032284,1
1.65e-05,196.46908686429,257.26056831627,1
1.655e-05,196.48197946065,257.26503913796,1
1.66e-05,196.48853178628,257.28506728679,1
1.665e-05,196.47734095951,257.29694681602,1
1.67e-05,196.44837864635,257.28935888435,1
1.675e-05,196.41426095895,257.27153630526,1
1.68e-05,196.39119454532,257.26113242231,1
1.685e-05,196.38729440789,257.26563704546,1
1.69e-05,196.39777876214,257.27566853359,1
1.695e-05,196.41007408688,257.275440595,1
1.7e-05,196.41351261895,257.25898197648,1
1.705e-05,196.40546675323,257.23616489951,1
1.71e-05,196.39014598369,257.22336994093,1
1.715e-05,196.37304672092,257.22834462075,1
1.72e-05,196.3569279098,257.24353411748,1
1.725e-05,196.34228775122,257.25338338336,1
1.73e-05,196.33025430423,257.24804676042,1
1.735e-05,196.32368173581,257.23087799791,1
1.74e-05,196.3247393808,257.21384119731,1
1.745e-05,196.33144552784,257.20628957485,1
1.75e-05,196.33711511555,257.20774315974,1
1.755e-05,196.33411427167,257.21037767476,1
1.76e-05,196.31921829507,257.20750416391,1
1.765e-05,196.29618201481,257.19944959396,1
1.77e-05,196.27336335835,257.19181090442,1
1.775e-05,196.25828332641,257.188805154,1
1.78e-05,196.25326158,257.18873115387,1
1.785e-05,196.25501481558,257.18583699947,1
1.79e-05,196.25776017862,257.17638193568,1
1.795e-05,196.25694072384,257.1628211242,1
1.8e-05,196.25097396883,257.15215744464,1
1.805e-05,196.24064512666,257.15012615699,1
1.81e-05,196.22765482638,257.15655455072,1
1.815e-05,196.21386100266,257.16581611043,1
1.82e-05,196.20136840003,257.17154451033,1
1.825e-05,196.1924807977,257.17124827991,1
1.83e-05,196.18876965549,257.16711503337,1
1.835e-05,196.18972788449,257.16302692757,1
1.84e-05,196.19230714731,257.16097838708,1
1.845e-05,196.19215533504,257.1600028172,1
1.85e-05,196.18599006397,257.1579681521,1
1.855e-05,196.17351940918,257.15400967989,1
1.86e-05,196.15756379658,257.14918976322,1
1.865e-05,196.14233273419,257.14501487903,1
1.87e-05,196.13107218519,257.14152491441,1
1.875e-05,196.12456948944,257.13690565334,1
1.88e-05,196.12121883088,257.12898668718,1
1.885e-05,196.11825162963,257.11721062999,1
1.89e-05,196.11316191879,257.10330642609,1
1.895e-05,196.1045659864,257.09011883249,1
1.9e-05,196.09234731807,257.07961662192,1
1.905e-05,196.07738705968,257.07167404816,1
1.91e-05,196.06119981253,257.06444925207,1
1.915e-05,196.04555498125,257.05587636298,1
1.92e-05,196.03200632206,257.04504793514,1
1.925e-05,196.02134515999,257.03255869112,1
1.93e-05,196.01320758874,257.01979937273,1
1.935e-05,196.00614019986,257.00792839486,1
1.94e-05,195.99822423438,256.99730280355,1
1.945e-05,195.98799078775,256.98762408501,1
1.95e-05,195.97511158341,256.97845858943,1
1.955e-05,195.96044213711,256.96958752404,1
1.96e-05,195.94540256682,256.96091554635,1
1.965e-05,195.93113089612,256.9521330726,1
1.97e-05,195.91799691121,256.94258151726,1
1.975e-05,195.90577913711,256.93160143127,1
1.98e-05,195.89427413229,256.91918697307,1
1.985e-05,195.88373800747,256.90640814704,1
1.99e-05,195.8746811442,256.89512859943,1
1.995e-05,195.86710097478,256.88704392049,1
2e-05,195.85981139105,256.88262565576,1
2.005e-05,195.85060772536,256.8807136477,1
2.01e-05,195.83744009302,256.87908029638,1
2.015e-05,195.81993170361,256.87559376445,1
2.02e-05,195.80013091447,256.86918642794,1
2.025e-05,195.78175308499,256.86003530638,1
2.03e-05,195.76817192981,256.84901043864,1
2.035e-05,195.76036218446,256.8369911946,1
2.04e-05,195.75616544683,256.82463629293,1
2.045e-05,195.75146797116,256.81267054623,1
2.05e-05,195.74264648189,256.80222192937,1
2.055e-05,195.7287896938,256.79469641953,1
2.06e-05,195.71231169419,256.79114315999,1
2.065e-05,195.69756114577,256.79158816687,1
2.07e-05,195.68825048485,256.79490162595,1
2.075e-05,195.68522165836,256.79933157915,1
2.08e-05,195.68584119688,256.80328930996,1
2.085e-05,195.68535833443,256.80580632977,1
2.09e-05,195.67944859977,256.80642518791,1
2.095e-05,195.66652094052,256.80479255909,1
2.1e-05,195.64851598865,256.80042716028,1
2.105e-05,195.62976377522,256.79289014969,1
2.11e-05,195.6145446616,256.78217360241,1
2.115e-05,195.60472808008,256.76894642324,1
2.12e-05,195.59883754322,256.75448135429,1
2.125e-05,195.59309151894,256.74038581112,1
2.13e-05,195.58382243198,256.72834556801,1
2.135e-05,195.56983983254,256.71990936202,1
2.14e-05,195.55329789013,256.71616024506,1
2.145e-05,195.53849704741,256.71721399413,1
2.15e-05,195.52930062128,256.72181034149,1
2.155e-05,195.526721812,256.72745471476,1
2.16e-05,195.52817873844,256.73131328224,1
2.165e-05,195.52892998698,256.73147209319,1
2.17e-05,195.52487433176,256.72774941374,1
2.175e-05,195.51503909788,256.7214552085,1
2.18e-05,195.50223342927,256.71425857558,1
2.185e-05,195.49143235889,256.70704493033,1
2.19e-05,195.48683092289,256.69966976863,1
2.195e-05,195.48932443762,256.69175478369,1
2.2e-05,195.4959232191,256.6837386677,1
2.205e-05,195.50144223942,256.67711416987,1
2.21e-05,195.50143451735,256.67346085528,1
2.215e-05,195.49460593695,256.67298629744,1
2.22e-05,195.48330166202,256.67385673786,1
2.225e-05,195.47185415437,256.67307093799,1
2.23e-05,195.46387184656,256.66837741603,1
2.235e-05,195.46013478907,256.65979592553,1
2.24e-05,195.45832190058,256.6495205417,1
2.245e-05,195.45464150564,256.64024612785,1
2.25e-05,195.44630150398,256.6332506752,1
2.255e-05,195.43330834565,256.62778403778,1
2.26e-05,195.41854547881,256.62223086161,1
2.265e-05,195.40613056236,256.61601298047,1
2.27e-05,195.39905694608,256.61054647668,1
2.275e-05,195.39751160397,256.6083538934,1
2.28e-05,195.39883311215,256.6110120028,1
2.285e-05,195.3990938013,256.61765072242,1
2.29e-05,195.39533876733,256.62530782846,1
2.295e-05,195.38715249782,256.63091337338,1
2.3e-05,195.37666721451,256.63331949194,1
2.305e-05,195.36709396151,256.63376303528,1
2.31e-05,195.3607404606,256.63446886503,1
2.315e-05,195.35772812997,256.63663625438,1
2.32e-05,195.35611037999,256.63949561928,1
2.325e-05,195.35320357094,256.64113127538,1
2.33e-05,195.34726614096,256.64023277782,1
2.335e-05,195.33858336648,256.63719594904,1
2.34e-05,195.32946781087,256.63364719508,1
2.345e-05,195.32328011783,256.63088086861,1
2.35e-05,195.3229554984,256.62861091849,1
2.355e-05,195.32960697018,256.6250777448,1
2.36e-05,195.34171555699,256.61830404424,1
2.365e-05,195.35530733223,256.60731470835,1
2.37e-05,195.36527793365,256.59228052695,1
2.375e-05,195.36754818676,256.5736163757,1
2.38e-05,195.36114096465,256.55103974877,1
2.385e-05,195.34899278773,256.52357808058,1
2.39e-05,195.33676814363,256.49055115005,1
2.395e-05,195.33006938786,256.45257184913,1
2.4e-05,195.33155882362,256.41153643626,1
2.405e-05,195.33976686528,256.36949418438,1
2.41e-05,195.35039701705,256.32735327155,1
2.415e-05,195.35930672291,256.28460053739,1
2.42e-05,195.36518217353,256.24034992522,1
2.425e-05,195.37011627275,256.19483387358,1
2.43e-05,195.37775409082,256.14998843963,1
2.435e-05,195.39036082497,256.10850358223,1
2.44e-05,195.40688488397,256.07202660899,1
2.445e-05,195.42334141022,256.03999242807,1
2.45e-05,195.43520852673,256.01010586443,1
2.455e-05,195.44017906461,255.98015940463,1
2.46e-05,195.4394518846,255.94974162304,1
2.465e-05,195.43679427629,255.92043755793,1
2.47e-05,195.43608081553,255.89433564732,1
2.475e-05,195.43893169804,255.87205925167,1
2.48e-05,195.44391595894,255.85197556917,1
2.485e-05,195.4477474811,255.83131663377,1
2.49e-05,195.44767005607,255.80839533872,1
2.495e-05,195.44352820885,255.78416443277,1
2.5e-05,195.43821658323,255.76182591432,1
2.505e-05,195.43615973027,255.7447119142,1
2.51e-05,195.4406619125,255.73402676138,1
2.515e-05,195.45171066488,255.72816420547,1
2.52e-05,195.46564961567,255.72408375184,1
2.525e-05,195.47707583238,255.71962385129,1
2.53e-05,195.4819381015,255.71492937393,1
2.535e-05,195.47996892707,255.71192511572,1
2.54e-05,195.47488446704,255.71234833234,1
2.545e-05,195.47214059378,255.7159759185,1
2.55e-05,195.47560939753,255.72045913025,1
2.555e-05,195.48527842011,255.72283863832,1
2.56e-05,195.49742710678,255.72148426249,1
2.565e-05,195.50709218143,255.71696394081,1
2.57e-05,195.51112234083,255.7113200549,1
2.575e-05,195.50979482327,255.70653642933,1
2.58e-05,195.50605570473,255.70350615528,1
2.585e-05,195.50314832056,255.70218805888,1
2.59e-05,195.50247096533,255.70250433574,1
2.595e-05,195.50318638301,255.70492462075,1
2.6e-05,195.5036692498,255.71010881232,1
2.605e-05,195.50344130476,255.71798452247,1
2.61e-05,195.50391267305,255.72724643131,1
2.615e-05,195.50726897841,255.7359065484,1
2.62e-05,195.5144084154,255.74253444473,1
2.625e-05,195.52369398015,255.74713493945,1
2.63e-05,195.53172115783,255.75087678614,1
2.635e-05,195.53571125306,255.75488348659,1
2.64e-05,195.53575162503,255.7591311722,1
2.645e-05,195.53505243495,255.76241108547,1
2.65e-05,195.53780264694,255.76338003873,1
2.655e-05,195.54606001476,255.76177458009,1
2.66e-05,195.55796830673,255.75874044965,1
2.665e-05,195.56873520402,255.75601762463,1
2.67e-05,195.57379717479,255.75470673757,1
2.675e-05,195.57193595179,255.75465460021,1
2.68e-05,195.56607819194,255.75489211104,1
2.685e-05,195.56117982506,255.75461514772,1
2.69e-05,195.56074319733,255.75377133591,1
2.695e-05,195.56452379076,255.75275862765,1
2.7e-05,195.56908468779,255.75161371486,1
2.705e-05,195.57072076926,255.74955758293,1
2.71e-05,195.56850863074,255.74543157767,1
2.715e-05,195.56516500883,255.7387178108,1
2.72e-05,195.56505047283,255.73026382607,1
2.725e-05,195.57078696222,255.72203974409,1
2.73e-05,195.58098339982,255.71605914802,1
2.735e-05,195.59075957376,255.71328171169,1
2.74e-05,195.59475574386,255.71329779994,1
2.745e-05,195.59057981192,255.71491871842,1
2.75e-05,195.58038350883,255.71707210988,1
2.755e-05,195.56957707392,255.71925115055,1
2.76e-05,195.56360013771,255.7212739368,1
2.765e-05,195.56485599873,255.72277707887,1
2.77e-05,195.57167146183,255.72308153798,1
2.775e-05,195.57975248508,255.72165225624,1
2.78e-05,195.58505201974,255.71873088823,1
2.785e-05,195.58621653627,255.71546319658,1
2.79e-05,195.58518779936,255.71323211186,1
2.795e-05,195.58573983298,255.71261954796,1
2.8e-05,195.59094660277,255.71283119869,1
2.805e-05,195.60112443968,255.7121391073,1
2.81e-05,195.61343202715,255.70912001664,1
2.815e-05,195.62330892801,255.70381267384,1
2.82e-05,195.62688181076,255.69791938404,1
2.825e-05,195.62295437376,255.69385059616,1
2.83e-05,195.61349599619,255.69324441903,1
2.835e-05,195.60246425018,255.69595932345,1
2.84e-05,195.59377395933,255.70018557169,1
2.845e-05,195.58965438638,255.70354149092,1
2.85e-05,195.5902560199,255.70439492821,1
2.855e-05,195.5944596756,255.70259347763,1
2.86e-05,195.60104886731,255.69926756617,1
2.865e-05,195.60929595245,255.69598722589,1
2.87e-05,195.61863625086,255.69387910084,1
2.875e-05,195.62794922446,255.69319446336,1
2.88e-05,195.6353353295,255.69343821505,1
2.885e-05,195.63884674348,255.69383040348,1
2.89e-05,195.63773464428,255.69376942761,1
2.895e-05,195.63317129921,255.69308077832,1
2.9e-05,195.62766060541,255.69201795269,1
2.905e-05,195.62335046712,255.69110155245,1
2.91e-05,195.62043624067,255.69090551902,1
2.915e-05,195.61696445947,255.69186445689,1
2.92e-05,195.61040163067,255.69413126963,1
2.925e-05,195.59997222615,255.69748577327,1
2.93e-05,195.58804537985,255.70129381676,1
2.935e-05,195.57939118975,255.70454675633,1
2.94e-05,195.5786127656,255.7060463465,1
2.945e-05,195.58740484958,255.70478161511,1
2.95e-05,195.6034678206,255.70042781117,1
2.955e-05,195.62176151577,255.69372762013,1
2.96e-05,195.63717035925,255.68644114331,1
2.965e-05,195.64677933122,255.68071561739,1
2.97e-05,195.65044420017,255.67809893808,1
2.975e-05,195.64972203301,255.67875235155,1
2.98e-05,195.646371202,255.68140152316,1
2.985e-05,195.64165653769,255.68412055275,1
2.99e-05,195.63670002575,255.68545378049,1
2.995e-05,195.63305294466,255.68511407991,1
3e-05,195.63249810778,255.68381338595,1
3.005e-05,195.63595295611,255.68246258572,1
3.01e-05,195.64241696412,255.68146234269,1
3.015e-05,195.6491459381,255.68066489759,1
3.02e-05,195.65331763608,255.6799287912,1
3.025e-05,195.65410595857,255.67960662051,1
3.03e-05,195.65349300483,255.68035957595,1
3.035e-05,195.65493905836,255.68237310268,1
3.04e-05,195.66067072181,255.68473656892,1
3.045e-05,195.66954418125,255.68575504387,1
3.05e-05,195.67718629645,255.68418058715,1
3.055e-05,195.67852901526,255.6804332498,1
3.06e-05,195.67110717606,255.6766918595,1
3.065e-05,195.6568966815,255.6755546502,1
3.07e-05,195.64145817533,255.6781768465,1
3.075e-05,195.63097107125,255.68334342499,1
3.08e-05,195.6290769207,255.68828386912,1
3.085e-05,195.635421055,255.69065763597,1
3.09e-05,195.64653452657,255.69017435109,1
3.095e-05,195.65819178387,255.68859369331,1
3.1e-05,195.66761914303,255.68816289477,1
3.105e-05,195.6742867547,255.68979954258,1
3.11e-05,195.67909602817,255.69247421116,1
3.115e-05,195.68280348758,255.69419962106,1
3.12e-05,195.68489338367,255.6937091657,1
3.125e-05,195.68369509932,255.6914219316,1
3.13e-05,195.67766043128,255.68899299298,1
3.135e-05,195.66691006123,255.68796103762,1
3.14e-05,195.6539061592,255.68867188748,1
3.145e-05,195.64259578915,255.69027363448,1
3.15e-05,195.6363636284,255.69158995566,1
3.155e-05,195.6360344439,255.69200038052,1
3.16e-05,195.63932197446,255.6916285179,1
3.165e-05,195.64228045449,255.69088141272,1
3.17e-05,195.64192788368,255.68994041391,1
3.175e-05,195.63824320994,255.6886940782,1
3.18e-05,195.63401296076,255.68704102503,1
3.185e-05,195.63248943904,255.68510622574,1
3.19e-05,195.63451406413,255.68309045875,1
3.195e-05,195.63733577718,255.68097000388,1
3.2e-05,195.63622710226,255.67849968101,1
3.205e-05,195.62789282793,255.67565220072,1
3.21e-05,195.61316984423,255.67307203861,1
3.215e-05,195.59687476119,255.67195281043,1
3.22e-05,195.58472178824,255.67322792799,1
3.225e-05,195.57948023042,255.67668435636,1
3.23e-05,195.57921334456,255.68084125784,1
3.235e-05,195.57894516306,255.68385962089,1
3.24e-05,195.57453093404,255.68482346249,1
3.245e-05,195.56582161688,255.68431568054,1
3.25e-05,195.55671949111,255.68375520824,1
3.255e-05,195.5520510805,255.68404121156,1
3.26e-05,195.55357503955,255.68470226148,1
3.265e-05,195.55810691999,255.6843455183,1
3.27e-05,195.55921302905,255.68205327221,1
3.275e-05,195.55136370764,255.67848917479,1
3.28e-05,195.5337095621,255.67566533374,1
3.285e-05,195.51093574969,255.6754576796,1
3.29e-05,195.49065778039,255.67806665563,1
3.295e-05,195.47908934611,255.68172984814,1
3.3e-05,195.47771606467,255.68398924806,1
3.305e-05,195.48290096836,255.68353974869,1
3.31e-05,195.48840617477,255.68120560922,1
3.315e-05,195.48906781515,255.67929230602,1
3.32e-05,195.48336662344,255.67984237221,1
3.325e-05,195.47355897304,255.68313990171,1
3.33e-05,195.46365134129,255.68754615726,1
3.335e-05,195.45674959679,255.69069004554,1
3.34e-05,195.45346638556,255.69105858707,1
3.345e-05,195.45215029344,255.68885775618,1
3.35e-05,195.4504128734,255.68567181566,1
3.355e-05,195.44666484964,255.68334226018,1
3.36e-05,195.44060942635,255.68293572861,1
3.365e-05,195.4326239973,255.6844318918,1
3.37e-05,195.42289328781,255.68713521851,1
3.375e-05,195.41129045686,255.69031871647,1
3.38e-05,195.39822763399,255.69356870936,1
3.385e-05,195.38565735111,255.6966572223,1
3.39e-05,195.37701464408,255.69919472743,1
3.395e-05,195.37558422786,255.70048844291,1
3.4e-05,195.38210645177,255.69984560933,1
3.405e-05,195.39334851468,255.69716918689,1
3.41e-05,195.40302695546,255.69338566301,1
3.415e-05,195.40495953606,255.69026186099,1
3.42e-05,195.39667342095,255.68954086523,1
3.425e-05,195.38113405351,255.69183406442,1
3.43e-05,195.36529358498,255.6959904312,1
3.435e-05,195.35615959378,255.69947316781,1
3.44e-05,195.35671444759,255.69966840104,1
3.445e-05,195.36416970084,255.69541030388,1
3.45e-05,195.37161450821,255.68778682157,1
3.455e-05,195.3720500572,255.67968319371,1
3.46e-05,195.36240724596,255.67428973536,1
3.465e-05,195.34524414048,255.6734335532,1
3.47e-05,195.32726484192,255.67667517539,1
3.475e-05,195.31564850377,255.68161802455,1
3.48e-05,195.31432658376,255.68517201192,1
3.4825e-05,195.31827054151,255.68593926916,1
3.4875e-05,195.32838157454,255.68330180396,1
3.4925e-05,195.33963734109,255.67723097479,1
3.4975e-05,195.34554000182,255.66959276884,1
3.5025e-05,195.34312295844,255.66310253892,1
3.5075e-05,195.33291020375,255.6598585015,1
3.5125e-05,195.31788861782,255.66045551695,1
3.5175e-05,195.30176410908,255.66376605111,1
3.5225e-05,195.28764028673,255.66750197956,1
3.5275e-05,195.27760176033,255.66930421988,1
3.5325e-05,195.27287985974,255.66782344853,1
3.5375e-05,195.27393861108,255.66324450265,1
3.5425e-05,195.28015627506,255.65702519714,1
3.5475e-05,195.28943054365,255.65107842957,1
3.5525e-05,195.29837944773,255.64690641595,1
3.5575e-05,195.30348760675,255.64511107001,1
3.5625e-05,195.30277885286,255.64536732657,1
3.5675e-05,195.29700977523,255.64666585733,1
3.5725e-05,195.28949608645,255.6476234123,1
3.5775e-05,195.28448655817,255.64684403179,1
3.5825e-05,195.28493371451,255.64341521724,1
3.5875e-05,195.29091804739,255.63746993178,1
3.5925e-05,195.29959624247,255.63048078119,1
3.5975e-05,195.30665545571,255.62490974576,1
3.6025e-05,195.30845379655,255.62318701369,1
3.6075e-05,195.30375855524,255.626516479,1
3.6125e-05,195.29430368245,255.63424453977,1
3.6175e-05,195.2839963505,255.64420864862,1
3.6225e-05,195.2771725811,255.65380955672,1
3.6275e-05,195.27664209041,255.66107266563,1
3.6325e-05,195.28232976516,255.66508204073,1
3.6375e-05,195.29112062517,255.66576348223,1
3.6425e-05,195.2980635118,255.66351007757,1
3.6475e-05,195.29848962706,255.65911459944,1
3.6525e-05,195.29010868866,255.65395944971,1
3.6575e-05,195.27406767707,255.64996404287,1
3.6625e-05,195.25443073192,255.64891053231,1
3.6675e-05,195.23635363828,255.65141355817,1
3.6725e-05,195.22390647921,255.65635896267,1
3.6775e-05,195.21861909239,255.6614913839,1
3.6825e-05,195.21932892246,255.66496841781,1
3.6875e-05,195.22315715058,255.6668042333,1
3.6925e-05,195.22692568776,255.66901742485,1
3.6975e-05,195.22832235103,255.67418831026,1
3.7025e-05,195.22649222476,255.68337340426,1
3.7075e-05,195.22211076982,255.6949142954,1
3.7125e-05,195.21710764244,255.70509369343,1
3.7175e-05,195.21409720065,255.71025581605,1
3.7225e-05,195.21549288391,255.70895624509,1
3.7275e-05,195.22243542666,255.70273742449,1
3.7325e-05,195.23396730245,255.6951631065,1
3.7375e-05,195.24702972397,255.68993465062,1
3.7425e-05,195.25758773193,255.68935591156,1
3.7475e-05,195.26255941134,255.69389064628,1
3.7525e-05,195.26161820707,255.70263164001,1
3.7575e-05,195.25780067603,255.71397108622,1
3.7625e-05,195.2563675787,255.72596328229,1
3.7675e-05,195.26229412726,255.73645287087,1
3.7725e-05,195.27757953255,255.74336689995,1
3.7775e-05,195.29978117262,255.74533189823,1
3.7825e-05,195.32264380862,255.7422696958,1
3.7875000000001e-05,195.33867464858,255.73542176379,1
3.7925000000001e-05,195.34253301722,255.72662947318,1
3.7975000000001e-05,195.33365407559,255.71734916146,1
3.8025000000001e-05,195.3168319551,255.7081851171,1
3.8075000000001e-05,195.30040560942,255.69933165042,1
3.8125000000001e-05,195.2927931509,255.6915082393,1
3.8175000000001e-05,195.29889707751,255.68644875032,1
3.8225000000001e-05,195.31799039993,255.68627606378,1
3.8275000000001e-05,195.34404111049,255.6920046466,1
3.8325000000001e-05,195.36833114749,255.70224280468,1
3.8375000000001e-05,195.3831851505,255.71321097333,1
3.8425000000001e-05,195.38513520594,255.72036106801,1
3.8475000000001e-05,195.37614282013,255.72078095179,1
3.8525000000001e-05,195.36242838666,255.71501191635,1
3.8575000000001e-05,195.35155841067,255.70726991014,1
3.8625000000001e-05,195.34917446633,255.70401354189,1
3.8675000000001e-05,195.35678653292,255.71163153716,1
3.8725000000001e-05,195.37144253982,255.73423566767,1
3.8775000000001e-05,195.3871951603,255.77221705756,1
3.8825000000001e-05,195.39757591295,255.82181474119,1
3.8875000000001e-05,195.39804035897,255.87579550065,1
3.8925000000001e-05,195.38755166964,255.92534321524,1
3.8975000000001e-05,195.3688942203,255.96301291533,1
3.9025000000001e-05,195.34771436448,255.98595331694,1
3.9075000000001e-05,195.3305902164,255.99792607182,1
3.9125000000001e-05,195.32267508811,256.00866701715,1
3.9175000000001e-05,195.32567046547,256.03022924148,1
3.9225000000001e-05,195.3369501745,256.07167497544,1
3.9275000000001e-05,195.35038886566,256.13472460136,1
3.9325000000001e-05,195.35878474729,256.21273581468,1
3.9375000000001e-05,195.3569505419,256.29363366697,1
3.9425000000001e-05,195.34405376881,256.3651994261,1
3.9475000000001e-05,195.32401377751,256.41989072108,1
3.9525000000001e-05,195.30369309879,256.4568763156,1
3.9575000000001e-05,195.28976046631,256.48077557318,1
3.9625000000001e-05,195.28577720274,256.49841034795,1
3.9675000000001e-05,195.29087258262,256.51557851251,1
3.9725000000001e-05,195.30048269032,256.53525936036,1
3.9775000000001e-05,195.30860609,256.55749328163,1
3.9825000000001e-05,195.31044363455,256.58035938219,1
3.9875000000001e-05,195.30433301426,256.60135887517,1
3.9925000000001e-05,195.29234630668,256.61876494298,1
3.9975000000001e-05,195.27944501103,256.6326149164,1
4.0025000000001e-05,195.27150006763,256.64490661861,1
4.0075000000001e-05,195.27280983262,256.65860342053,1
4.0125000000001e-05,195.28401826475,256.67560752817,1
4.0175000000001e-05,195.30140235674,256.69472219922,1
4.0225000000001e-05,195.31811799794,256.71106078574,1
4.0250000000001e-05,195.32614943886,256.71814273719,1
4.0300000000001e-05,195.32730399291,256.7157441138,1
4.0350000000001e-05,195.318800455,256.69896833435,1
4.0400000000001e-05,195.30282847124,256.66858052507,1
4.0450000000001e-05,195.28722060273,256.63241020104,1
4.0500000000001e-05,195.27984554921,256.60032183656,1
4.0550000000001e-05,195.28509604427,256.58023793471,1
4.0600000000001e-05,195.30206058488,256.57530388825,1
4.0650000000001e-05,195.32513024299,256.58331697612,1
4.0700000000001e-05,195.34653571866,256.59813070157,1
4.0750000000001e-05,195.35955905656,256.61198709716,1
4.0800000000001e-05,195.36113030273,256.61787613033,1
4.0850000000001e-05,195.35296020075,256.61154551657,1
4.0900000000001e-05,195.34090522629,256.59297649775,1
4.0950000000001e-05,195.3327483747,256.56686355146,1
4.1000000000001e-05,195.33506045119,256.54143679248,1
4.1050000000001e-05,195.35027966257,256.52545713849,1
4.1100000000001e-05,195.37533926358,256.52434543333,1
4.1150000000001e-05,195.40272861167,256.53734959682,1
4.1200000000001e-05,195.42375902693,256.55748969746,1
4.1250000000001e-05,195.43255334135,256.5745996849,1
4.1300000000001e-05,195.42871401224,256.57997019299,1
4.1350000000001e-05,195.41725178627,256.57013701173,1
4.1400000000001e-05,195.40587173628,256.54791689808,1
4.1450000000001e-05,195.40116751551,256.52043820743,1
4.1500000000001e-05,195.40574188351,256.49551714174,1
4.1550000000001e-05,195.41753602322,256.47833879315,1
4.1600000000001e-05,195.43131761773,256.46987477723,1
4.1650000000001e-05,195.44125542791,256.46739050743,1
4.1700000000001e-05,195.4433096051,256.46647597391,1
4.1750000000001e-05,195.43662656861,256.46359762448,1
4.1800000000001e-05,195.42370577858,256.45812769159,1
4.1850000000001e-05,195.4094389701,256.45299687575,1
4.1900000000001e-05,195.39927296473,256.45354275863,1
4.1950000000001e-05,195.39697685221,256.46484641273,1
4.2000000000001e-05,195.40283951123,256.4886757943,1
4.2050000000001e-05,195.41325428588,256.52159547045,1
4.2100000000001e-05,195.42218812204,256.55541064283,1
4.2150000000001e-05,195.42403098115,256.57995024876,1
4.2200000000001e-05,195.41637883245,256.58692584808,1
4.2250000000001e-05,195.40116379774,256.5730547646,1
4.2300000000001e-05,195.38345355759,256.54114691484,1
4.2350000000001e-05,195.36866066995,256.49900247322,1
4.2400000000001e-05,195.35986262976,256.45692926793,1
4.2450000000001e-05,195.35675944572,256.42492828255,1
4.2500000000001e-05,195.35664097143,256.41024235758,1
4.2550000000001e-05,195.35645014503,256.41557928773,1
4.2600000000001e-05,195.35449646895,256.43829114016,1
4.2650000000001e-05,195.35086502521,256.47094519832,1
4.2700000000001e-05,195.34659435754,256.50355153657,1
4.2750000000001e-05,195.34246807982,256.52697722349,1
4.2800000000001e-05,195.33830232178,256.53618034506,1
4.2850000000001e-05,195.33305017019,256.53162402994,1
4.2900000000001e-05,195.32542226202,256.51804313538,1
4.2950000000001e-05,195.31449716394,256.50125894807,1
4.3000000000001e-05,195.3000148974,256.48494506641,1
4.3050000000001e-05,195.28240612203,256.46924662992,1
4.3100000000001e-05,195.26277078712,256.45191012272,1
4.3150000000001e-05,195.24289620507,256.43096658045,1
4.3200000000001e-05,195.2251785679,256.40713544618,1
4.3250000000001e-05,195.21223151896,256.38448436542,1
4.3300000000001e-05,195.20612319608,256.36907809794,1
4.3350000000001e-05,195.20746364448,256.36646765554,1
4.3400000000001e-05,195.2147624423,256.37925180629,1
4.3450000000001e-05,195.22445466763,256.40561166677,1
4.3500000000001e-05,195.23175362851,256.43917935101,1
4.3550000000001e-05,195.23213804064,256.47027371082,1
4.3600000000001e-05,195.22296329087,256.4883910264,1
4.3650000000001e-05,195.20453755188,256.48555544467,1
4.3700000000001e-05,195.18012491699,256.45958048136,1
4.3750000000001e-05,195.15474557256,256.41581370547,1
4.3800000000001e-05,195.13320738409,256.36612186138,1
4.3850000000001e-05,195.11824888773,256.32497969429,1
4.3900000000001e-05,195.10970522177,256.30408431274,1
4.3950000000001e-05,195.10511798734,256.30794190201,1
4.4000000000001e-05,195.10141508036,256.33256711499,1
4.4050000000001e-05,195.09665448782,256.36784170403,1
4.4100000000001e-05,195.09078590761,256.40213817377,1
4.4150000000001e-05,195.08501186285,256.42673588471,1
4.4200000000001e-05,195.08025034514,256.43797513381,1
4.4250000000001e-05,195.07581046364,256.43664209618,1
4.4300000000001e-05,195.06926926273,256.42568522527,1
4.4350000000001e-05,195.05774614055,256.40803447922,1
4.4400000000001e-05,195.0398311544,256.38576169348,1
4.4450000000001e-05,195.01695705823,256.36063273936,1
4.4500000000001e-05,194.99331145061,256.33514097317,1
4.4550000000001e-05,194.97424844898,256.31295013947,1
4.4600000000001e-05,194.96401516101,256.29825438231,1
4.4650000000001e-05,194.9639402055,256.29435772652,1
4.4700000000001e-05,194.97190051345,256.30224228566,1
4.4750000000001e-05,194.9831709251,256.31983396817,1
4.4800000000001e-05,194.99213055856,256.3422682377,1
4.4850000000001e-05,194.99406739362,256.36303465932,1
4.4900000000001e-05,194.98649017235,256.3756438717,1
4.4950000000001e-05,194.96969102503,256.37540521326,1
4.5000000000001e-05,194.9465599648,256.36090822848,1
4.5050000000001e-05,194.92175845169,256.33480124831,1
4.5100000000001e-05,194.90040817153,256.30351181892,1
4.5150000000001e-05,194.88656164455,256.2757628289,1
4.5200000000001e-05,194.88188859223,256.2601282753,1
4.5250000000001e-05,194.88509098228,256.26231485031,1
4.5300000000001e-05,194.8923912516,256.28312009922,1
4.5350000000001e-05,194.89901026931,256.31791053855,1
4.5400000000001e-05,194.90105643165,256.357955102,1
4.5450000000001e-05,194.89697908523,256.39322031544,1
4.5500000000001e-05,194.88789953836,256.41560345548,1
4.5550000000001e-05,194.87668000346,256.42135898207,1
4.5600000000001e-05,194.86624403176,256.41180210284,1
4.5650000000001e-05,194.85805857672,256.39212927218,1
4.5700000000001e-05,194.85159639057,256.36902772837,1
4.5750000000001e-05,194.84505568023,256.34823827843,1
4.5800000000001e-05,194.8369107443,256.33312889189,1
4.5850000000001e-05,194.82738431343,256.32469075366,1
4.5900000000001e-05,194.8189369854,256.32254911343,1
4.5950000000001e-05,194.81537209072,256.32606235151,1
4.6000000000001e-05,194.81990261384,256.3346658976,1
4.6050000000001e-05,194.83313290307,256.3472433787,1
4.6100000000001e-05,194.85204691034,256.36108149569,1
4.6150000000001e-05,194.87067164311,256.37139407414,1
4.6200000000001e-05,194.88228858041,256.37219116371,1
4.6250000000001e-05,194.88228268092,256.35850765737,1
4.6300000000001e-05,194.8703411979,256.32911351037,1
4.6350000000001e-05,194.85094493318,256.28832120214,1
4.6400000000001e-05,194.8318385252,256.24571218888,1
4.6450000000001e-05,194.82107623858,256.21347981347,1
4.6500000000001e-05,194.82388600777,256.20223224925,1
4.6550000000001e-05,194.84067719324,256.21695064981,1
4.6600000000001e-05,194.86700816063,256.25489740079,1
4.6650000000001e-05,194.89547453625,256.30650108533,1
4.6700000000001e-05,194.91866949268,256.35892076927,1
4.6750000000001e-05,194.93195348097,256.40073729509,1
4.6800000000001e-05,194.93490962618,256.42567888213,1
4.6850000000001e-05,194.93096643995,256.43378382008,1
4.6900000000001e-05,194.92546804791,256.42971851629,1
4.6950000000001e-05,194.92312504742,256.41941934599,1
4.7000000000001e-05,194.92601612708,256.40701273696,1
4.7050000000001e-05,194.93303120817,256.39364135521,1
4.7100000000001e-05,194.94096309996,256.37857898259,1
4.7150000000001e-05,194.94665983409,256.36160009507,1
4.7200000000001e-05,194.94911121036,256.34483906741,1
4.7250000000001e-05,194.95034149604,256.33276206223,1
4.7300000000001e-05,194.95455839761,256.33011798349,1
4.7350000000001e-05,194.96591248867,256.33904357332,1
4.7400000000001e-05,194.98599549191,256.357065813,1
4.7450000000001e-05,195.01242081643,256.3772576571,1
4.7500000000001e-05,195.03933121865,256.39060783486,1
4.7550000000001e-05,195.05970328905,256.38950592657,1
4.7600000000001e-05,195.06838555633,256.37076391156,1
4.7650000000001e-05,195.06442644538,256.33695751024,1
4.7700000000001e-05,195.05162014335,256.29573275093,1
4.7750000000001e-05,195.03709408159,256.25754248876,1
4.7800000000001e-05,195.02867079834,256.23268757426,1
4.7850000000001e-05,195.03218503087,256.2285236229,1
4.7900000000001e-05,195.04976367901,256.24748076866,1
4.7950000000001e-05,195.07949210928,256.28633235726,1
4.8000000000001e-05,195.11628910019,256.33695130997,1
4.8050000000001e-05,195.1534914992,256.38848794369,1
4.8100000000001e-05,195.18464118559,256.4304389771,1
4.8150000000001e-05,195.20509348923,256.45562022739,1
4.8200000000001e-05,195.21314402594,256.46192234441,1
4.8250000000001e-05,195.21038165237,256.45214090963,1
4.8300000000001e-05,195.20105976749,256.43202554085,1
4.8350000000001e-05,195.19056536371,256.40755298359,1
4.8400000000001e-05,195.18349444703,256.38278556127,1
4.8450000000001e-05,195.1821501227,256.35928565015,1
4.8500000000001e-05,195.18618461037,256.33712916638,1
4.8550000000001e-05,195.19355562998,256.31664330173,1
4.8600000000001e-05,195.20223630786,256.2996252513,1
4.8650000000001e-05,195.21166038315,256.28917567722,1
4.8700000000001e-05,195.22302549322,256.28815119556,1
4.8750000000001e-05,195.23826700917,256.29708419471,1
4.8800000000001e-05,195.25833861429,256.3127731706,1
4.8850000000001e-05,195.281880749,256.32845813711,1
4.8900000000001e-05,195.30515147805,256.33575446385,1
4.8950000000001e-05,195.32337506026,256.3277044641,1
4.9000000000001e-05,195.33287358316,256.30177373589,1
4.9050000000001e-05,195.33293468441,256.26155912803,1
4.9100000000001e-05,195.32651795229,256.21638976506,1
4.9150000000001e-05,195.31946696625,256.17874920116,1
4.9200000000001e-05,195.31854122417,256.16028404135,1
4.9250000000001e-05,195.32901891815,256.16779308937,1
4.9300000000001e-05,195.35272872202,256.20072857559,1
4.9350000000001e-05,195.38718859359,256.25124804093,1
4.9400000000001e-05,195.42616748958,256.30686045617,1
4.9450000000001e-05,195.46153947714,256.35462275398,1
4.9500000000001e-05,195.48586420456,256.38518843136,1
4.9550000000001e-05,195.49483090509,256.39514221459,1
4.9600000000001e-05,195.48868916335,256.38692256398,1
4.9650000000001e-05,195.47212921475,256.36677454671,1
4.9700000000001e-05,195.45267119065,256.34197440938,1
4.9750000000001e-05,195.43821615124,256.31862763456,1
4.9800000000001e-05,195.43470911525,256.30072330434,1
4.9850000000001e-05,195.44471984032,256.29028281493,1
4.9900000000001e-05,195.46726323688,256.28790334311,1
4.9950000000001e-05,195.49863730239,256.29303572192,1
5.0000000000001e-05,195.53373370892,256.30381508998,1
5.0050000000001e-05,195.56728525364,256.31678271835,1
5.0100000000001e-05,195.59475820597,256.32703784188,1
5.0150000000001e-05,195.61287245119,256.32914407488,1
5.0200000000001e-05,195.61987686116,256.31866940792,1
5.0250000000001e-05,195.61568979644,256.29385028705,1
5.0300000000001e-05,195.60191332941,256.25673302334,1
5.0350000000001e-05,195.58164884942,256.21327950909,1
5.0400000000001e-05,195.55903958247,256.17223307455,1
5.0450000000001e-05,195.53853902802,256.14291574597,1
5.0500000000001e-05,195.52401427219,256.13249174452,1
5.0550000000001e-05,195.51789237688,256.14350392426,1
5.0600000000001e-05,195.52060180126,256.17255620315,1
5.0650000000001e-05,195.53051311312,256.21076914508,1
5.0700000000001e-05,195.54443641759,256.24607965675,1
5.0750000000001e-05,195.55853126937,256.26676729399,1
5.0800000000001e-05,195.56932125914,256.26506937219,1
5.0850000000001e-05,195.57447367223,256.23965460342,1
5.0900000000001e-05,195.57313223574,256.19611880119,1
5.0950000000001e-05,195.56580801989,256.14536625057,1
5.1000000000001e-05,195.55401126263,256.1004403816,1
5.1050000000001e-05,195.53984505718,256.07280823362,1
5.1100000000001e-05,195.52567906428,256.0691835716,1
5.1150000000001e-05,195.51387238789,256.08974210904,1
5.1200000000001e-05,195.50643747105,256.12815659699,1
5.1250000000001e-05,195.50458777155,256.17337935335,1
5.1300000000001e-05,195.50825251372,256.21263713652,1
