time,tip_velocity,tip_x,tip_y,tip_z
0,0,27,0,0
5e-08,0,27,0,0
1e-07,0,27,0,0
1.5e-07,0,27,0,0
2e-07,0,27,0,0
2.5e-07,0,27,0,0
3e-07,0,27,0,0
3.5e-07,0,27,0,0
4e-07,0,27,0,0
4.5e-07,0,27,0,0
5e-07,0,27,0,0
5.5e-07,0,27,0,0
6e-07,0,27,0,0
6.5e-07,0,27,0,0
7e-07,0,27,0,0
7.5e-07,0,27,0,0
8e-07,0,27,0,0
8.5e-07,0,27,0,0
9e-07,0,27,0,0
9.5e-07,0,27,0,0
1e-06,0,27,0,0
1.05e-06,0,27,0,0
1.1e-06,0,27,0,0
1.15e-06,0,27,0,0
1.2e-06,0,27,0,0
1.25e-06,0,27,0,0
1.3e-06,0,27,0,0
1.35e-06,0,27,0,0
1.4e-06,0,27,0,0
1.45e-06,0,27,0,0
1.5e-06,0,27,0,0
1.55e-06,0,27,0,0
1.6e-06,0,27,0,0
1.65e-06,0,27,0,0
1.7e-06,0,27,0,0
1.75e-06,0,27,0,0
1.8e-06,0,27,0,0
1.85e-06,0,27,0,0
1.9e-06,0,27,0,0
1.95e-06,0,27,0,0
2e-06,0,27,0,0
2.05e-06,0,27,0,0
2.1e-06,0,27,0,0
2.15e-06,0,27,0,0
2.2e-06,0,27,0,0
2.25e-06,0,27,0,0
2.3e-06,0,27,0,0
2.35e-06,0,27,0,0
2.4e-06,0,27,0,0
2.45e-06,0,27,0,0
2.5e-06,0,27,0,0
2.55e-06,0,27,0,0
2.6e-06,0,27,0,0
2.65e-06,0,27,0,0
2.7e-06,0,27,0,0
2.75e-06,0,27,0,0
2.8e-06,0,27,0,0
2.85e-06,0,27,0,0
2.9e-06,0,27,0,0
2.95e-06,0,27,0,0
3e-06,0,27,0,0
3.05e-06,0,27,0,0
3.1e-06,0,27,0,0
3.15e-06,0,27,0,0
3.2e-06,0,27,0,0
3.25e-06,0,27,0,0
3.3e-06,0,27,0,0
3.35e-06,0,27,0,0
3.4e-06,0,27,0,0
3.45e-06,0,27,0,0
3.5e-06,0,27,0,0
3.55e-06,0,27,0,0
3.6e-06,0,27,0,0
3.65e-06,0,27,0,0
3.7e-06,0,27,0,0
3.75e-06,0,27,0,0
3.8e-06,0,27,0,0
3.85e-06,0,27,0,0
3.9e-06,0,27,0,0
3.95e-06,0,27,0,0
4e-06,0,27,0,0
4.05e-06,0,27,0,0
4.1e-06,0,27,0,0
4.15e-06,0,27,0,0
4.2e-06,0,27,0,0
4.25e-06,0,27,0,0
4.3e-06,0,27,0,0
4.35e-06,0,27,0,0
4.4e-06,0,27,0,0
4.45e-06,0,27,0,0
4.5e-06,0,27,0,0
4.55e-06,0,27,0,0
4.6e-06,0,27,0,0
4.65e-06,0,27,0,0
4.7e-06,0,27,0,0
4.75e-06,0,27,0,0
4.8e-06,0,27,0,0
4.85e-06,0,27,0,0
4.9e-06,0,27,0,0
4.95e-06,0,27,0,0
5e-06,0,27,0,0
5.05e-06,0,27,0,0
5.1e-06,0,27,0,0
5.15e-06,0,27,0,0
5.2e-06,0,27,0,0
5.25e-06,0,27,0,0
5.3e-06,0,27,0,0
5.35e-06,0,27,0,0
5.4e-06,0,27,0,0
5.45e-06,0,27,0,0
5.5e-06,0,27,0,0
5.55e-06,0,27,0,0
5.6e-06,0,27,0,0
5.65e-06,0,27,0,0
5.7e-06,0,27,0,0
5.75e-06,0,27,0,0
5.8e-06,0,27,0,0
5.85e-06,0,27,0,0
5.9e-06,0,27,0,0
5.95e-06,0,27,0,0
6e-06,0,27,0,0
6.05e-06,0,27,0,0
6.1e-06,0,27,0,0
6.15e-06,0,27,0,0
6.2e-06,0,27,0,0
6.25e-06,0,27,0,0
6.3e-06,0,27,0,0
6.35e-06,0,27,0,0
6.4e-06,0,27,0,0
6.45e-06,0,27,0,0
6.5e-06,0,27,0,0
6.55e-06,0,27,0,0
6.6e-06,0,27,0,0
6.65e-06,0,27,0,0
6.7e-06,0,27,0,0
6.75e-06,0,27,0,0
6.8e-06,0,27,0,0
6.85e-06,0,27,0,0
6.9e-06,0,27,0,0
6.95e-06,0,27,0,0
7e-06,0,27,0,0
7.05e-06,0,27,0,0
7.1e-06,0,27,0,0
7.15e-06,0,27,0,0
7.2e-06,0,27,0,0
7.25e-06,0,27,0,0
7.3e-06,0,27,0,0
7.35e-06,0,27,0,0
7.4e-06,0,27,0,0
7.45e-06,0,27,0,0
7.5e-06,0,27,0,0
7.55e-06,0,27,0,0
7.6e-06,0,27,0,0
7.65e-06,0,27,0,0
7.7e-06,0,27,0,0
7.75e-06,0,27,0,0
7.8e-06,0,27,0,0
7.85e-06,0,27,0,0
7.9e-06,0,27,0,0
7.95e-06,0,27,0,0
8e-06,0,27,0,0
8.05e-06,0,27,0,0
8.1e-06,0,27,0,0
8.15e-06,0,27,0,0
8.2e-06,0,27,0,0
8.25e-06,0,27,0,0
8.3e-06,0,27,0,0
8.35e-06,0,27,0,0
8.4e-06,0,27,0,0
8.45e-06,0,27,0,0
8.5e-06,0,27,0,0
8.55e-06,0,27,0,0
8.6e-06,0,27,0,0
8.65e-06,0,27,0,0
8.7e-06,0,27,0,0
8.75e-06,0,27,0,0
8.8e-06,0,27,0,0
8.85e-06,0,27,0,0
8.9e-06,0,27,0,0
8.95e-06,0,27,0,0
9e-06,0,27,0,0
9.05e-06,0,27,0,0
9.1e-06,0,27,0,0
9.15e-06,0,27,0,0
9.2e-06,0,27,0,0
9.25e-06,0,27,0,0
9.3e-06,0,27,0,0
9.35e-06,0,27,0,0
9.4e-06,0,27,0,0
9.45e-06,0,27,0,0
9.5e-06,0,27,0,0
9.55e-06,0,27,0,0
9.6e-06,0,27,0,0
9.65e-06,0,27,0,0
9.7e-06,0,27,0,0
9.75e-06,0,27,0,0
9.8e-06,0,27,0,0
9.85e-06,0,27,0,0
9.9e-06,0,27,0,0
9.95e-06,0,27,0,0
1e-05,0,27,0,0
1.005e-05,0,27,0,0
1.01e-05,0,27,0,0
1.015e-05,0,27,0,0
1.02e-05,0,27,0,0
1.025e-05,0,27,0,0
1.03e-05,0,27,0,0
1.035e-05,0,27,0,0
1.04e-05,0,27,0,0
1.045e-05,0,27,0,0
1.05e-05,0,27,0,0
1.055e-05,0,27,0,0
1.06e-05,0,27,0,0
1.065e-05,0,27,0,0
1.07e-05,0,27,0,0
1.075e-05,0,27,0,0
1.08e-05,0,27,0,0
1.085e-05,0,27,0,0
1.09e-05,0,27,0,0
1.095e-05,0,27,0,0
1.1e-05,0,27,0,0
1.105e-05,0,27,0,0
1.11e-05,0,27,0,0
1.115e-05,0,27,0,0
1.12e-05,0,27,0,0
1.125e-05,0,27,0,0
1.13e-05,0,27,0,0
1.135e-05,0,27,0,0
1.14e-05,0,27,0,0
1.145e-05,0,27,0,0
1.15e-05,0,27,0,0
1.155e-05,0,27,0,0
1.16e-05,0,27,0,0
1.165e-05,0,27,0,0
1.17e-05,0,27,0,0
1.175e-05,0,27,0,0
1.18e-05,0,27,0,0
1.185e-05,0,27,0,0
1.19e-05,0,27,0,0
1.195e-05,0,27,0,0
1.2e-05,0,27,0,0
1.205e-05,0,27,0,0
1.21e-05,0,27,0,0
1.215e-05,0,27,0,0
1.22e-05,0,27,0,0
1.225e-05,0,27,0,0
1.23e-05,0,27,0,0
1.235e-05,0,27,0,0
1.24e-05,0,27,0,0
1.245e-05,0,27,0,0
1.25e-05,0,27,0,0
1.255e-05,0,27,0,0
1.26e-05,0,27,0,0
1.265e-05,0,27,0,0
1.27e-05,0,27,0,0
1.275e-05,0,27,0,0
1.28e-05,0,27,0,0
1.285e-05,0,27,0,0
1.29e-05,0,27,0,0
1.295e-05,0,27,0,0
1.3e-05,0,27,0,0
1.305e-05,0,27,0,0
1.31e-05,0,27,0,0
1.315e-05,0,27,0,0
1.32e-05,0,27,0,0
1.325e-05,0,27,0,0
1.33e-05,0,27,0,0
1.335e-05,0,27,0,0
1.34e-05,0,27,0,0
1.345e-05,0,27,0,0
1.35e-05,0,27,0,0
1.355e-05,0,27,0,0
1.36e-05,0,27,0,0
1.365e-05,0,27,0,0
1.37e-05,0,27,0,0
1.375e-05,0,27,0,0
1.38e-05,0,27,0,0
1.385e-05,0,27,0,0
1.39e-05,0,27,0,0
1.395e-05,0,27,0,0
1.4e-05,0,27,0,0
1.405e-05,0,27,0,0
1.41e-05,0,27,0,0
1.415e-05,0,27,0,0
1.42e-05,0,27,0,0
1.425e-05,0,27,0,0
1.43e-05,0,27,0,0
1.435e-05,0,27,0,0
1.44e-05,0,27,0,0
1.445e-05,0,27,0,0
1.45e-05,0,27,0,0
1.455e-05,0,27,0,0
1.46e-05,0,27,0,0
1.465e-05,0,27,0,0
1.47e-05,0,27,0,0
1.475e-05,0,27,0,0
1.48e-05,0,27,0,0
1.485e-05,0,27,0,0
1.49e-05,0,27,0,0
1.495e-05,0,27,0,0
1.5e-05,0,27,0,0
1.505e-05,0,27,0,0
1.51e-05,0,27,0,0
1.515e-05,0,27,0,0
1.52e-05,0,27,0,0
1.525e-05,1900863.2906358,27.093749999996,0.01562499999997,0
1.53e-05,937499.9999995,27.140624999996,0.01562499999997,0
1.535e-05,937499.9999995,27.187499999996,0.01562499999997,0
1.54e-05,937499.99999957,27.234374999996,0.01562499999997,0
1.545e-05,937499.9999995,27.281249999996,0.01562499999997,0
1.55e-05,624999.99999964,27.312499999996,0.01562499999997,0
1.555e-05,937499.9999995,27.359374999996,0.01562499999997,0
1.56e-05,937499.99999957,27.406249999996,0.01562499999997,0
1.565e-05,937499.9999995,27.453124999996,0.01562499999997,0
1.57e-05,937499.9999995,27.499999999996,0.01562499999997,0
1.575e-05,937499.9999995,27.546874999996,0.01562499999997,0
1.58e-05,937499.99999957,27.593749999996,0.01562499999997,0
1.585e-05,937499.9999995,27.640624999996,0.01562499999997,0
1.59e-05,1249999.9999993,27.703124999996,0.01562499999997,0
1.595e-05,937499.99999957,27.749999999995,0.01562499999997,0
1.6e-05,937499.9999995,27.796874999995,0.01562499999997,0
1.605e-05,937499.9999995,27.843749999995,0.01562499999997,0
1.61e-05,1249999.9999994,27.906249999995,0.01562499999997,0
1.615e-05,937499.99999957,27.953124999995,0.01562499999997,0
1.62e-05,937499.9999995,27.999999999995,0.01562499999997,0
1.625e-05,937499.99999943,28.046874999995,0.01562499999997,0
1.63e-05,1249999.9999994,28.109374999995,0.01562499999997,0
1.635e-05,937499.99999957,28.156249999995,0.01562499999997,0
1.64e-05,1249999.9999993,28.218749999995,0.01562499999997,0
1.645e-05,937499.9999995,28.265624999995,0.01562499999997,0
1.65e-05,1249999.9999994,28.328124999995,0.01562499999997,0
1.655e-05,937499.99999957,28.374999999995,0.01562499999997,0
1.66e-05,1249999.9999994,28.437499999995,0.01562499999997,0
1.665e-05,937499.99999943,28.484374999995,0.01562499999997,0
1.67e-05,1249999.9999994,28.546874999995,0.01562499999997,0
1.675e-05,937499.9999995,28.593749999995,0.01562499999997,0
1.68e-05,1249999.9999994,28.656249999995,0.01562499999997,0
1.685e-05,1249999.9999994,28.718749999995,0.01562499999997,0
1.69e-05,937499.99999943,28.765624999995,0.01562499999997,0
1.695e-05,1249999.9999994,28.828124999995,0.01562499999997,0
1.7e-05,1249999.9999994,28.890624999995,0.01562499999997,0
1.705e-05,937499.99999943,28.937499999995,0.01562499999997,0
1.71e-05,1249999.9999994,28.999999999995,0.01562499999997,0
1.715e-05,1249999.9999994,29.062499999995,0.01562499999997,0
1.72e-05,1249999.9999994,29.124999999995,0.01562499999997,0
1.725e-05,937499.9999995,29.171874999995,0.01562499999997,0
1.73e-05,1249999.9999994,29.234374999995,0.01562499999997,0
1.735e-05,1249999.9999994,29.296874999995,0.01562499999997,0
1.74e-05,1249999.9999992,29.359374999995,0.01562499999997,0
1.745e-05,1249999.9999994,29.421874999995,0.01562499999997,0
1.75e-05,937499.99999957,29.468749999995,0.01562499999997,0
1.755e-05,1249999.9999993,29.531249999995,0.01562499999997,0
1.76e-05,1249999.9999994,29.593749999995,0.01562499999997,0
1.765e-05,1249999.9999993,29.656249999995,0.01562499999997,0
1.77e-05,1249999.9999994,29.718749999994,0.01562499999997,0
1.775e-05,1249999.9999994,29.781249999994,0.01562499999997,0
1.78e-05,1249999.9999994,29.843749999994,0.01562499999997,0
1.785e-05,1249999.9999994,29.906249999994,0.01562499999997,0
1.79e-05,1249999.9999994,29.968749999994,0.01562499999997,0
1.795e-05,1249999.9999994,30.031249999994,0.01562499999997,0
1.8e-05,1249999.9999993,30.093749999994,0.01562499999997,0
1.805e-05,1249999.9999994,30.156249999994,0.01562499999997,0
1.81e-05,1249999.9999993,30.218749999994,0.01562499999997,0
1.815e-05,1249999.9999994,30.281249999994,0.01562499999997,0
1.82e-05,1249999.9999993,30.343749999994,0.01562499999997,0
1.825e-05,1249999.9999994,30.406249999994,0.01562499999997,0
1.83e-05,1249999.9999994,30.468749999994,0.01562499999997,0
1.835e-05,1249999.9999993,30.531249999994,0.01562499999997,0
1.84e-05,1562499.9999991,30.609374999994,0.01562499999997,0
1.845e-05,1249999.9999994,30.671874999994,0.01562499999997,0
1.85e-05,1249999.9999994,30.734374999994,0.01562499999997,0
1.855e-05,1249999.9999994,30.796874999994,0.01562499999997,0
1.86e-05,1249999.9999993,30.859374999994,0.01562499999997,0
1.865e-05,1562499.9999993,30.937499999994,0.01562499999997,0
1.87e-05,1249999.9999993,30.999999999994,0.01562499999997,0
1.875e-05,1249999.9999994,31.062499999994,0.01562499999997,0
1.88e-05,1249999.9999993,31.124999999994,0.01562499999997,0
1.885e-05,1249999.9999994,31.187499999994,0.01562499999997,0
1.89e-05,1562499.9999992,31.265624999994,0.01562499999997,0
1.895e-05,1249999.9999992,31.328124999994,0.01562499999997,0
1.9e-05,1249999.9999994,31.390624999994,0.01562499999997,0
1.905e-05,1249999.9999994,31.453124999994,0.01562499999997,0
1.91e-05,1562499.9999992,31.531249999994,0.01562499999997,0
1.915e-05,1249999.9999993,31.593749999993,0.01562499999997,0
1.92e-05,1249999.9999994,31.656249999993,0.01562499999997,0
1.925e-05,1562499.9999992,31.734374999993,0.01562499999997,0
1.93e-05,1249999.9999994,31.796874999993,0.01562499999997,0
1.935e-05,1562499.9999991,31.874999999993,0.01562499999997,0
1.94e-05,1249999.9999994,31.937499999993,0.01562499999997,0
1.945e-05,1249999.9999993,31.999999999993,0.01562499999997,0
1.95e-05,1562499.9999991,32.078124999993,0.01562499999997,0
1.955e-05,1249999.9999994,32.140624999993,0.01562499999997,0
1.96e-05,1562499.9999991,32.218749999993,0.01562499999997,0
1.965e-05,1249999.9999993,32.281249999993,0.01562499999997,0
1.97e-05,1249999.9999994,32.343749999993,0.01562499999997,0
1.975e-05,1562499.999999,32.421874999993,0.01562499999997,0
1.98e-05,1249999.9999994,32.484374999993,0.01562499999997,0
1.985e-05,1562499.9999993,32.562499999993,0.01562499999997,0
1.99e-05,1288470.5080047,32.624999999993,0.03124999999994,0
1.995e-05,1593443.5979968,32.703124999993,0.01562499999997,0
2e-05,1249999.9999994,32.765624999993,0.01562499999997,0
2.005e-05,1562499.9999993,32.843749999993,0.01562499999997,0
2.01e-05,1249999.9999991,32.906249999993,0.01562499999997,0
2.015e-05,1562499.9999993,32.984374999993,0.01562499999997,0
2.02e-05,1562499.9999993,33.062499999993,0.01562499999997,0
2.025e-05,1288470.5080047,33.124999999993,0.03124999999994,0
2.03e-05,1593443.5979968,33.203124999993,0.01562499999997,0
2.035e-05,1249999.9999994,33.265624999993,0.01562499999997,0
2.04e-05,1562499.9999993,33.343749999993,0.01562499999997,0
2.045e-05,1249999.9999991,33.406249999993,0.01562499999997,0
2.05e-05,1562499.9999993,33.484374999993,0.01562499999997,0
2.055e-05,1562499.9999993,33.562499999992,0.01562499999997,0
2.06e-05,1288470.5080047,33.624999999992,0.03124999999994,0
2.065e-05,1593443.5979968,33.703124999992,0.01562499999997,0
2.07e-05,1562499.9999993,33.781249999992,0.01562499999997,0
2.075e-05,1249999.9999994,33.843749999992,0.01562499999997,0
2.08e-05,1562499.999999,33.921874999992,0.01562499999997,0
2.085e-05,1562499.9999993,33.999999999992,0.01562499999997,0
2.09e-05,1249999.9999994,34.062499999992,0.01562499999997,0
2.095e-05,1562499.9999991,34.140624999992,0.01562499999997,0
2.1e-05,1562499.9999991,34.218749999992,0.01562499999997,0
2.105e-05,1562499.9999993,34.296874999992,0.01562499999997,0
2.11e-05,1249999.9999994,34.359374999992,0.01562499999997,0
2.115e-05,1562499.999999,34.437499999992,0.01562499999997,0
2.12e-05,1562499.9999993,34.515624999992,0.01562499999997,0
2.125e-05,1249999.9999994,34.578124999992,0.01562499999997,0
2.13e-05,1562499.999999,34.656249999992,0.01562499999997,0
2.135e-05,1562499.9999993,34.734374999992,0.01562499999997,0
2.14e-05,1562499.9999991,34.812499999992,0.01562499999997,0
2.145e-05,1562499.9999991,34.890624999992,0.01562499999997,0
2.15e-05,1562499.9999993,34.968749999992,0.01562499999997,0
2.155e-05,1249999.9999991,35.031249999992,0.01562499999997,0
2.16e-05,1562499.9999993,35.109374999992,0.01562499999997,0
2.165e-05,1562499.9999991,35.187499999992,0.01562499999997,0
2.17e-05,1562499.9999991,35.265624999992,0.01562499999997,0
2.175e-05,1562499.9999993,35.343749999992,0.01562499999997,0
2.18e-05,1562499.999999,35.421874999992,0.01562499999997,0
2.185e-05,1562499.9999993,35.499999999991,0.01562499999997,0
2.19e-05,1249999.9999994,35.562499999991,0.01562499999997,0
2.195e-05,1562499.9999991,35.640624999991,0.01562499999997,0
2.2e-05,1562499.9999991,35.718749999991,0.01562499999997,0
2.205e-05,1562499.9999993,35.796874999991,0.01562499999997,0
2.21e-05,1562499.9999991,35.874999999991,0.01562499999997,0
2.215e-05,1562499.9999991,35.953124999991,0.01562499999997,0
2.22e-05,1562499.9999993,36.031249999991,0.01562499999997,0
2.225e-05,1562499.9999993,36.109374999991,0.01562499999997,0
2.23e-05,1562499.999999,36.187499999991,0.01562499999997,0
2.235e-05,1562499.9999993,36.265624999991,0.01562499999997,0
2.24e-05,1562499.9999993,36.343749999991,0.01562499999997,0
2.245e-05,1562499.999999,36.421874999991,0.01562499999997,0
2.25e-05,1562499.9999993,36.499999999991,0.01562499999997,0
2.255e-05,1562499.9999993,36.578124999991,0.01562499999997,0
2.26e-05,1562499.999999,36.656249999991,0.01562499999997,0
2.265e-05,1562499.9999993,36.734374999991,0.01562499999997,0
2.27e-05,1562499.9999993,36.812499999991,0.01562499999997,0
2.275e-05,1562499.9999993,36.890624999991,0.01562499999997,0
2.28e-05,1562499.9999991,36.968749999991,0.01562499999997,0
2.285e-05,1562499.9999991,37.046874999991,0.01562499999997,0
2.29e-05,1562499.999999,37.124999999991,0.01562499999997,0
2.295e-05,1562499.9999993,37.203124999991,0.01562499999997,0
2.3e-05,1562499.9999991,37.281249999991,0.01562499999997,0
2.305e-05,1562499.9999991,37.359374999991,0.01562499999997,0
2.31e-05,1593443.5979968,37.43749999999,0.03124999999994,0
2.315e-05,1593443.5979968,37.51562499999,0.01562499999997,0
2.32e-05,1562499.9999993,37.59374999999,0.01562499999997,0
2.325e-05,1874999.999999,37.68749999999,0.01562499999997,0
2.33e-05,1562499.9999991,37.76562499999,0.01562499999997,0
2.335e-05,1562499.9999991,37.84374999999,0.01562499999997,0
2.34e-05,1562499.9999991,37.92187499999,0.01562499999997,0
2.345e-05,1593443.5979968,37.99999999999,0.03124999999994,0
2.35e-05,1593443.5979968,38.07812499999,0.01562499999997,0
2.355e-05,1562499.9999994,38.15624999999,0.01562499999997,0
2.36e-05,1874999.9999991,38.24999999999,0.01562499999997,0
2.365e-05,1562499.9999991,38.32812499999,0.01562499999997,0
2.37e-05,1562499.9999991,38.40624999999,0.01562499999997,0
2.375e-05,1562499.9999991,38.48437499999,0.01562499999997,0
2.38e-05,1562499.9999994,38.56249999999,0.01562499999997,0
2.385e-05,1562499.9999991,38.64062499999,0.01562499999997,0
2.39e-05,1874999.999999,38.73437499999,0.01562499999997,0
2.395e-05,1562499.9999993,38.81249999999,0.01562499999997,0
2.4e-05,1562499.9999991,38.89062499999,0.01562499999997,0
2.405e-05,1562499.9999991,38.96874999999,0.01562499999997,0
2.41e-05,1562499.9999991,39.04687499999,0.01562499999997,0
2.415e-05,1874999.9999991,39.14062499999,0.01562499999997,0
2.42e-05,1562499.9999991,39.21874999999,0.01562499999997,0
2.425e-05,1562499.9999993,39.29687499999,0.01562499999997,0
2.43e-05,1593443.5979967,39.374999999989,0.03124999999994,0
2.435e-05,1593443.5979969,39.453124999989,0.01562499999997,0
2.44e-05,1874999.999999,39.546874999989,0.01562499999997,0
2.445e-05,1593443.5979968,39.624999999989,0.03124999999994,0
2.45e-05,1593443.5979968,39.703124999989,0.01562499999997,0
2.455e-05,1562499.9999994,39.781249999989,0.01562499999997,0
2.46e-05,1900863.290717,39.874999999989,0.03124999999994,0
2.465e-05,1593443.5979969,39.953124999989,0.01562499999997,0
2.47e-05,1593443.5979969,40.031249999989,0.03124999999994,0
2.475e-05,1900863.290717,40.124999999989,0.01562499999997,0
2.48e-05,1562499.9999993,40.203124999989,0.01562499999997,0
2.485e-05,1593443.5979969,40.281249999989,0.03124999999994,0
2.49e-05,1593443.5979968,40.359374999989,0.01562499999997,0
2.495e-05,1874999.999999,40.453124999989,0.01562499999997,0
2.5e-05,1593443.5979969,40.531249999989,0.03124999999994,0
2.505e-05,1593443.5979968,40.609374999989,0.01562499999997,0
2.51e-05,1593443.5979968,40.687499999989,0.03124999999994,0
2.515e-05,1874999.9999991,40.781249999989,0.03124999999994,0
2.52e-05,1562499.9999993,40.859374999989,0.03124999999994,0
2.525e-05,1900863.290717,40.953124999989,0.01562499999997,0
2.53e-05,1593443.5979969,41.031249999989,0.03124999999994,0
2.535e-05,1562499.9999993,41.109374999989,0.03124999999994,0
2.54e-05,1562499.999999,41.187499999989,0.03124999999994,0
2.545e-05,1874999.9999991,41.281249999989,0.03124999999994,0
2.55e-05,1562499.9999993,41.359374999988,0.03124999999994,0
2.555e-05,1562499.999999,41.437499999988,0.03124999999994,0
2.56e-05,1874999.9999991,41.531249999988,0.03124999999994,0
2.565e-05,1562499.9999993,41.609374999988,0.03124999999994,0
2.57e-05,1562499.999999,41.687499999988,0.03124999999994,0
2.575e-05,1874999.9999991,41.781249999988,0.03124999999994,0
2.58e-05,1562499.9999993,41.859374999988,0.03124999999994,0
2.585e-05,1900863.290717,41.953124999988,0.01562499999997,0
2.59e-05,1593443.5979969,42.031249999988,0.03124999999994,0
2.595e-05,1562499.9999993,42.109374999988,0.03124999999994,0
2.6e-05,1900863.2907171,42.203124999988,0.01562499999997,0
2.605e-05,1593443.5979969,42.281249999988,0.03124999999994,0
2.61e-05,1562499.9999991,42.359374999988,0.03124999999994,0
2.615e-05,1874999.999999,42.453124999988,0.03124999999994,0
2.62e-05,1562499.9999991,42.531249999988,0.03124999999994,0
2.625e-05,1900863.2907173,42.624999999988,0.01562499999997,0
2.63e-05,1562499.9999991,42.703124999988,0.01562499999997,0
2.635e-05,1593443.5979968,42.781249999988,0.03124999999994,0
2.64e-05,1874999.999999,42.874999999988,0.03124999999994,0
2.645e-05,1562499.9999993,42.953124999988,0.03124999999994,0
2.65e-05,1874999.9999989,43.046874999988,0.03124999999994,0
2.655e-05,1593443.5979971,43.124999999988,0.046874999999909,0
2.66e-05,1900863.290717,43.218749999988,0.03124999999994,0
2.665e-05,1593443.5979968,43.296874999987,0.01562499999997,0
2.67e-05,1874999.999999,43.390624999987,0.01562499999997,0
2.675e-05,1593443.5979972,43.468749999987,0.03124999999994,0
2.68e-05,1900863.2907168,43.562499999987,0.01562499999997,0
2.685e-05,1562499.9999993,43.640624999987,0.01562499999997,0
2.69e-05,1874999.9999989,43.734374999987,0.01562499999997,0
2.695e-05,1682864.0022286,43.812499999987,0.046874999999909,0
2.7e-05,1976423.5376039,43.906249999987,0.01562499999997,0
2.705e-05,1682864.0022284,43.984374999987,0.046874999999909,0
2.71e-05,1976423.5376038,44.078124999987,0.01562499999997,0
2.715e-05,1682864.0022286,44.156249999987,0.046874999999909,0
2.72e-05,1900863.2907173,44.249999999987,0.03124999999994,0
2.725e-05,1593443.5979968,44.328124999987,0.01562499999997,0
2.73e-05,1900863.2907171,44.421874999987,0.03124999999994,0
2.735e-05,1682864.0022286,44.499999999987,0.062499999999879,0
2.74e-05,1976423.5376039,44.593749999987,0.03124999999994,0
2.745e-05,1593443.5979968,44.671874999987,0.046874999999909,0
2.75e-05,1874999.999999,44.765624999987,0.046874999999909,0
2.755e-05,1976423.5376036,44.859374999987,0.01562499999997,0
2.76e-05,1593443.5979971,44.937499999987,0.03124999999994,0
2.765e-05,1874999.9999991,45.031249999987,0.03124999999994,0
2.77e-05,1900863.290717,45.124999999987,0.01562499999997,0
2.775e-05,1682864.0022286,45.203124999987,0.046874999999909,0
2.78e-05,1900863.290717,45.296874999986,0.03124999999994,0
2.785e-05,1682864.0022286,45.374999999986,0.062499999999879,0
2.79e-05,1976423.5376038,45.468749999986,0.03124999999994,0
2.795e-05,1874999.9999989,45.562499999986,0.03124999999994,0
2.8e-05,1682864.0022287,45.640624999986,0.062499999999879,0
2.805e-05,1900863.290717,45.734374999986,0.046874999999909,0
2.81e-05,1976423.5376036,45.828124999986,0.01562499999997,0
2.815e-05,1822172.4671379,45.906249999986,0.062499999999879,0
2.82e-05,1900863.290717,45.999999999986,0.046874999999909,0
2.825e-05,1900863.2907171,46.093749999986,0.03124999999994,0
2.83e-05,1682864.0022284,46.171874999986,0.062499999999879,0
2.835e-05,1900863.2907171,46.265624999986,0.046874999999909,0
2.84e-05,1900863.2907171,46.359374999986,0.03124999999994,0
2.845e-05,1682864.0022286,46.437499999986,0.062499999999879,0
2.85e-05,1874999.999999,46.531249999986,0.062499999999879,0
2.855e-05,1900863.2907171,46.624999999986,0.046874999999909,0
2.86e-05,1976423.5376035,46.718749999986,0.01562499999997,0
2.865e-05,1822172.4671381,46.796874999986,0.062499999999879,0
2.87e-05,1900863.290717,46.890624999986,0.046874999999909,0
2.875e-05,1900863.2907171,46.984374999986,0.03124999999994,0
2.88e-05,1900863.2907168,47.078124999986,0.01562499999997,0
2.885e-05,1822172.467138,47.156249999986,0.062499999999879,0
2.89e-05,1900863.290717,47.249999999985,0.046874999999909,0
2.895e-05,1900863.290717,47.343749999985,0.03124999999994,0
2.9e-05,1900863.2907168,47.437499999985,0.01562499999997,0
2.905e-05,1822172.4671381,47.515624999985,0.062499999999879,0
2.91e-05,1900863.290717,47.609374999985,0.046874999999909,0
2.915e-05,1900863.290717,47.703124999985,0.03124999999994,0
2.92e-05,1900863.2907168,47.796874999985,0.01562499999997,0
2.925e-05,1822172.4671381,47.874999999985,0.062499999999879,0
2.93e-05,1874999.999999,47.968749999985,0.062499999999879,0
2.935e-05,1900863.2907168,48.062499999985,0.046874999999909,0
2.94e-05,1874999.9999993,48.156249999985,0.046874999999909,0
2.945e-05,1900863.290717,48.249999999985,0.03124999999994,0
2.95e-05,1822172.4671381,48.328124999985,0.078124999999849,0
2.955e-05,1900863.290717,48.421874999985,0.062499999999879,0
2.96e-05,1900863.2907168,48.515624999985,0.046874999999909,0
2.965e-05,1900863.2907171,48.609374999985,0.03124999999994,0
2.97e-05,1682864.0022286,48.687499999985,0.062499999999879,0
2.975e-05,1874999.9999991,48.781249999985,0.062499999999879,0
2.98e-05,1900863.290717,48.874999999985,0.046874999999909,0
2.985e-05,1874999.9999989,48.968749999985,0.046874999999909,0
2.99e-05,1900863.2907171,49.062499999985,0.03124999999994,0
2.995e-05,1822172.4671381,49.140624999985,0.078124999999849,0
3e-05,1900863.2907168,49.234374999984,0.062499999999879,0
3.005e-05,1900863.2907171,49.328124999984,0.046874999999909,0
3.01e-05,1900863.2907168,49.421874999984,0.03124999999994,0
3.015e-05,1900863.2907168,49.515624999984,0.01562499999997,0
3.02e-05,2000976.3241965,49.593749999984,0.078124999999849,0
3.025e-05,1900863.2907167,49.687499999984,0.062499999999879,0
3.03e-05,1900863.290717,49.781249999984,0.046874999999909,0
3.035e-05,1874999.9999991,49.874999999984,0.046874999999909,0
3.04e-05,1900863.2907168,49.968749999984,0.03124999999994,0
3.045e-05,1874999.9999993,50.062499999984,0.03124999999994,0
3.05e-05,1822172.4671381,50.140624999984,0.078124999999849,0
3.055e-05,1874999.9999989,50.234374999984,0.078124999999849,0
3.06e-05,1900863.290717,50.328124999984,0.062499999999879,0
3.065e-05,1900863.290717,50.421874999984,0.046874999999909,0
3.07e-05,1900863.290717,50.515624999984,0.03124999999994,0
3.075e-05,1822172.4671381,50.593749999984,0.078124999999849,0
3.08e-05,1874999.9999991,50.687499999984,0.078124999999849,0
3.085e-05,1900863.290717,50.781249999984,0.062499999999879,0
3.09e-05,1874999.9999989,50.874999999984,0.062499999999879,0
3.095e-05,1874999.9999991,50.968749999984,0.062499999999879,0
3.1e-05,1900863.290717,51.062499999984,0.046874999999909,0
3.105e-05,1874999.9999989,51.156249999983,0.046874999999909,0
3.11e-05,1976423.5376035,51.249999999983,0.01562499999997,0
3.115e-05,2209708.6912063,51.328124999983,0.093749999999819,0
3.12e-05,1900863.2907167,51.421874999983,0.078124999999849,0
3.125e-05,1900863.290717,51.515624999983,0.062499999999879,0
3.13e-05,1874999.9999991,51.609374999983,0.062499999999879,0
3.135e-05,1900863.2907167,51.703124999983,0.046874999999909,0
3.14e-05,1874999.999999,51.796874999983,0.046874999999909,0
3.145e-05,1900863.290717,51.890624999983,0.03124999999994,0
3.15e-05,1874999.9999991,51.984374999983,0.03124999999994,0
3.155e-05,1900863.2907167,52.078124999983,0.01562499999997,0
3.16e-05,2209708.6912065,52.156249999983,0.093749999999819,0
3.165e-05,1900863.2907168,52.249999999983,0.078124999999849,0
3.17e-05,1874999.9999989,52.343749999983,0.078124999999849,0
3.175e-05,1900863.2907168,52.437499999983,0.062499999999879,0
3.18e-05,1900863.2907168,52.531249999983,0.046874999999909,0
3.185e-05,1900863.290717,52.624999999983,0.03124999999994,0
3.19e-05,2209708.6912062,52.703124999983,0.10937499999979,0
3.195e-05,1900863.290717,52.796874999983,0.093749999999819,0
3.2e-05,1874999.999999,52.890624999983,0.093749999999819,0
3.205e-05,1874999.999999,52.984374999983,0.093749999999819,0
3.21e-05,1874999.9999991,53.078124999983,0.093749999999819,0
3.215e-05,1900863.2907168,53.171874999982,0.078124999999849,0
3.22e-05,1874999.9999989,53.265624999982,0.078124999999849,0
3.225e-05,1900863.290717,53.359374999982,0.062499999999879,0
3.23e-05,1976423.5376034,53.453124999982,0.03124999999994,0
3.235e-05,2209708.6912064,53.531249999982,0.10937499999979,0
3.24e-05,1874999.9999991,53.624999999982,0.10937499999979,0
3.245e-05,1900863.2907168,53.718749999982,0.093749999999819,0
3.25e-05,1874999.999999,53.812499999982,0.093749999999819,0
3.255e-05,1900863.2907168,53.906249999982,0.078124999999849,0
3.26e-05,1874999.999999,53.999999999982,0.078124999999849,0
3.265e-05,1874999.9999989,54.093749999982,0.078124999999849,0
3.27e-05,1900863.290717,54.187499999982,0.062499999999879,0
3.275e-05,1900863.2907168,54.281249999982,0.046874999999909,0
3.28e-05,1976423.5376034,54.374999999982,0.01562499999997,0
3.285e-05,2688226.6459485,54.453124999982,0.12499999999976,0
3.29e-05,1900863.2907166,54.546874999982,0.10937499999979,0
3.295e-05,1874999.9999991,54.640624999982,0.10937499999979,0
3.3e-05,1900863.2907168,54.734374999982,0.093749999999819,0
3.305e-05,1874999.9999991,54.828124999982,0.093749999999819,0
3.31e-05,1874999.999999,54.921874999982,0.093749999999819,0
3.315e-05,1900863.2907167,55.015624999982,0.078124999999849,0
3.32e-05,1874999.9999991,55.109374999982,0.078124999999849,0
3.325e-05,1976423.5376032,55.203124999981,0.046874999999909,0
3.33e-05,2440703.023719,55.281249999982,0.14062499999973,0
3.335e-05,1900863.2907167,55.374999999981,0.12499999999976,0
3.34e-05,1900863.2907167,55.468749999981,0.10937499999979,0
3.345e-05,1900863.2907168,55.562499999981,0.093749999999819,0
3.35e-05,1900863.2907167,55.656249999981,0.078124999999849,0
3.355e-05,1900863.2907167,55.749999999981,0.062499999999879,0
3.36e-05,2440703.023719,55.828124999981,0.1562499999997,0
3.365e-05,1900863.2907168,55.921874999981,0.14062499999973,0
3.37e-05,1874999.9999991,56.015624999981,0.14062499999973,0
3.375e-05,1874999.999999,56.109374999981,0.14062499999973,0
3.38e-05,1900863.2907167,56.203124999981,0.12499999999976,0
3.385e-05,1900863.2907168,56.296874999981,0.10937499999979,0
3.39e-05,1976423.5376032,56.390624999981,0.078124999999849,0
3.395e-05,2253469.5471613,56.484374999981,0.01562499999997,0
3.4e-05,3217384.4190552,56.562499999981,0.1562499999997,0
3.405e-05,1976423.537603,56.656249999981,0.12499999999976,0
3.41e-05,1900863.2907168,56.749999999981,0.10937499999979,0
3.415e-05,2096313.7289033,56.843749999981,0.062499999999879,0
3.42e-05,1976423.5376032,56.937499999981,0.03124999999994,0
3.425e-05,3493856.2148397,57.015624999981,0.18749999999964,0
3.43e-05,1900863.2907167,57.109374999981,0.17187499999967,0
3.435e-05,1900863.2907166,57.203124999981,0.1562499999997,0
3.44e-05,2096313.7289033,57.29687499998,0.10937499999979,0
3.445e-05,2440703.0237192,57.374999999981,0.20312499999961,0
3.45e-05,1900863.2907168,57.46874999998,0.18749999999964,0
3.455e-05,2096313.7289031,57.56249999998,0.14062499999973,0
3.46e-05,2440703.0237194,57.64062499998,0.23437499999955,0
3.465e-05,1900863.2907167,57.73437499998,0.21874999999958,0
3.47e-05,1900863.2907167,57.82812499998,0.20312499999961,0
3.475e-05,1976423.5376032,57.92187499998,0.17187499999967,0
3.48e-05,2096313.7289032,58.01562499998,0.12499999999976,0
3.485e-05,2948119.1037654,58.09374999998,0.24999999999952,0
3.49e-05,1900863.2907173,58.18749999998,0.23437499999955,0
3.495e-05,2253469.5471618,58.28124999998,0.17187499999967,0
3.5e-05,2688226.6459492,58.35937499998,0.28124999999946,0
3.505e-05,1976423.5376035,58.45312499998,0.24999999999952,0
3.51e-05,2000976.3241976,58.53124999998,0.3124999999994,0
3.515e-05,1874999.9999997,58.62499999998,0.3124999999994,0
3.52e-05,1900863.2907173,58.71874999998,0.29687499999943,0
3.525e-05,2000976.3241975,58.79687499998,0.35937499999931,0
3.53e-05,1900863.2907171,58.89062499998,0.34374999999934,0
3.535e-05,1976423.5376035,58.98437499998,0.3124999999994,0
3.54e-05,2096313.7289093,59.07812499998,0.26562499999949,0
3.545e-05,2440703.0237239,59.156249999981,0.35937499999931,0
3.55e-05,1976423.5376108,59.249999999981,0.32812499999937,0
3.555e-05,2000976.3242025,59.328124999982,0.39062499999924,0
3.56e-05,1875000.0000074,59.421874999982,0.39062499999924,0
3.565e-05,1976423.5376108,59.515624999982,0.35937499999931,0
3.57e-05,2000976.3242022,59.593749999983,0.42187499999918,0
3.575e-05,1900863.2907247,59.687499999983,0.40624999999921,0
3.58e-05,1875000.0000072,59.781249999983,0.40624999999921,0
3.585e-05,1682864.0022357,59.859374999984,0.43749999999915,0
3.59e-05,1900863.2907247,59.953124999984,0.42187499999918,0
3.595e-05,1822172.4671469,60.031249999985,0.46874999999909,0
3.6e-05,1900863.2907323,60.124999999985,0.45312499999912,0
3.605e-05,1900863.2907323,60.218749999986,0.43749999999915,0
3.61e-05,1822172.46715,60.296874999987,0.48437499999906,0
3.615e-05,1875000.0000146,60.390624999987,0.48437499999906,0
3.62e-05,1976423.5376181,60.484374999988,0.45312499999912,0
3.625e-05,2000976.3242075,60.562499999989,0.515624999999,0
3.63e-05,1900863.2907323,60.65624999999,0.49999999999903,0
3.635e-05,1682864.0022412,60.73437499999,0.53124999999897,0
3.64e-05,1900863.2907324,60.828124999991,0.515624999999,0
3.645e-05,1682864.0022412,60.906249999992,0.54687499999894,0
3.65e-05,1875000.0000149,60.999999999992,0.54687499999894,0
3.655e-05,1682864.0022416,61.078124999993,0.57812499999888,0
3.66e-05,1875000.0000156,61.171874999994,0.57812499999888,0
3.665e-05,1875000.0000151,61.265624999995,0.57812499999888,0
3.67e-05,1900863.290733,61.359374999995,0.56249999999891,0
3.675e-05,1682864.0022418,61.437499999996,0.59374999999885,0
3.68e-05,1900863.2907328,61.531249999997,0.57812499999888,0
3.685e-05,1822172.4671503,61.609374999997,0.62499999999879,0
3.69e-05,1900863.2907328,61.703124999998,0.60937499999882,0
3.695e-05,1682864.0022417,61.781249999999,0.64062499999876,0
3.7e-05,1900863.2907328,61.875,0.62499999999879,0
3.705e-05,1822172.4671503,61.953125,0.6718749999987,0
3.71e-05,1900863.2907325,62.046875000001,0.65624999999873,0
3.715e-05,1682864.0022418,62.125000000002,0.68749999999867,0
3.72e-05,1875000.0000153,62.218750000002,0.68749999999867,0
3.725e-05,1900863.2907327,62.312500000003,0.6718749999987,0
3.73e-05,1822172.4671502,62.390625000004,0.71874999999861,0
3.735e-05,1900863.290733,62.484375000005,0.70312499999864,0
3.74e-05,1822172.4671502,62.562500000005,0.74999999999855,0
3.745e-05,1900863.290733,62.656250000006,0.73437499999858,0
3.75e-05,1822172.46715,62.734375000007,0.78124999999849,0
3.755e-05,1875000.0000152,62.828125000008,0.78124999999849,0
3.76e-05,1900863.2907328,62.921875000008,0.76562499999852,0
3.765e-05,1822172.46715,63.000000000009,0.81249999999843,0
3.77e-05,1900863.290733,63.09375000001,0.8281249999984,0
3.775e-05,1875000.0000148,63.187500000011,0.8281249999984,0
3.78e-05,1822172.4671496,63.265625000011,0.87499999999831,0
3.785e-05,1900863.2907331,63.359375000012,0.89062499999828,0
3.7900000000001e-05,1875000.0000144,63.453125000013,0.89062499999828,0
3.7950000000001e-05,1900863.290733,63.546875000013,0.90624999999825,0
3.8000000000001e-05,1976423.5376194,63.640625000014,0.93749999999819,0
3.8050000000001e-05,1900863.290733,63.734375000015,0.95312499999816,0
3.8100000000001e-05,1976423.5376193,63.828125000016,0.9843749999981,0
3.8150000000001e-05,1976423.5376194,63.921875000016,1.015624999998,0
3.8200000000001e-05,2209708.6912211,64.031250000017,1.031249999998,0
3.8250000000001e-05,2096313.7289095,64.125000000017,1.0781249999979,0
3.8300000000001e-05,2187500.000004,64.234375000018,1.0781249999979,0
3.8350000000001e-05,1976423.5376086,64.328125000018,1.1093749999978,0
3.8400000000001e-05,1976423.5376092,64.421875000018,1.1406249999978,0
3.8450000000001e-05,2000976.3241993,64.500000000018,1.2031249999977,0
3.8500000000001e-05,1900863.2907217,64.593750000018,1.2187499999976,0
3.8550000000001e-05,1900863.2907223,64.687500000019,1.2343749999976,0
3.8600000000001e-05,1822172.4671414,64.765625000019,1.2812499999975,0
3.8650000000001e-05,1822172.4671414,64.843750000019,1.3281249999974,0
3.8700000000001e-05,1900863.2907223,64.937500000019,1.3437499999974,0
3.8750000000001e-05,1822172.4671406,65.015625000019,1.3906249999973,0
3.8800000000001e-05,1682864.0022288,65.093750000019,1.4218749999972,0
3.8850000000001e-05,1682864.0022285,65.171875000019,1.4531249999972,0
3.8900000000001e-05,1900863.2907175,65.265625000019,1.4687499999971,0
3.8950000000001e-05,1682864.0022288,65.343750000019,1.4999999999971,0
3.9000000000001e-05,1822172.4671382,65.421875000019,1.546874999997,0
3.9050000000001e-05,1682864.0022288,65.500000000019,1.5781249999969,0
3.9100000000001e-05,1822172.4671384,65.578125000019,1.6249999999968,0
3.9150000000001e-05,1682864.0022285,65.656250000019,1.6562499999968,0
3.9200000000001e-05,1900863.2907172,65.750000000019,1.6718749999967,0
3.9250000000001e-05,1682864.0022291,65.828125000019,1.7031249999967,0
3.9300000000001e-05,1822172.4671379,65.906250000019,1.7499999999966,0
3.9350000000001e-05,1682864.0022288,65.984375000019,1.7812499999965,0
3.9400000000001e-05,1682864.0022288,66.062500000019,1.8124999999964,0
3.9450000000001e-05,1682864.0022291,66.140625000019,1.8437499999964,0
3.9500000000001e-05,1822172.4671382,66.218750000019,1.8906249999963,0
3.9550000000001e-05,1682864.0022288,66.296875000019,1.9218749999962,0
3.9600000000001e-05,1874999.9999989,66.390625000019,1.9218749999962,0
3.9650000000001e-05,1822172.4671382,66.468750000019,1.9687499999961,0
3.9700000000001e-05,1682864.0022288,66.546875000019,1.9999999999961,0
3.9750000000001e-05,1682864.0022288,66.625000000019,2.031249999996,0
3.9800000000001e-05,1682864.0022288,66.703125000019,2.0624999999959,0
3.9850000000001e-05,1822172.4671379,66.781250000019,2.1093749999958,0
3.9900000000001e-05,1682864.0022288,66.859375000019,2.1406249999958,0
3.9950000000001e-05,1822172.4671382,66.937500000019,2.1874999999957,0
4.0000000000001e-05,1682864.0022288,67.015625000019,2.2187499999956,0
4.0050000000001e-05,1682864.0022285,67.093750000019,2.2499999999956,0
4.0100000000001e-05,1682864.0022288,67.171875000019,2.2812499999955,0
4.0150000000001e-05,1874999.9999989,67.265625000019,2.2812499999955,0
4.0200000000001e-05,1682864.0022285,67.343750000019,2.3124999999954,0
4.0250000000001e-05,1682864.0022288,67.421875000019,2.3437499999954,0
4.0300000000001e-05,1822172.4671382,67.500000000019,2.3906249999953,0
4.0350000000001e-05,1682864.0022285,67.578125000019,2.4218749999952,0
4.0400000000001e-05,1593443.5979968,67.656250000019,2.4374999999952,0
4.0450000000001e-05,1682864.0022288,67.734375000019,2.4687499999951,0
4.0500000000001e-05,1822172.4671382,67.812500000019,2.515624999995,0
4.0550000000001e-05,1682864.0022285,67.890625000019,2.546874999995,0
4.0600000000001e-05,1682864.0022288,67.968750000019,2.5781249999949,0
4.0650000000001e-05,1682864.0022288,68.046875000019,2.6093749999948,0
4.0700000000001e-05,1682864.0022288,68.125000000019,2.6406249999948,0
4.0750000000001e-05,1682864.0022288,68.203125000019,2.6718749999947,0
4.0800000000001e-05,1822172.4671379,68.281250000019,2.7187499999946,0
4.0850000000001e-05,1593443.5979971,68.359375000019,2.7343749999946,0
4.0900000000001e-05,1822172.4671382,68.437500000019,2.7812499999945,0
4.0950000000001e-05,1682864.0022285,68.515625000019,2.8124999999944,0
4.1000000000001e-05,1900863.2907167,68.609375000018,2.7968749999945,0
4.1050000000001e-05,1822172.4671384,68.687500000019,2.8437499999944,0
4.1100000000001e-05,1682864.0022285,68.765625000018,2.8749999999943,0
4.1150000000001e-05,1682864.0022288,68.843750000018,2.9062499999942,0
4.1200000000001e-05,1682864.0022288,68.921875000018,2.9374999999942,0
4.1250000000001e-05,1822172.4671379,69.000000000018,2.9843749999941,0
4.1300000000001e-05,1682864.0022288,69.078125000018,3.015624999994,0
4.1350000000001e-05,1593443.5979971,69.156250000018,3.031249999994,0
4.1400000000001e-05,1822172.4671379,69.234375000018,3.0781249999939,0
4.1450000000001e-05,1874999.9999989,69.328125000018,3.0781249999939,0
4.1500000000001e-05,1682864.0022288,69.406250000018,3.1093749999938,0
4.1550000000001e-05,1593443.5979971,69.484375000018,3.1249999999938,0
4.1600000000001e-05,2000976.3241962,69.562500000018,3.1874999999937,0
4.1650000000001e-05,1682864.0022288,69.640625000018,3.2187499999936,0
4.1700000000001e-05,1682864.0022285,69.718750000018,3.2499999999935,0
4.1750000000001e-05,1874999.9999991,69.812500000018,3.2499999999935,0
4.1800000000001e-05,1682864.0022285,69.890625000018,3.2812499999935,0
4.1850000000001e-05,1682864.0022288,69.968750000018,3.3124999999934,0
4.1900000000001e-05,1822172.4671379,70.046875000018,3.3593749999933,0
4.1950000000001e-05,1682864.0022285,70.125000000018,3.3906249999933,0
4.2000000000001e-05,1900863.2907164,70.218750000018,3.3749999999933,0
4.2050000000001e-05,1822172.4671382,70.296875000018,3.4218749999932,0
4.2100000000001e-05,1682864.0022285,70.375000000018,3.4531249999931,0
4.2150000000001e-05,1682864.0022285,70.453125000018,3.4843749999931,0
4.2200000000001e-05,1682864.0022288,70.531250000018,3.515624999993,0
4.2250000000001e-05,1593443.5979968,70.609375000018,3.531249999993,0
4.2300000000001e-05,1822172.4671379,70.687500000018,3.5781249999929,0
4.2350000000001e-05,1874999.9999989,70.781250000018,3.5781249999929,0
4.2400000000001e-05,1562499.9999991,70.859375000018,3.5781249999929,0
4.2450000000001e-05,2000976.324196,70.937500000018,3.6406249999927,0
4.2500000000001e-05,1593443.5979968,71.015625000018,3.6562499999927,0
4.2550000000001e-05,1822172.4671382,71.093750000018,3.7031249999926,0
4.2600000000001e-05,1682864.0022285,71.171875000018,3.7343749999926,0
4.2650000000001e-05,1900863.290717,71.265625000018,3.7187499999926,0
4.2700000000001e-05,1822172.4671379,71.343750000018,3.7656249999925,0
4.2750000000001e-05,1682864.0022283,71.421875000018,3.7968749999924,0
4.2800000000001e-05,1682864.0022288,71.500000000018,3.8281249999924,0
4.2850000000001e-05,1874999.9999989,71.593750000018,3.8281249999924,0
4.2900000000001e-05,1682864.0022285,71.671875000017,3.8593749999923,0
4.2950000000001e-05,1682864.0022288,71.750000000017,3.8906249999922,0
4.3000000000001e-05,1682864.0022285,71.828125000017,3.9218749999922,0
4.3050000000001e-05,1682864.0022288,71.906250000017,3.9531249999921,0
4.3100000000001e-05,1874999.9999989,72.000000000017,3.9531249999921,0
4.3150000000001e-05,1682864.0022283,72.078125000017,3.9843749999921,0
4.3200000000001e-05,1682864.0022288,72.156250000017,4.015624999992,0
4.3250000000001e-05,1682864.0022288,72.234375000017,4.0468749999919,0
4.3300000000001e-05,1682864.0022285,72.312500000017,4.0781249999919,0
4.3350000000001e-05,1874999.9999989,72.406250000017,4.0781249999919,0
4.3400000000001e-05,1682864.0022288,72.484375000017,4.1093749999918,0
4.3450000000001e-05,1682864.0022285,72.562500000017,4.1406249999917,0
4.3500000000001e-05,1682864.0022288,72.640625000017,4.1718749999917,0
4.3550000000001e-05,1900863.2907167,72.734375000017,4.1562499999917,0
4.3600000000001e-05,1822172.4671379,72.812500000017,4.2031249999916,0
4.3650000000001e-05,1682864.0022285,72.890625000017,4.2343749999916,0
4.3700000000001e-05,1682864.0022288,72.968750000017,4.2656249999915,0
4.3750000000001e-05,1593443.5979965,73.046875000017,4.2812499999915,0
4.3800000000001e-05,1874999.9999989,73.140625000017,4.2812499999915,0
4.3850000000001e-05,1682864.0022288,73.218750000017,4.3124999999914,0
4.3900000000001e-05,1682864.0022285,73.296875000017,4.3437499999913,0
4.3950000000001e-05,1593443.5979968,73.375000000017,4.3593749999913,0
4.4000000000001e-05,1682864.0022285,73.453125000017,4.3906249999912,0
4.4050000000001e-05,1593443.5979968,73.531250000017,4.4062499999912,0
4.4100000000001e-05,1900863.2907167,73.625000000017,4.3906249999912,0
4.4150000000001e-05,1593443.5979968,73.703125000017,4.4062499999912,0
4.4200000000001e-05,1822172.4671379,73.781250000017,4.4531249999911,0
4.4250000000001e-05,1682864.0022283,73.859375000017,4.484374999991,0
4.4300000000001e-05,1682864.0022288,73.937500000017,4.515624999991,0
4.4350000000001e-05,1593443.5979968,74.015625000017,4.531249999991,0
4.4400000000001e-05,1593443.5979971,74.093750000017,4.5468749999909,0
4.4450000000001e-05,1682864.0022285,74.171875000016,4.5781249999909,0
4.4500000000001e-05,1593443.5979965,74.250000000016,4.5937499999908,0
4.4550000000001e-05,1874999.9999989,74.343750000016,4.5937499999908,0
4.4600000000001e-05,1593443.5979971,74.421875000016,4.6093749999908,0
4.4650000000001e-05,1682864.0022288,74.500000000016,4.6406249999907,0
4.4700000000001e-05,1593443.5979968,74.578125000016,4.6562499999907,0
4.4750000000001e-05,1682864.0022285,74.656250000016,4.6874999999906,0
4.4800000000001e-05,1562499.9999989,74.734375000016,4.6874999999906,0
4.4850000000001e-05,1822172.4671379,74.812500000016,4.7343749999905,0
4.4900000000001e-05,1562499.9999991,74.890625000016,4.7343749999905,0
4.4950000000001e-05,1822172.4671377,74.968750000016,4.7812499999904,0
4.5000000000001e-05,1593443.5979971,75.046875000016,4.7968749999904,0
4.5050000000001e-05,1593443.5979968,75.125000000016,4.8124999999904,0
4.5100000000001e-05,1593443.5979968,75.203125000016,4.8281249999904,0
4.5150000000001e-05,1593443.5979971,75.281250000016,4.8437499999903,0
4.5200000000001e-05,1682864.0022283,75.359375000016,4.8749999999903,0
4.5250000000001e-05,1593443.5979968,75.437500000016,4.8906249999902,0
4.5300000000001e-05,1593443.5979968,75.515625000016,4.9062499999902,0
4.5350000000001e-05,1562499.9999991,75.593750000016,4.9062499999902,0
4.5400000000001e-05,1682864.0022283,75.671875000016,4.9374999999901,0
4.5450000000001e-05,1593443.5979968,75.750000000016,4.9531249999901,0
4.5500000000001e-05,1593443.5979968,75.828125000016,4.9687499999901,0
4.5550000000001e-05,1562499.9999991,75.906250000016,4.9687499999901,0
4.5600000000001e-05,1682864.0022285,75.984375000016,4.99999999999,0
4.5650000000001e-05,1682864.0022285,76.062500000016,5.0312499999899,0
4.5700000000001e-05,1593443.5979965,76.140625000016,5.01562499999,0
4.5750000000001e-05,1682864.0022285,76.218750000015,5.0468749999899,0
4.5800000000001e-05,1593443.5979968,76.296875000015,5.0624999999899,0
4.5850000000001e-05,1593443.5979968,76.375000000015,5.0781249999898,0
4.5900000000001e-05,1562499.9999989,76.453125000015,5.0781249999898,0
4.5950000000001e-05,1562499.9999986,76.515625000015,5.1249999999898,0
4.6000000000001e-05,1562499.9999991,76.593750000015,5.1249999999898,0
4.6050000000001e-05,1682864.0022283,76.671875000015,5.1562499999897,0
4.6100000000001e-05,1593443.5979968,76.750000000015,5.1718749999897,0
4.6150000000001e-05,1562499.9999991,76.828125000015,5.1718749999897,0
4.6200000000001e-05,1593443.5979968,76.906250000015,5.1562499999897,0
4.6250000000001e-05,1682864.0022283,76.984375000015,5.1874999999896,0
4.6300000000001e-05,1397542.4859365,77.046875000015,5.2187499999896,0
4.6350000000001e-05,1682864.0022285,77.125000000015,5.2499999999895,0
4.6400000000001e-05,1593443.5979965,77.203125000015,5.2343749999895,0
4.6450000000001e-05,1682864.0022283,77.281250000015,5.2656249999895,0
4.6500000000001e-05,1397542.4859365,77.343750000015,5.2968749999894,0
4.6550000000001e-05,1562499.9999989,77.421875000015,5.2968749999894,0
4.6600000000001e-05,1593443.5979968,77.500000000015,5.3124999999894,0
4.6650000000001e-05,1397542.4859366,77.562500000015,5.3437499999893,0
4.6700000000001e-05,1562499.9999989,77.640625000015,5.3437499999893,0
4.6750000000001e-05,1562499.9999989,77.718750000015,5.3437499999893,0
4.6800000000001e-05,1249999.9999994,77.781250000015,5.3437499999893,0
4.6850000000001e-05,1682864.0022283,77.859375000015,5.3749999999892,0
4.6900000000001e-05,1562499.9999989,77.937500000015,5.3749999999892,0
4.6950000000001e-05,1397542.4859363,78.000000000015,5.4062499999892,0
4.7000000000001e-05,1562499.9999991,78.078125000014,5.4062499999892,0
4.7050000000001e-05,1288470.5080048,78.140625000014,5.4218749999892,0
4.7100000000001e-05,1593443.5979965,78.218750000014,5.4374999999891,0
4.7150000000001e-05,1249999.9999994,78.281250000014,5.4374999999891,0
4.7200000000001e-05,1593443.5979965,78.359375000014,5.4218749999892,0
4.7250000000001e-05,1562499.9999986,78.421875000014,5.4687499999891,0
4.7300000000001e-05,1593443.5979968,78.500000000014,5.484374999989,0
4.7350000000001e-05,1288470.5080045,78.562500000014,5.499999999989,0
4.7400000000001e-05,1562499.9999989,78.640625000014,5.499999999989,0
4.7450000000001e-05,1397542.4859366,78.703125000014,5.5312499999889,0
4.7500000000001e-05,1562499.9999989,78.781250000014,5.5312499999889,0
4.7550000000001e-05,1288470.5080048,78.843750000014,5.5468749999889,0
4.7600000000001e-05,1593443.5979965,78.921875000014,5.5312499999889,0
4.7650000000001e-05,1288470.5080048,78.984375000014,5.5468749999889,0
4.7700000000001e-05,1397542.4859363,79.046875000014,5.5781249999888,0
4.7750000000001e-05,1288470.5080048,79.109375000014,5.5937499999888,0
4.7800000000001e-05,1593443.5979962,79.187500000014,5.5781249999888,0
4.7850000000001e-05,1397542.4859366,79.250000000014,5.6093749999888,0
4.7900000000001e-05,1593443.5979962,79.328125000014,5.5937499999888,0
4.7950000000001e-05,1288470.5080045,79.390625000014,5.5781249999888,0
4.8000000000001e-05,1397542.4859363,79.453125000014,5.6093749999888,0
4.8050000000001e-05,1397542.4859363,79.515625000014,5.6406249999887,0
4.8100000000001e-05,1593443.597996,79.593750000014,5.6249999999887,0
4.8150000000001e-05,1397542.4859366,79.656250000014,5.6562499999887,0
4.8200000000001e-05,1249999.9999991,79.718750000014,5.6562499999887,0
4.8250000000001e-05,1288470.5080048,79.781250000014,5.6718749999886,0
4.8300000000001e-05,1593443.5979962,79.859375000013,5.6562499999887,0
4.8350000000001e-05,1249999.9999991,79.921875000013,5.6562499999887,0
4.8400000000001e-05,1288470.5080048,79.984375000013,5.6718749999886,0
4.8450000000001e-05,1397542.4859363,80.046875000013,5.7031249999886,0
4.8500000000001e-05,1288470.5080048,80.109375000013,5.7187499999886,0
4.8550000000001e-05,1288470.5080043,80.171875000013,5.7031249999886,0
4.8600000000001e-05,1288470.5080048,80.234375000013,5.7187499999886,0
4.8650000000001e-05,1249999.9999991,80.296875000013,5.7187499999886,0
4.8700000000001e-05,1397542.4859363,80.359375000013,5.7499999999885,0
4.8750000000001e-05,1288470.5080045,80.421875000013,5.7343749999885,0
4.8800000000001e-05,1288470.5080048,80.484375000013,5.7499999999885,0
4.8850000000001e-05,1288470.5080048,80.546875000013,5.7656249999885,0
4.8900000000001e-05,1288470.5080043,80.609375000013,5.7499999999885,0
4.8950000000001e-05,1397542.4859363,80.671875000013,5.7812499999884,0
4.9000000000001e-05,1249999.9999991,80.734375000013,5.7812499999884,0
4.9050000000001e-05,1288470.5080045,80.796875000013,5.7656249999885,0
4.9100000000001e-05,1288470.5080048,80.859375000013,5.7812499999884,0
4.9150000000001e-05,1288470.5080043,80.921875000013,5.7656249999885,0
4.9200000000001e-05,1249999.9999994,80.984375000013,5.7656249999885,0
4.9250000000001e-05,1288470.5080045,81.046875000013,5.7812499999884,0
4.9300000000001e-05,988211.76880215,81.093750000013,5.7968749999884,0
4.9350000000001e-05,1288470.5080045,81.156250000013,5.8124999999884,0
4.9400000000001e-05,1249999.9999991,81.218750000013,5.8124999999884,0
4.9450000000001e-05,1249999.9999989,81.281250000013,5.8124999999884,0
4.9500000000001e-05,1126734.7735818,81.328125000013,5.8437499999883,0
4.9550000000001e-05,1249999.9999991,81.390625000013,5.8437499999883,0
4.9600000000001e-05,1397542.485936,81.453125000012,5.8124999999884,0
4.9650000000001e-05,1288470.5080048,81.515625000012,5.8281249999883,0
4.9700000000001e-05,988211.76880188,81.562500000012,5.8437499999883,0
4.9750000000001e-05,1249999.9999991,81.625000000012,5.8437499999883,0
4.9800000000001e-05,1126734.7735811,81.671875000012,5.8124999999884,0
4.9850000000001e-05,1288470.5080048,81.734375000012,5.8281249999883,0
4.9900000000001e-05,1288470.5080045,81.796875000012,5.8437499999883,0
4.9950000000001e-05,1126734.7735816,81.843750000012,5.8749999999882,0
5.0000000000001e-05,1288470.5080043,81.906250000012,5.8593749999883,0
5.0050000000001e-05,988211.76880188,81.953125000012,5.8437499999883,0
5.0100000000001e-05,1397542.4859363,82.015625000012,5.8749999999882,0
5.0150000000001e-05,937499.99999943,82.062500000012,5.8749999999882,0
5.0200000000001e-05,1249999.9999991,82.125000000012,5.8749999999882,0
5.0250000000001e-05,937499.99999943,82.171875000012,5.8749999999882,0
5.0300000000001e-05,1288470.5080045,82.234375000012,5.8593749999883,0
5.0350000000001e-05,1126734.7735816,82.281250000012,5.8906249999882,0
5.0400000000001e-05,1126734.7735811,82.328125000012,5.8593749999883,0
5.0450000000001e-05,1397542.4859363,82.390625000012,5.8906249999882,0
5.0500000000001e-05,937499.99999943,82.437500000012,5.8906249999882,0
5.0550000000001e-05,937499.99999943,82.484375000012,5.8906249999882,0
5.0600000000001e-05,1288470.5080043,82.546875000012,5.8749999999882,0
5.0650000000001e-05,1126734.7735816,82.593750000012,5.9062499999882,0
5.0700000000001e-05,988211.76880161,82.640625000012,5.8906249999882,0
5.0750000000001e-05,988211.76880188,82.687500000012,5.9062499999882,0
5.0800000000001e-05,1288470.5080043,82.750000000012,5.8906249999882,0
5.0850000000001e-05,988211.76880215,82.796875000012,5.9062499999882,0
5.0900000000001e-05,937499.99999943,82.843750000012,5.9062499999882,0
5.0950000000001e-05,988211.76880161,82.890625000012,5.8906249999882,0
5.1000000000001e-05,988211.76880188,82.937500000012,5.9062499999882,0
5.1050000000001e-05,988211.76880187,82.984375000012,5.8906249999882,0
5.1100000000001e-05,1126734.7735813,83.031250000011,5.9218749999881,0
5.1150000000001e-05,1126734.7735809,83.078125000011,5.8906249999882,0
5.1200000000001e-05,1126734.7735816,83.125000000011,5.9218749999881,0
5.1250000000001e-05,988211.76880161,83.171875000011,5.9062499999882,0
5.1300000000001e-05,988211.76880188,83.218750000011,5.9218749999881,0
5.1350000000001e-05,1126734.7735808,83.265625000011,5.8906249999882,0
5.1400000000001e-05,988211.76880188,83.312500000011,5.9062499999882,0
5.1450000000001e-05,937499.99999943,83.359375000011,5.9062499999882,0
5.1500000000001e-05,937499.99999943,83.406250000011,5.9062499999882,0
5.1550000000001e-05,624999.99999943,83.437500000011,5.9062499999882,0
5.1600000000001e-05,937499.99999943,83.484375000011,5.9062499999882,0
5.1650000000001e-05,988211.76880188,83.531250000011,5.9218749999881,0
5.1700000000001e-05,988211.76880189,83.578125000011,5.9062499999882,0
5.1750000000001e-05,698771.2429679,83.609375000011,5.9218749999881,0
5.1800000000001e-05,988211.76880188,83.656250000011,5.9062499999882,0
5.1850000000001e-05,937499.99999943,83.703125000011,5.9062499999882,0
5.1900000000001e-05,624999.99999943,83.734375000011,5.9062499999882,0
5.1950000000001e-05,988211.76880188,83.781250000011,5.9218749999881,0
5.2000000000001e-05,698771.24296789,83.812500000011,5.9062499999882,0
5.2050000000001e-05,937499.99999943,83.859375000011,5.9062499999882,0
5.2100000000001e-05,698771.24296789,83.890625000011,5.8906249999882,0
5.2150000000001e-05,988211.76880188,83.937500000011,5.9062499999882,0
5.2200000000001e-05,698771.24296841,83.968750000011,5.9218749999881,0
5.2250000000001e-05,988211.76880134,84.015625000011,5.9062499999882,0
5.2300000000001e-05,624999.99999943,84.046875000011,5.9062499999882,0
5.2350000000001e-05,625000,84.078125000011,5.9062499999882,0
5.2400000000001e-05,937499.99999915,84.125000000011,5.9062499999882,0
5.2450000000001e-05,624999.99999972,84.156250000011,5.9062499999882,0
5.2500000000001e-05,624999.99999943,84.187500000011,5.9062499999882,0
5.2550000000001e-05,698771.2429684,84.218750000011,5.9218749999881,0
5.2600000000001e-05,988211.76880134,84.265625000011,5.9062499999882,0
5.2650000000001e-05,624999.99999943,84.296875000011,5.9062499999882,0
5.2700000000001e-05,625000,84.328125000011,5.9062499999882,0
5.2750000000001e-05,698771.24296789,84.359375000011,5.8906249999882,0
5.2800000000001e-05,624999.99999943,84.390625000011,5.8906249999882,0
5.2850000000001e-05,698771.24296814,84.421875000011,5.9062499999882,0
5.2900000000001e-05,624999.99999972,84.45312500001,5.9062499999882,0
5.2950000000001e-05,624999.99999943,84.48437500001,5.9062499999882,0
5.3000000000001e-05,698771.24296789,84.51562500001,5.8906249999882,0
5.3050000000001e-05,624999.99999943,84.54687500001,5.8906249999882,0
5.3100000000001e-05,698771.2429684,84.57812500001,5.9062499999882,0
5.3150000000001e-05,698771.24296789,84.60937500001,5.8906249999882,0
5.3200000000001e-05,624999.99999943,84.64062500001,5.8906249999882,0
5.3250000000001e-05,698771.24296814,84.67187500001,5.9062499999882,0
5.3300000000001e-05,624999.99999972,84.70312500001,5.9062499999882,0
5.3350000000001e-05,441941.73824114,84.71875000001,5.9218749999881,0
5.3400000000001e-05,698771.24296764,84.75000000001,5.9062499999882,0
5.3450000000001e-05,624999.99999943,84.78125000001,5.9062499999882,0
5.3500000000001e-05,624999.99999972,84.81250000001,5.9062499999882,0
5.3550000000001e-05,312500,84.82812500001,5.9062499999882,0
5.3600000000001e-05,698771.24296789,84.85937500001,5.8906249999882,0
5.3650000000001e-05,624999.99999943,84.89062500001,5.8906249999882,0
5.3700000000001e-05,441941.73824115,84.90625000001,5.9062499999882,0
5.3750000000001e-05,624999.99999943,84.93750000001,5.9062499999882,0
5.3800000000001e-05,312500,84.95312500001,5.9062499999882,0
5.3850000000001e-05,624999.99999943,84.98437500001,5.9062499999882,0
5.3900000000001e-05,312499.99999972,85.00000000001,5.9062499999882,0
5.3950000000001e-05,698771.24296764,85.03125000001,5.8906249999882,0
5.4000000000001e-05,441941.73824114,85.04687500001,5.8749999999882,0
5.4050000000001e-05,698771.24296814,85.07812500001,5.8906249999882,0
5.4100000000001e-05,441941.73824094,85.09375000001,5.8749999999882,0
5.4150000000001e-05,441941.73824114,85.10937500001,5.8906249999882,0
5.4200000000001e-05,624999.99999943,85.14062500001,5.8906249999882,0
5.4250000000001e-05,312499.99999972,85.15625000001,5.8906249999882,0
5.4300000000001e-05,441941.73824094,85.17187500001,5.8749999999882,0
5.4350000000001e-05,441941.73824114,85.18750000001,5.8906249999882,0
5.4400000000001e-05,698771.24296789,85.21875000001,5.8749999999882,0
5.4450000000001e-05,312499.99999972,85.23437500001,5.8749999999882,0
5.4500000000001e-05,312499.99999972,85.25000000001,5.8749999999882,0
5.4550000000001e-05,441941.73824115,85.26562500001,5.8906249999882,0
5.4600000000001e-05,698771.2429679,85.29687500001,5.8749999999882,0
5.4650000000001e-05,312499.99999972,85.31250000001,5.8749999999882,0
5.4700000000001e-05,312499.99999972,85.32812500001,5.8749999999882,0
5.4750000000001e-05,312500,85.34375000001,5.8749999999882,0
5.4800000000001e-05,312499.99999972,85.35937500001,5.8749999999882,0
5.4850000000001e-05,312499.99999972,85.37500000001,5.8749999999882,0
5.4900000000001e-05,312499.99999972,85.39062500001,5.8749999999882,0
5.4950000000001e-05,312499.99999972,85.40625000001,5.8749999999882,0
5.5000000000001e-05,312500,85.42187500001,5.8749999999882,0
5.5050000000001e-05,312499.99999972,85.43750000001,5.8749999999882,0
5.5100000000001e-05,441941.73824094,85.45312500001,5.8593749999883,0
5.5150000000001e-05,441941.73824114,85.46875000001,5.8749999999882,0
5.5200000000001e-05,312499.99999972,85.48437500001,5.8749999999882,0
5.5250000000001e-05,441941.73824094,85.50000000001,5.8593749999883,0
5.5300000000001e-05,312499.99999936,85.50000000001,5.8749999999882,0
5.5350000000001e-05,312499.99999972,85.51562500001,5.8749999999882,0
5.5400000000001e-05,312499.99999972,85.53125000001,5.8749999999882,0
5.5450000000001e-05,312500,85.54687500001,5.8749999999882,0
5.5500000000001e-05,312499.99999972,85.56250000001,5.8749999999882,0
5.5550000000001e-05,441941.73824114,85.57812500001,5.8593749999883,0
5.5600000000001e-05,312499.99999972,85.59375000001,5.8593749999883,0
5.5650000000001e-05,312499.99999938,85.59375000001,5.8749999999882,0
5.5700000000001e-05,312499.99999972,85.60937500001,5.8749999999882,0
5.5750000000001e-05,441941.73824096,85.62500000001,5.8593749999883,0
5.5800000000001e-05,312499.99999972,85.64062500001,5.8593749999883,0
5.5850000000001e-05,312499.99999972,85.65625000001,5.8593749999883,0
5.5900000000001e-05,312499.99999938,85.65625000001,5.8437499999883,0
5.5950000000001e-05,312500,85.67187500001,5.8437499999883,0
5.6000000000001e-05,441941.73824115,85.68750000001,5.8593749999883,0
5.6050000000001e-05,0,85.68750000001,5.8593749999883,0
5.6100000000001e-05,441941.73824074,85.70312500001,5.8437499999883,0
5.6150000000001e-05,312500,85.71875000001,5.8437499999883,0
5.6200000000001e-05,0,85.71875000001,5.8437499999883,0
5.6250000000001e-05,312499.99999972,85.73437500001,5.8437499999883,0
5.6300000000001e-05,312499.99999972,85.75000000001,5.8437499999883,0
5.6350000000001e-05,0,85.75000000001,5.8437499999883,0
5.6400000000001e-05,441941.73824135,85.76562500001,5.8593749999883,0
5.6450000000001e-05,441941.73824074,85.78125000001,5.8437499999883,0
5.6500000000001e-05,312499.99999936,85.78125000001,5.8593749999883,0
5.6550000000001e-05,441941.73824074,85.79687500001,5.8437499999883,0
5.6600000000001e-05,0,85.79687500001,5.8437499999883,0
5.6650000000001e-05,312500,85.81250000001,5.8437499999883,0
5.6700000000001e-05,312499.99999972,85.82812500001,5.8437499999883,0
5.6750000000001e-05,0,85.82812500001,5.8437499999883,0
5.6800000000001e-05,312499.99999972,85.84375000001,5.8437499999883,0
5.6850000000001e-05,0,85.84375000001,5.8437499999883,0
5.6900000000001e-05,312500,85.85937500001,5.8437499999883,0
5.6950000000001e-05,312499.99999972,85.87500000001,5.8437499999883,0
5.7000000000001e-05,312499.99999936,85.87500000001,5.8593749999883,0
5.7050000000001e-05,441941.73824074,85.890625000009,5.8437499999883,0
5.7100000000001e-05,0,85.890625000009,5.8437499999883,0
5.7150000000001e-05,312500,85.906250000009,5.8437499999883,0
5.7200000000001e-05,0,85.906250000009,5.8437499999883,0
5.7250000000001e-05,312499.99999943,85.921875000009,5.8437499999883,0
5.7300000000001e-05,312499.9999994,85.921875000009,5.8593749999883,0
5.7350000000001e-05,441941.73824076,85.937500000009,5.8437499999883,0
5.7400000000001e-05,312499.99999938,85.937500000009,5.8593749999883,0
5.7450000000001e-05,441941.73824074,85.953125000009,5.8437499999883,0
5.7500000000001e-05,0,85.953125000009,5.8437499999883,0
5.7550000000001e-05,312500,85.968750000009,5.8437499999883,0
5.7600000000001e-05,0,85.968750000009,5.8437499999883,0
5.7650000000001e-05,312499.99999972,85.984375000009,5.8437499999883,0
5.7700000000001e-05,0,85.984375000009,5.8437499999883,0
5.7750000000001e-05,312499.99999972,86.000000000009,5.8437499999883,0
5.7800000000001e-05,0,86.000000000009,5.8437499999883,0
5.7850000000001e-05,312500,86.015625000009,5.8437499999883,0
5.7900000000001e-05,0,86.015625000009,5.8437499999883,0
5.7950000000001e-05,441941.73824114,86.031250000009,5.8593749999883,0
5.8000000000001e-05,0,86.031250000009,5.8593749999883,0
5.8050000000001e-05,441941.73824074,86.046875000009,5.8437499999883,0
5.8100000000001e-05,0,86.046875000009,5.8437499999883,0
5.8150000000001e-05,441941.73824114,86.062500000009,5.8593749999883,0
5.8200000000001e-05,0,86.062500000009,5.8593749999883,0
5.8250000000001e-05,312499.99999972,86.078125000009,5.8593749999883,0
5.8300000000001e-05,0,86.078125000009,5.8593749999883,0
5.8350000000001e-05,312499.99999972,86.093750000009,5.8593749999883,0
5.8400000000001e-05,0,86.093750000009,5.8593749999883,0
5.8450000000001e-05,312499.99999943,86.109375000009,5.8593749999883,0
5.8500000000001e-05,0,86.109375000009,5.8593749999883,0
5.8550000000001e-05,312499.9999994,86.109375000009,5.8749999999882,0
5.8600000000001e-05,441941.73824096,86.125000000009,5.8593749999883,0
5.8650000000001e-05,312499.99999938,86.125000000009,5.8749999999882,0
5.8700000000001e-05,0,86.125000000009,5.8749999999882,0
5.8750000000001e-05,312500,86.140625000009,5.8749999999882,0
5.8800000000001e-05,0,86.140625000009,5.8749999999882,0
5.8850000000001e-05,312499.99999972,86.156250000009,5.8749999999882,0
5.8900000000001e-05,0,86.156250000009,5.8749999999882,0
5.8950000000001e-05,312499.99999972,86.171875000009,5.8749999999882,0
5.9000000000001e-05,0,86.171875000009,5.8749999999882,0
5.9050000000001e-05,312499.99999938,86.171875000009,5.8593749999883,0
5.9100000000001e-05,441941.73824115,86.187500000009,5.8749999999882,0
5.9150000000001e-05,0,86.187500000009,5.8749999999882,0
5.9200000000001e-05,0,86.187500000009,5.8749999999882,0
5.9250000000001e-05,441941.73824115,86.203125000009,5.8906249999882,0
5.9300000000001e-05,0,86.203125000009,5.8906249999882,0
5.9350000000001e-05,0,86.203125000009,5.8906249999882,0
5.9400000000001e-05,441941.73824075,86.218750000009,5.8749999999882,0
5.9450000000001e-05,0,86.218750000009,5.8749999999882,0
5.9500000000001e-05,441941.73824115,86.234375000009,5.8906249999882,0
5.9550000000001e-05,0,86.234375000009,5.8906249999882,0
5.9600000000001e-05,0,86.234375000009,5.8906249999882,0
5.9650000000001e-05,312500,86.250000000009,5.8906249999882,0
5.9700000000001e-05,312499.99999936,86.250000000009,5.9062499999882,0
5.9750000000001e-05,0,86.250000000009,5.9062499999882,0
5.9800000000001e-05,312500,86.265625000009,5.9062499999882,0
5.9850000000001e-05,0,86.265625000009,5.9062499999882,0
5.9900000000001e-05,0,86.265625000009,5.9062499999882,0
5.9950000000001e-05,312499.99999972,86.281250000009,5.9062499999882,0
6.0000000000001e-05,0,86.281250000009,5.9062499999882,0
6.0050000000001e-05,0,86.281250000009,5.9062499999882,0
6.0100000000001e-05,441941.73824115,86.296875000009,5.9218749999881,0
6.0150000000001e-05,0,86.296875000009,5.9218749999881,0
6.0200000000001e-05,312499.99999972,86.312500000009,5.9218749999881,0
6.0250000000001e-05,0,86.312500000009,5.9218749999881,0
6.0300000000001e-05,312499.99999938,86.312500000009,5.9374999999881,0
6.0350000000001e-05,0,86.312500000009,5.9374999999881,0
6.0400000000001e-05,312499.99999972,86.328125000009,5.9374999999881,0
6.0450000000001e-05,0,86.328125000009,5.9374999999881,0
6.0500000000001e-05,0,86.328125000009,5.9374999999881,0
6.0550000000001e-05,312499.99999972,86.343750000009,5.9374999999881,0
6.0600000000001e-05,0,86.343750000009,5.9374999999881,0
6.0650000000001e-05,0,86.343750000009,5.9374999999881,0
6.0700000000001e-05,312500,86.359375000009,5.9374999999881,0
6.0750000000001e-05,0,86.359375000009,5.9374999999881,0
6.0800000000001e-05,0,86.359375000009,5.9374999999881,0
6.0850000000001e-05,441941.73824115,86.375000000009,5.9531249999881,0
6.0900000000001e-05,0,86.375000000009,5.9531249999881,0
6.0950000000001e-05,312499.99999936,86.375000000009,5.968749999988,0
6.1000000000001e-05,0,86.375000000009,5.968749999988,0
6.1050000000001e-05,312499.99999972,86.390625000009,5.968749999988,0
6.1100000000001e-05,0,86.390625000009,5.968749999988,0
6.1150000000001e-05,0,86.390625000009,5.968749999988,0
6.1200000000001e-05,312499.99999972,86.406250000009,5.968749999988,0
6.1250000000001e-05,0,86.406250000009,5.968749999988,0
6.1300000000001e-05,0,86.406250000009,5.968749999988,0
6.1350000000001e-05,0,86.406250000009,5.968749999988,0
6.1400000000001e-05,441941.73824114,86.421875000009,5.984374999988,0
6.1450000000001e-05,0,86.421875000009,5.984374999988,0
6.1500000000001e-05,312499.99999943,86.437500000009,5.984374999988,0
6.1550000000001e-05,0,86.437500000009,5.984374999988,0
6.1600000000001e-05,312499.99999938,86.437500000009,5.999999999988,0
6.1650000000001e-05,0,86.437500000009,5.999999999988,0
6.1700000000001e-05,441941.73824095,86.453125000009,5.984374999988,0
6.1750000000001e-05,0,86.453125000009,5.984374999988,0
6.1800000000001e-05,0,86.453125000009,5.984374999988,0
6.1850000000001e-05,441941.73824115,86.468750000009,5.999999999988,0
6.1900000000001e-05,0,86.468750000009,5.999999999988,0
6.1950000000001e-05,0,86.468750000009,5.999999999988,0
6.2000000000001e-05,441941.73824095,86.484375000009,6.015624999988,0
6.2050000000001e-05,312499.99999936,86.484375000009,6.0312499999879,0
6.2100000000001e-05,0,86.484375000009,6.0312499999879,0
6.2150000000001e-05,312499.99999972,86.500000000009,6.0312499999879,0
6.2200000000001e-05,0,86.500000000009,6.0312499999879,0
6.2250000000001e-05,312499.99999972,86.515625000009,6.0312499999879,0
6.2300000000001e-05,312499.99999938,86.515625000009,6.0468749999879,0
6.2350000000001e-05,0,86.515625000009,6.0468749999879,0
6.2400000000001e-05,312499.99999972,86.531250000009,6.0468749999879,0
6.2450000000001e-05,0,86.531250000009,6.0468749999879,0
6.2500000000001e-05,312499.99999943,86.546875000009,6.0468749999879,0
6.2550000000001e-05,312499.99999938,86.546875000009,6.0624999999879,0
6.2600000000001e-05,0,86.546875000009,6.0624999999879,0
6.2650000000001e-05,312499.99999972,86.562500000009,6.0624999999879,0
6.2700000000001e-05,0,86.562500000009,6.0624999999879,0
6.2750000000001e-05,312500,86.578125000009,6.0624999999879,0
6.2800000000001e-05,0,86.578125000009,6.0624999999879,0
6.2850000000001e-05,441941.73824115,86.593750000009,6.0781249999878,0
6.2900000000001e-05,312499.99999938,86.593750000009,6.0937499999878,0
6.2950000000001e-05,0,86.593750000009,6.0937499999878,0
6.3000000000001e-05,312499.99999972,86.609375000009,6.0937499999878,0
6.3050000000001e-05,0,86.609375000009,6.0937499999878,0
6.3100000000001e-05,312499.99999972,86.625000000009,6.0937499999878,0
6.3150000000001e-05,624999.99999874,86.625000000009,6.1249999999877,0
6.3200000000001e-05,441941.73824094,86.640625000009,6.1093749999878,0
6.3250000000001e-05,0,86.640625000009,6.1093749999878,0
6.3300000000001e-05,441941.73824114,86.656250000009,6.1249999999877,0
6.3350000000001e-05,0,86.656250000009,6.1249999999877,0
6.3400000000001e-05,441941.73824115,86.671875000009,6.1406249999877,0
6.3450000000001e-05,0,86.671875000009,6.1406249999877,0
6.3500000000001e-05,441941.73824094,86.687500000009,6.1562499999877,0
6.3550000000001e-05,312499.99999972,86.703125000009,6.1562499999877,0
6.3600000000001e-05,0,86.703125000009,6.1562499999877,0
6.3650000000001e-05,441941.73824115,86.718750000009,6.1718749999876,0
6.3700000000001e-05,312499.99999936,86.718750000009,6.1874999999876,0
6.3750000000001e-05,441941.73824094,86.734375000009,6.1718749999876,0
6.3800000000001e-05,0,86.734375000009,6.1718749999876,0
6.3850000000001e-05,441941.73824114,86.750000000009,6.1874999999876,0
6.3900000000001e-05,0,86.750000000009,6.1874999999876,0
6.3950000000001e-05,698771.24296754,86.765625000009,6.2187499999875,0
6.4000000000001e-05,312499.99999972,86.781250000009,6.2187499999875,0
6.4050000000001e-05,0,86.781250000009,6.2187499999875,0
6.4100000000001e-05,441941.73824114,86.796875000009,6.2343749999875,0
6.4150000000001e-05,0,86.796875000009,6.2343749999875,0
6.4200000000001e-05,441941.73824096,86.812500000009,6.2499999999875,0
6.4250000000001e-05,312500,86.828125000009,6.2499999999875,0
6.4300000000001e-05,312499.99999938,86.828125000009,6.2656249999875,0
6.4350000000001e-05,312499.99999972,86.843750000009,6.2656249999875,0
6.4400000000001e-05,312499.99999938,86.843750000009,6.2812499999874,0
6.4450000000001e-05,312500,86.859375000009,6.2812499999874,0
6.4500000000001e-05,312499.99999972,86.875000000009,6.2812499999874,0
6.4550000000001e-05,312499.99999938,86.875000000009,6.2968749999874,0
6.4600000000001e-05,441941.73824094,86.890625000009,6.3124999999874,0
6.4650000000001e-05,312499.99999972,86.906250000009,6.3124999999874,0
6.4700000000001e-05,0,86.906250000009,6.3124999999874,0
6.4750000000001e-05,312500,86.921875000009,6.3124999999874,0
6.4800000000001e-05,698771.24296756,86.937500000009,6.3437499999873,0
6.4850000000001e-05,0,86.937500000009,6.3437499999873,0
6.4900000000001e-05,312499.99999972,86.953125000009,6.3437499999873,0
6.4950000000001e-05,312499.99999972,86.968750000009,6.3437499999873,0
6.5000000000001e-05,0,86.968750000009,6.3437499999873,0
6.5050000000001e-05,441941.73824114,86.984375000009,6.3593749999873,0
6.5100000000001e-05,698771.24296754,87.000000000009,6.3906249999872,0
6.5150000000001e-05,312499.99999943,87.015625000009,6.3906249999872,0
6.5200000000001e-05,312499.99999936,87.015625000009,6.4062499999872,0
6.5250000000001e-05,312499.99999972,87.031250000009,6.4062499999872,0
6.5300000000001e-05,441941.73824115,87.046875000009,6.4218749999871,0
6.5350000000001e-05,312499.99999938,87.046875000009,6.4062499999872,0
6.5400000000001e-05,698771.24296756,87.062500000009,6.4374999999871,0
6.5450000000001e-05,312499.99999972,87.078125000009,6.4374999999871,0
6.5500000000001e-05,624999.99999872,87.078125000009,6.468749999987,0
6.5550000000001e-05,312499.99999972,87.093750000009,6.468749999987,0
6.5600000000001e-05,441941.73824114,87.109375000009,6.484374999987,0
6.5650000000001e-05,0,87.109375000009,6.484374999987,0
6.5700000000001e-05,441941.73824096,87.125000000009,6.499999999987,0
6.5750000000001e-05,312499.99999972,87.140625000009,6.499999999987,0
6.5800000000001e-05,312499.99999972,87.156250000009,6.499999999987,0
6.5850000000001e-05,624999.99999874,87.156250000009,6.5312499999869,0
6.5900000000001e-05,441941.73824094,87.171875000009,6.5156249999869,0
6.5950000000001e-05,441941.73824114,87.187500000009,6.5312499999869,0
6.6000000000001e-05,441941.73824094,87.203125000009,6.5468749999869,0
6.6050000000001e-05,312499.99999938,87.203125000009,6.5624999999869,0
6.6100000000001e-05,441941.73824115,87.218750000009,6.5781249999868,0
6.6150000000001e-05,441941.73824075,87.234375000009,6.5624999999869,0
6.6200000000001e-05,624999.99999876,87.234375000009,6.5937499999868,0
6.6250000000001e-05,312499.99999972,87.250000000009,6.5937499999868,0
6.6300000000001e-05,312500,87.265625000009,6.5937499999868,0
6.6350000000001e-05,698771.24296754,87.281250000009,6.6249999999867,0
6.6400000000001e-05,312499.99999972,87.296875000009,6.6249999999867,0
6.6450000000001e-05,312499.99999938,87.296875000009,6.6406249999867,0
6.6500000000001e-05,441941.73824094,87.312500000009,6.6562499999867,0
6.6550000000001e-05,312499.99999972,87.328125000009,6.6562499999867,0
6.6600000000001e-05,312500,87.343750000009,6.6562499999867,0
6.6650000000001e-05,441941.73824095,87.359375000009,6.6718749999866,0
6.6700000000001e-05,0,87.359375000009,6.6718749999866,0
6.6750000000001e-05,441941.73824094,87.375000000009,6.6874999999866,0
6.6800000000001e-05,441941.73824114,87.390625000009,6.7031249999866,0
6.6850000000001e-05,441941.73824094,87.406250000009,6.7187499999865,0
6.6900000000001e-05,312499.99999972,87.421875000009,6.7187499999865,0
6.6950000000001e-05,624999.99999876,87.421875000009,6.7499999999865,0
6.7000000000001e-05,312499.99999972,87.437500000009,6.7499999999865,0
6.7050000000001e-05,441941.73824096,87.453125000009,6.7343749999865,0
6.7100000000001e-05,441941.73824117,87.468750000009,6.7499999999865,0
6.7150000000001e-05,698771.24296756,87.484375000009,6.7812499999864,0
6.7200000000001e-05,312499.99999972,87.500000000009,6.7812499999864,0
6.7250000000001e-05,312499.99999972,87.515625000009,6.7812499999864,0
6.7300000000001e-05,698771.24296756,87.531250000009,6.8124999999863,0
6.7350000000001e-05,312499.99999972,87.546875000009,6.8124999999863,0
6.7400000000001e-05,441941.73824094,87.562500000009,6.8281249999863,0
6.7450000000001e-05,312499.99999938,87.562500000009,6.8437499999863,0
6.7500000000001e-05,441941.73824094,87.578125000009,6.8281249999863,0
6.7550000000001e-05,441941.73824115,87.593750000009,6.8437499999863,0
6.7600000000001e-05,698771.24296754,87.609375000009,6.8749999999862,0
6.7650000000001e-05,441941.73824114,87.625000000009,6.8906249999862,0
6.7700000000001e-05,698771.24296741,87.640625000009,6.8593749999863,0
6.7750000000001e-05,988211.76880082,87.656250000009,6.9062499999862,0
6.7800000000001e-05,441941.73824115,87.671875000009,6.9218749999861,0
6.7850000000001e-05,312499.99999972,87.687500000009,6.9218749999861,0
6.7900000000001e-05,441941.73824094,87.703125000009,6.9374999999861,0
6.7950000000001e-05,312499.99999972,87.718750000009,6.9374999999861,0
6.8000000000001e-05,312499.99999972,87.734375000009,6.9374999999861,0
6.8050000000001e-05,698771.24296756,87.750000000009,6.968749999986,0
6.8100000000001e-05,441941.73824095,87.765625000009,6.9531249999861,0
6.8150000000001e-05,441941.73824114,87.781250000009,6.968749999986,0
6.8200000000001e-05,698771.24296791,87.812500000009,6.984374999986,0
6.8250000000001e-05,441941.73824114,87.828125000009,6.999999999986,0
6.8300000000001e-05,312500,87.843750000009,6.999999999986,0
6.8350000000001e-05,698771.24296756,87.859375000009,7.0312499999859,0
6.8400000000001e-05,312499.99999943,87.875000000009,7.0312499999859,0
6.8450000000001e-05,441941.73824134,87.890625000009,7.0468749999859,0
6.8500000000001e-05,441941.73824095,87.906250000009,7.0624999999858,0
6.8550000000001e-05,312499.99999972,87.921875000009,7.0624999999858,0
6.8600000000001e-05,698771.2429679,87.953125000009,7.0781249999858,0
6.8650000000001e-05,441941.73824095,87.968750000008,7.0937499999858,0
6.8700000000001e-05,441941.73824117,87.984375000008,7.0781249999858,0
6.8750000000001e-05,441941.73824115,88.000000000008,7.0937499999858,0
6.8800000000001e-05,441941.73824115,88.015625000008,7.1093749999857,0
6.8850000000001e-05,698771.24296789,88.046875000008,7.1249999999857,0
6.8900000000001e-05,441941.73824114,88.062500000008,7.1406249999857,0
6.8950000000001e-05,441941.73824115,88.078125000008,7.1562499999857,0
6.9000000000001e-05,312499.99999972,88.093750000008,7.1562499999857,0
6.9050000000001e-05,698771.24296815,88.125000000008,7.1718749999856,0
6.9100000000001e-05,441941.73824094,88.140625000008,7.1874999999856,0
6.9150000000001e-05,312499.99999972,88.156250000008,7.1874999999856,0
6.9200000000001e-05,312500,88.171875000008,7.1874999999856,0
6.9250000000001e-05,883883.47648208,88.203125000008,7.2187499999855,0
6.9300000000001e-05,441941.73824115,88.218750000008,7.2343749999855,0
6.9350000000001e-05,441941.73824115,88.234375000008,7.2499999999855,0
6.9400000000001e-05,624999.99999943,88.265625000008,7.2499999999855,0
6.9450000000001e-05,312499.99999972,88.281250000008,7.2499999999855,0
6.9500000000001e-05,698771.24296789,88.312500000008,7.2656249999854,0
6.9550000000001e-05,312500,88.328125000008,7.2656249999854,0
6.9600000000001e-05,698771.24296756,88.343750000008,7.2968749999854,0
6.9650000000001e-05,624999.99999943,88.375000000008,7.2968749999854,0
6.9700000000001e-05,441941.73824114,88.390625000008,7.3124999999853,0
6.9750000000001e-05,624999.99999943,88.421875000008,7.3124999999853,0
6.9800000000001e-05,312500,88.437500000008,7.3124999999853,0
6.9850000000001e-05,441941.73824115,88.453125000008,7.3281249999853,0
6.9900000000001e-05,698771.24296764,88.484375000008,7.3437499999853,0
6.9950000000001e-05,698771.24296754,88.500000000008,7.3749999999852,0
7.0000000000001e-05,624999.99999972,88.531250000008,7.3749999999852,0
7.0050000000001e-05,441941.73824115,88.546875000008,7.3906249999852,0
7.0100000000001e-05,698771.2429679,88.578125000008,7.3749999999852,0
7.0150000000001e-05,698771.24296756,88.593750000008,7.4062499999851,0
7.0200000000001e-05,624999.99999943,88.625000000008,7.4062499999851,0
7.0250000000001e-05,441941.73824114,88.640625000008,7.3906249999852,0
7.0300000000001e-05,883883.47648189,88.671875000008,7.4218749999851,0
7.0350000000001e-05,441941.73824114,88.687500000008,7.4374999999851,0
7.0400000000001e-05,624999.99999943,88.718750000008,7.4374999999851,0
7.0450000000001e-05,441941.73824114,88.734375000008,7.4531249999851,0
7.0500000000001e-05,624999.99999943,88.765625000008,7.4531249999851,0
7.0550000000001e-05,441941.73824114,88.781250000008,7.468749999985,0
7.0600000000001e-05,624999.99999943,88.812500000008,7.468749999985,0
7.0650000000001e-05,312500,88.828125000008,7.468749999985,0
7.0700000000001e-05,883883.4764821,88.859375000008,7.499999999985,0
7.0750000000001e-05,624999.99999943,88.890625000008,7.499999999985,0
7.0800000000001e-05,698771.24296756,88.906250000008,7.5312499999849,0
7.0850000000001e-05,624999.99999943,88.937500000008,7.5312499999849,0
7.0900000000001e-05,312499.99999972,88.953125000008,7.5312499999849,0
7.0950000000001e-05,624999.99999943,88.984375000008,7.5312499999849,0
7.1000000000001e-05,698771.2429684,89.015625000008,7.5468749999849,0
7.1050000000001e-05,441941.73824074,89.031250000008,7.5312499999849,0
7.1100000000001e-05,883883.47648209,89.062500000008,7.5624999999848,0
7.1150000000001e-05,441941.73824095,89.078125000008,7.5468749999849,0
7.1200000000001e-05,698771.2429679,89.109375000008,7.5624999999848,0
7.1250000000001e-05,698771.2429679,89.140625000008,7.5781249999848,0
7.1300000000001e-05,441941.73824115,89.156250000008,7.5937499999848,0
7.1350000000001e-05,698771.2429684,89.187500000008,7.6093749999847,0
7.1400000000001e-05,624999.99999943,89.218750000008,7.6093749999847,0
7.1450000000001e-05,441941.73824114,89.234375000008,7.6249999999847,0
7.1500000000001e-05,698771.24296814,89.265625000008,7.6093749999847,0
7.1550000000001e-05,441941.73824094,89.281250000008,7.6249999999847,0
7.1600000000001e-05,624999.99999943,89.312500000008,7.6249999999847,0
7.1650000000001e-05,624999.99999943,89.343750000008,7.6249999999847,0
7.1700000000001e-05,698771.24296754,89.359375000008,7.6562499999846,0
7.1750000000001e-05,624999.99999943,89.390625000008,7.6562499999846,0
7.1800000000001e-05,698771.24296814,89.421875000008,7.6406249999847,0
7.1850000000001e-05,441941.73824094,89.437500000008,7.6562499999846,0
7.1900000000001e-05,698771.2429684,89.468750000008,7.6718749999846,0
7.1950000000001e-05,624999.99999943,89.500000000008,7.6718749999846,0
7.2000000000001e-05,441941.73824095,89.515625000008,7.6874999999846,0
7.2050000000001e-05,624999.99999943,89.546875000008,7.6874999999846,0
7.2100000000001e-05,698771.24296789,89.578125000008,7.6718749999846,0
7.2150000000001e-05,698771.24296814,89.609375000008,7.6874999999846,0
7.2200000000001e-05,441941.73824115,89.625000000008,7.7031249999845,0
7.2250000000001e-05,698771.2429679,89.656250000008,7.6874999999846,0
7.2300000000001e-05,698771.2429679,89.687500000007,7.7031249999845,0
7.2350000000001e-05,624999.99999943,89.718750000007,7.7031249999845,0
7.2400000000001e-05,312500,89.734375000007,7.7031249999845,0
7.2450000000001e-05,624999.99999972,89.765625000007,7.7031249999845,0
7.2500000000001e-05,698771.24296789,89.796875000007,7.7187499999845,0
7.2550000000001e-05,312499.99999972,89.812500000007,7.7187499999845,0
7.2600000000001e-05,698771.24296814,89.843750000007,7.7343749999845,0
7.2650000000001e-05,624999.99999972,89.875000000007,7.7343749999845,0
7.2700000000001e-05,624999.99999943,89.906250000007,7.7343749999845,0
7.2750000000001e-05,441941.73824095,89.921875000007,7.7187499999845,0
7.2800000000001e-05,624999.99999943,89.953125000007,7.7187499999845,0
7.2850000000001e-05,883883.4764821,89.984375000007,7.7499999999845,0
7.2900000000001e-05,698771.24296791,90.015625000007,7.7343749999845,0
7.2950000000001e-05,441941.73824117,90.031250000007,7.7499999999845,0
7.3000000000001e-05,624999.99999943,90.062500000007,7.7499999999845,0
7.3050000000001e-05,698771.24296814,90.093750000007,7.7656249999844,0
7.3100000000001e-05,698771.24296764,90.125000000007,7.7499999999845,0
7.3150000000001e-05,624999.99999943,90.156250000007,7.7499999999845,0
7.3200000000001e-05,441941.73824117,90.171875000007,7.7343749999845,0
7.3250000000001e-05,624999.99999943,90.203125000007,7.7343749999845,0
7.3300000000001e-05,698771.24296816,90.234375000007,7.7499999999845,0
7.3350000000001e-05,624999.99999943,90.265625000007,7.7499999999845,0
7.3400000000001e-05,312499.99999972,90.281250000007,7.7499999999845,0
7.3450000000001e-05,698771.2429684,90.312500000007,7.7656249999844,0
7.3500000000001e-05,698771.24296789,90.343750000007,7.7499999999845,0
7.3550000000001e-05,624999.99999943,90.375000000007,7.7499999999845,0
7.3600000000001e-05,441941.73824094,90.390625000007,7.7343749999845,0
7.3650000000001e-05,883883.47648208,90.421875000007,7.7656249999844,0
7.3700000000001e-05,698771.24296764,90.453125000007,7.7499999999845,0
7.3750000000001e-05,624999.99999972,90.484375000007,7.7499999999845,0
7.3800000000001e-05,624999.99999943,90.515625000007,7.7499999999845,0
7.3850000000001e-05,312500,90.531250000007,7.7499999999845,0
7.3900000000001e-05,624999.99999943,90.562500000007,7.7499999999845,0
7.3950000000001e-05,624999.99999943,90.593750000007,7.7499999999845,0
7.4000000000001e-05,698771.24296789,90.625000000007,7.7656249999844,0
7.4050000000001e-05,698771.24296789,90.656250000007,7.7499999999845,0
7.4100000000001e-05,624999.99999972,90.687500000007,7.7499999999845,0
7.4150000000001e-05,441941.73824114,90.703125000007,7.7343749999845,0
7.4200000000001e-05,698771.24296789,90.734375000007,7.7499999999845,0
7.4250000000001e-05,698771.24296789,90.765625000007,7.7343749999845,0
7.4300000000001e-05,624999.99999972,90.796875000007,7.7343749999845,0
7.4350000000001e-05,624999.99999915,90.828125000007,7.7343749999845,0
7.4400000000001e-05,624999.99999972,90.859375000007,7.7343749999845,0
7.4450000000001e-05,441941.73824094,90.875000000007,7.7499999999845,0
7.4500000000001e-05,624999.99999972,90.906250000007,7.7499999999845,0
7.4550000000001e-05,698771.24296789,90.937500000007,7.7343749999845,0
7.4600000000001e-05,698771.2429679,90.968750000007,7.7187499999845,0
7.4650000000001e-05,624999.99999943,91.000000000007,7.7187499999845,0
7.4700000000001e-05,624999.99999943,91.031250000006,7.7187499999845,0
7.4750000000001e-05,441941.73824094,91.046875000006,7.7031249999845,0
7.4800000000001e-05,624999.99999972,91.078125000006,7.7031249999845,0
7.4850000000001e-05,698771.2429679,91.109375000006,7.6874999999846,0
7.4900000000001e-05,698771.24296815,91.140625000006,7.7031249999845,0
7.4950000000001e-05,698771.2429679,91.171875000006,7.6874999999846,0
7.5000000000001e-05,624999.99999943,91.203125000006,7.6874999999846,0
7.5050000000001e-05,624999.99999972,91.234375000006,7.6874999999846,0
7.5100000000001e-05,624999.99999943,91.265625000006,7.6874999999846,0
7.5150000000001e-05,441941.73824114,91.281250000006,7.7031249999845,0
7.5200000000001e-05,698771.24296789,91.312500000006,7.6874999999846,0
7.5250000000001e-05,883883.47648188,91.343750000006,7.6562499999846,0
7.5300000000001e-05,624999.99999943,91.375000000006,7.6562499999846,0
7.5350000000001e-05,698771.24296841,91.406250000006,7.6718749999846,0
7.5400000000001e-05,698771.2429679,91.437500000006,7.6562499999846,0
7.5450000000001e-05,624999.99999943,91.468750000006,7.6562499999846,0
7.5500000000001e-05,698771.24296745,91.484375000006,7.6249999999847,0
7.5550000000001e-05,883883.4764819,91.515625000006,7.6562499999846,0
7.5600000000001e-05,698771.24296816,91.546875000006,7.6406249999847,0
7.5650000000001e-05,698771.24296764,91.578125000006,7.6249999999847,0
7.5700000000001e-05,698771.24296841,91.609375000006,7.6406249999847,0
7.5750000000001e-05,698771.24296764,91.640625000006,7.6249999999847,0
7.5800000000001e-05,698771.24296789,91.671875000006,7.6093749999847,0
7.5850000000001e-05,698771.2429679,91.703125000006,7.5937499999848,0
7.5900000000001e-05,624999.99999972,91.734375000006,7.5937499999848,0
7.5950000000001e-05,312499.99999972,91.750000000006,7.5937499999848,0
7.6000000000001e-05,624999.99999943,91.781250000006,7.5937499999848,0
7.6050000000001e-05,883883.4764819,91.812500000006,7.5624999999848,0
7.6100000000001e-05,883883.4764821,91.843750000006,7.5937499999848,0
7.6150000000001e-05,698771.24296816,91.875000000006,7.5781249999848,0
7.6200000000001e-05,698771.24296789,91.906250000006,7.5624999999848,0
7.6250000000001e-05,698771.24296789,91.937500000006,7.5468749999849,0
7.6300000000001e-05,441941.73824094,91.953125000006,7.5624999999848,0
7.6350000000001e-05,624999.99999972,91.984375000006,7.5624999999848,0
7.6400000000001e-05,883883.47648189,92.015625000006,7.5312499999849,0
7.6450000000001e-05,698771.24296814,92.046875000006,7.5156249999849,0
7.6500000000001e-05,698771.24296789,92.078125000006,7.5312499999849,0
7.6550000000001e-05,883883.47648189,92.109375000006,7.499999999985,0
7.6600000000001e-05,624999.99999943,92.140625000006,7.499999999985,0
7.6650000000001e-05,312499.99999972,92.156250000006,7.499999999985,0
7.6700000000001e-05,624999.99999943,92.187500000006,7.499999999985,0
7.6750000000001e-05,883883.4764819,92.218750000006,7.468749999985,0
7.6800000000001e-05,624999.99999943,92.250000000006,7.468749999985,0
7.6850000000001e-05,624999.99999972,92.281250000006,7.468749999985,0
7.6900000000001e-05,698771.24296741,92.296875000006,7.4374999999851,0
7.6950000000001e-05,698771.24296814,92.328125000005,7.4531249999851,0
7.7000000000001e-05,698771.24296789,92.359375000005,7.4374999999851,0
7.7050000000001e-05,624999.99999943,92.390625000005,7.4374999999851,0
7.7100000000001e-05,312499.99999972,92.406250000005,7.4374999999851,0
7.7150000000001e-05,624999.99999943,92.437500000005,7.4374999999851,0
7.7200000000001e-05,883883.47648189,92.468750000005,7.4062499999851,0
7.7250000000001e-05,441941.73824115,92.484375000005,7.4218749999851,0
7.7300000000001e-05,624999.99999943,92.515625000005,7.4218749999851,0
7.7350000000001e-05,883883.47648189,92.546875000005,7.3906249999852,0
7.7400000000001e-05,698771.2429679,92.578125000005,7.3749999999852,0
7.7450000000001e-05,312500,92.593750000005,7.3749999999852,0
7.7500000000001e-05,624999.99999943,92.625000000005,7.3749999999852,0
7.7550000000001e-05,698771.24296789,92.656250000005,7.3593749999852,0
7.7600000000001e-05,441941.73824114,92.671875000005,7.3749999999852,0
7.7650000000001e-05,883883.47648188,92.703125000005,7.3437499999853,0
7.7700000000001e-05,698771.24296791,92.734375000005,7.3281249999853,0
7.7750000000001e-05,441941.73824115,92.750000000005,7.3437499999853,0
7.7800000000001e-05,883883.47648189,92.781250000005,7.3124999999853,0
7.7850000000001e-05,624999.99999943,92.812500000005,7.3124999999853,0
7.7900000000001e-05,441941.73824095,92.828125000005,7.2968749999854,0
7.7950000000001e-05,624999.99999972,92.859375000005,7.2968749999854,0
7.8000000000001e-05,441941.73824095,92.875000000005,7.3124999999853,0
7.8050000000001e-05,698771.24296814,92.906250000005,7.2968749999854,0
7.8100000000001e-05,698771.24296743,92.921875000005,7.2656249999854,0
7.8150000000001e-05,698771.24296789,92.953125000005,7.2812499999854,0
7.8200000000001e-05,698771.24296789,92.984375000005,7.2656249999854,0
7.8250000000001e-05,441941.73824095,93.000000000005,7.2499999999855,0
7.8300000000001e-05,624999.99999943,93.031250000005,7.2499999999855,0
7.8350000000001e-05,312500,93.046875000005,7.2499999999855,0
7.8400000000001e-05,698771.24296816,93.078125000005,7.2343749999855,0
7.8450000000001e-05,312499.99999972,93.093750000005,7.2343749999855,0
7.8500000000001e-05,698771.24296789,93.125000000005,7.2187499999855,0
7.8550000000001e-05,312499.99999972,93.140625000005,7.2187499999855,0
7.8600000000001e-05,698771.24296741,93.156250000005,7.1874999999856,0
7.8650000000001e-05,624999.99999943,93.187500000005,7.1874999999856,0
7.8700000000001e-05,312499.99999972,93.203125000005,7.1874999999856,0
7.8750000000001e-05,624999.99999972,93.234375000005,7.1874999999856,0
7.8800000000001e-05,312499.99999972,93.250000000005,7.1874999999856,0
7.8850000000001e-05,312499.99999972,93.265625000005,7.1874999999856,0
7.8900000000001e-05,883883.47648189,93.296875000005,7.1562499999857,0
7.8950000000001e-05,312500,93.312500000005,7.1562499999857,0
7.9000000000002e-05,441941.73824115,93.328125000005,7.1718749999856,0
7.9050000000002e-05,883883.47648169,93.359375000005,7.1406249999857,0
7.9100000000002e-05,441941.73824095,93.375000000005,7.1249999999857,0
7.9150000000002e-05,441941.73824115,93.390625000005,7.1406249999857,0
7.9200000000002e-05,698771.2429679,93.421875000005,7.1249999999857,0
7.9250000000002e-05,441941.73824114,93.437500000005,7.1406249999857,0
7.9300000000002e-05,441941.73824074,93.453125000005,7.1249999999857,0
7.9350000000002e-05,698771.24296789,93.484375000005,7.1093749999857,0
7.9400000000002e-05,441941.73824115,93.500000000005,7.0937499999858,0
7.9450000000002e-05,312499.99999972,93.515625000005,7.0937499999858,0
7.9500000000002e-05,312499.99999972,93.531250000005,7.0937499999858,0
7.9550000000002e-05,624999.99999943,93.562500000005,7.0937499999858,0
7.9600000000002e-05,441941.73824094,93.578125000005,7.0781249999858,0
7.9650000000002e-05,441941.73824095,93.593750000005,7.0624999999858,0
7.9700000000002e-05,441941.73824114,93.609375000005,7.0781249999858,0
7.9750000000002e-05,698771.24296764,93.640625000004,7.0624999999858,0
7.9800000000002e-05,312499.99999972,93.656250000004,7.0624999999858,0
7.9850000000002e-05,312500,93.671875000004,7.0624999999858,0
7.9900000000002e-05,312499.99999972,93.687500000004,7.0624999999858,0
7.9950000000002e-05,312499.99999972,93.703125000004,7.0624999999858,0
8e-05,883883.4765089,93.734375000004,7.0312499999859,0
