time,Fx,Fy
0,0,0
1e-06,52.494120801855,8.8611805504346e-08
2e-06,111.44003287196,1.880216934369e-07
3e-06,164.43885200267,2.7731158702693e-07
4e-06,222.85764451274,3.7583140466424e-07
5e-06,276.20433166024,4.657854675294e-07
6e-06,334.13301777218,5.6347049337546e-07
7e-06,387.72888042845,6.538383239274e-07
8e-06,445.18923417396,7.5075222305543e-07
9e-06,498.91204817381,8.4129517219367e-07
1e-05,555.82021217541,9.3725700356373e-07
1.1e-05,609.4284544033,1.0275344166644e-06
1.2e-05,665.67090101047,1.1222381814946e-06
1.3e-05,719.1632521266,1.2127330109024e-06
1.4e-05,774.89458200293,1.306715889271e-06
1.5e-05,828.23800958719,1.3964271019518e-06
1.6e-05,883.33218364756,1.48947207812e-06
1.7e-05,936.40298288143,1.5790453549158e-06
1.8e-05,990.89498913077,1.6708223755657e-06
1.9e-05,1043.6610321664,1.7597782084877e-06
2e-05,1097.4527403553,1.8504634962113e-06
2.1e-05,1149.8326670412,1.9388930283526e-06
2.2e-05,1202.9528205118,2.0285106963058e-06
2.3e-05,1254.8563838464,2.1158486092077e-06
2.4e-05,1307.2105089447,2.2043354981349e-06
2.5e-05,1358.6306130547,2.2910969352807e-06
2.6e-05,1410.1845672928,2.3775922279867e-06
2.7e-05,1461.0031236044,2.4635831490372e-06
2.8e-05,1511.7485644082,2.5494614135368e-06
2.9e-05,1561.900335734,2.6339617740234e-06
3e-05,1611.6840550469,2.7177137447154e-06
3.1e-05,1660.8680740067,2.8001994039073e-06
3.2e-05,1709.1293861425,2.8817850505902e-06
3.3e-05,1756.8541478842,2.9626485247292e-06
3.4e-05,1804.1710319426,3.0427766706254e-06
3.5e-05,1852.2446331257,3.1243816831505e-06
3.6e-05,1899.8539849741,3.2040345239182e-06
3.7e-05,1947.1120999798,3.2820339548323e-06
3.8e-05,1993.4639060611,3.361242805866e-06
3.9e-05,2040.2182071582,3.4417781762386e-06
4e-05,2084.4470534569,3.5141488972101e-06
4.1e-05,2128.1679999666,3.5877722837085e-06
4.2e-05,2172.5044916378,3.6644911372008e-06
4.3e-05,2216.7209489578,3.7343106242815e-06
4.4e-05,2257.8496885926,3.804785890793e-06
4.5e-05,2301.3894035009,3.8901433612182e-06
4.6e-05,2342.7524775333,3.9558892304115e-06
4.7e-05,2382.1043752131,4.010676363464e-06
4.8e-05,2430.1872068574,4.2959303137025e-06
4.9e-05,2481.4324314914,4.288512968742e-06
4.925e-05,2489.1340612076,4.3728574503632e-06
4.9375e-05,2491.6990118302,4.4065940016935e-06
4.94375e-05,2491.8277138199,4.2787186664839e-06
4.95625e-05,2492.3433462979,4.5243008450768e-06
4.9625e-05,2493.5955419379,4.5282714147277e-06
4.975e-05,2501.7452074751,4.8762348612286e-06
5e-05,2517.5596970471,5.914070602131e-06
5.0125e-05,2504.7245137416,0.00022557477381824
5.01875e-05,2486.2682952222,5.5255690696754e-05
5.03125e-05,2448.4395371722,0.0001853831369516
5.0375e-05,2441.3835934699,0.00036529990698142
5.05e-05,2491.3357058056,0.00095966468376929
5.05625e-05,2543.0169165278,0.00077765180843414
5.06875e-05,2627.1846293669,0.0026544439385638
5.075e-05,2632.758925229,0.0044111330662133
5.0875e-05,2552.2849496521,0.0060375389594149
5.09375e-05,2495.1668237542,0.0051627116475395
5.10625e-05,2453.3240839357,0.0032773995751008
5.1125e-05,2465.1752275156,0.00369736822406
5.125e-05,2528.2781296851,0.0084532514529272
5.15e-05,2599.2664370967,0.012326548507684
5.15625e-05,2588.5263227807,0.010004722220142
5.159375e-05,2580.5002913257,0.0082593151033663
5.165625e-05,2557.5195535201,0.0032144166888308
5.16875e-05,2541.7213179854,-0.0020134572284789
5.175e-05,2517.3741443739,-0.0121432925359
5.178125e-05,2508.9290500396,-0.016940779878354
5.184375e-05,2521.2020179035,-0.024271779821696
5.196875e-05,2641.0642203389,-0.018296598179727
5.203125e-05,2724.0885054559,0.00076303501890962
5.215625e-05,2705.7099087499,0.045405947696818
5.221875e-05,2601.202198996,0.037326616708025
5.234375e-05,2508.5765123409,-0.031200284427932
5.240625e-05,2573.7089119589,-0.052311198924254
5.253125e-05,2641.925025182,-0.023378941089089
5.259375e-05,2591.6670176472,-0.0031903537058788
5.271875e-05,2521.3109579957,-0.0055690566351991
5.278125e-05,2581.002841046,-0.0018421384974765
5.28125e-05,2637.2913828631,0.016016226284265
5.2875e-05,2704.4793811613,0.090423417349342
5.290625e-05,2705.1898769304,0.14526884111016
5.296875e-05,2665.8741960225,0.20646358215342
5.309375e-05,2665.777480288,0.080216278231202
5.3125e-05,2693.5406349211,0.032634441489968
5.325e-05,2656.4128649427,0.27073406762094
5.33125e-05,2562.8736912507,0.38971503171203
5.34375e-05,2595.0189687331,0.25382169898639
5.35e-05,2685.9229980078,0.24550553010188
5.353125e-05,2703.1792817282,0.34335199125423
5.359375e-05,2650.7500313115,0.59987070254983
5.3625e-05,2602.8320091101,0.68810639540753
5.36875e-05,2552.1953335171,0.75458707300364
5.371875e-05,2560.2354234543,0.77852445075889
5.3734375e-05,2574.5206008687,0.80843129306258
5.373828125e-05,2578.972866338,0.83052764564444
5.3740234375e-05,2581.3504599572,0.84131178442602
5.3740478515625e-05,2581.6332646375,0.84161330913957
5.3740600585938e-05,2581.7976430052,0.84196096444718
5.3740844726563e-05,2582.095359004,0.84237867981914
5.3740905761719e-05,2582.1882295574,0.84263424177761
5.3740909576416e-05,2582.1976168413,0.84268058391392
5.3740910576416e-05,2582.1990871649,0.84268436991227
5.3740912483765e-05,2582.2013433542,0.84268698847961
5.3740914391113e-05,2582.2035996186,0.84268960715782
5.3740916298462e-05,2582.2058559583,0.8426922259505
5.3740918205811e-05,2582.208112373,0.84269484486038
5.3740920113159e-05,2582.2103688629,0.8426974638832
5.3740922020508e-05,2582.2126254277,0.84270008302088
5.3740923927856e-05,2582.2148820676,0.84270270227035
5.3740925835205e-05,2582.2171387827,0.84270532163182
5.3740927742554e-05,2582.2193955729,0.84270794110834
5.3740929649902e-05,2582.221652438,0.84271056069474
5.3740931557251e-05,2582.2239093782,0.84271318039688
5.37409334646e-05,2582.2261663934,0.84271580021525
5.3740935371948e-05,2582.2284234837,0.84271842014941
5.3740937279297e-05,2582.230680649,0.84272104017825
5.3740939186646e-05,2582.2329378893,0.84272366030833
5.3740941093994e-05,2582.2351952046,0.84272628055045
5.3740943001343e-05,2582.237452595,0.84272890090779
5.3740944908691e-05,2582.2397100603,0.84273152136629
5.374094681604e-05,2582.2419676005,0.84273414192805
5.3740948723389e-05,2582.2442252157,0.84273676260198
5.3740950630737e-05,2582.246482906,0.8427393833934
5.3740952538086e-05,2582.2487406712,0.84274200429884
5.3740954445435e-05,2582.2509985115,0.84274462530895
5.3740956352783e-05,2582.2532564268,0.84274724642955
5.3740958260132e-05,2582.2555144173,0.84274986765633
5.3740960167481e-05,2582.2577724828,0.842752488999
5.3740962074829e-05,2582.2600306236,0.84275511045632
5.3740963982178e-05,2582.2622888394,0.84275773203688
5.3740965889526e-05,2582.2645471304,0.84276035373463
5.3740967796875e-05,2582.2668054964,0.84276297554129
5.3740969704224e-05,2582.2690639373,0.84276559746088
5.3740971611572e-05,2582.2713224532,0.84276821949383
5.3740973518921e-05,2582.273581044,0.84277084164043
5.374097542627e-05,2582.2758397097,0.84277346390244
5.3740977333618e-05,2582.27809845,0.84277608627193
5.3740979240967e-05,2582.2803572653,0.84277870874489
5.3740981148316e-05,2582.2826161555,0.84278133132083
5.3740983055664e-05,2582.2848751207,0.84278395399532
5.3740984963013e-05,2582.2871341609,0.84278657677546
5.3740986870361e-05,2582.2893932761,0.84278919965746
5.374098877771e-05,2582.2916524662,0.84279182264797
5.3740990685059e-05,2582.2939117312,0.84279444575145
5.3740992592407e-05,2582.2961710711,0.84279706898155
5.3740994499756e-05,2582.2984304859,0.84279969233303
5.3740996407105e-05,2582.3006899757,0.84280231580592
5.3740998314453e-05,2582.3029495403,0.84280493939487
5.3741000221802e-05,2582.30520918,0.84280756309594
5.3741002129151e-05,2582.3074688946,0.8428101869016
5.3741004036499e-05,2582.3097286843,0.84281281081371
5.3741005943848e-05,2582.311988549,0.84281543483762
5.3741007851196e-05,2582.3142484888,0.84281805896775
5.3741009758545e-05,2582.3165085036,0.84282068319966
5.3741011665894e-05,2582.3187685933,0.842823307539
5.3741013573242e-05,2582.3210287581,0.84282593197304
5.3741015480591e-05,2582.3232889978,0.84282855650466
5.374101738794e-05,2582.3255493123,0.8428311811383
5.3741019295288e-05,2582.3278097016,0.84283380589563
5.3741021202637e-05,2582.3300701659,0.84283643076961
5.3741023109985e-05,2582.3323307052,0.84283905575808
5.3741025017334e-05,2582.3345913194,0.84284168085745
5.3741026924683e-05,2582.3368520086,0.84284430607604
5.3741028832031e-05,2582.3391127726,0.84284693141452
5.374103073938e-05,2582.3413736116,0.84284955687417
5.3741032646729e-05,2582.3436345255,0.84285218245341
5.3741034554077e-05,2582.3458955144,0.84285480815358
5.3741036461426e-05,2582.3481565783,0.84285743396207
5.3741038368775e-05,2582.3504177171,0.84286005987883
5.3741040276123e-05,2582.3526789309,0.84286268590602
5.3741042183472e-05,2582.3549402197,0.84286531204598
5.374104409082e-05,2582.3572015835,0.84286793830524
5.3741045998169e-05,2582.3594630222,0.84287056467997
5.3741047905518e-05,2582.361724536,0.84287319117596
5.3741049812866e-05,2582.3639861248,0.84287581778047
5.3741051720215e-05,2582.3662477886,0.84287844450055
5.3741053627564e-05,2582.3685095274,0.84288107133605
5.3741055534912e-05,2582.3707713412,0.84288369829101
5.3741057442261e-05,2582.3730332302,0.84288632536202
5.374105934961e-05,2582.375295194,0.84288895254486
5.3741061256958e-05,2582.3775572328,0.84289157983879
5.3741063164307e-05,2582.3798193464,0.84289420724193
5.3741065071655e-05,2582.3820815349,0.84289683475803
5.3741066979004e-05,2582.3843437983,0.84289946237962
5.3741068886353e-05,2582.3866061365,0.84290209010614
5.3741070793701e-05,2582.3888685495,0.84290471793353
5.374107270105e-05,2582.3911310375,0.8429073458689
5.3741074608399e-05,2582.3933936004,0.84290997391655
5.3741076515747e-05,2582.3956562382,0.84291260206616
5.3741078423096e-05,2582.3979189509,0.84291523032298
5.3741080330445e-05,2582.4001817385,0.84291785868562
5.3741082237793e-05,2582.4024446008,0.84292048715562
5.3741084145142e-05,2582.4047075379,0.84292311573787
5.374108605249e-05,2582.4069705497,0.84292574443393
5.3741087959839e-05,2582.4092336362,0.84292837324782
5.3741089867188e-05,2582.4114967976,0.8429310021692
5.3741091774536e-05,2582.413760034,0.84293363119476
5.3741093681885e-05,2582.4160233452,0.84293626033171
5.3741095589234e-05,2582.4182867315,0.84293888958295
5.3741097496582e-05,2582.4205501928,0.84294151894919
5.3741099403931e-05,2582.4228137292,0.84294414843393
5.374110131128e-05,2582.4250773404,0.84294677803076
5.3741103218628e-05,2582.4273410266,0.84294940774302
5.3741105125977e-05,2582.4296047877,0.84295203756253
5.3741107033325e-05,2582.4318686236,0.84295466749117
5.3741108940674e-05,2582.4341325344,0.84295729753141
5.3741110848023e-05,2582.43639652,0.84295992767593
5.3741112755371e-05,2582.4386605805,0.84296255793002
5.374111466272e-05,2582.4409247159,0.84296518829482
5.3741116570069e-05,2582.4431889261,0.8429678187658
5.3741118477417e-05,2582.4454532114,0.84297044935677
5.3741120384766e-05,2582.4477175715,0.84297308006729
5.3741122292114e-05,2582.4499820064,0.84297571089348
5.3741124199463e-05,2582.4522465162,0.84297834183575
5.3741126106812e-05,2582.4545111007,0.84298097289827
5.374112801416e-05,2582.45677576,0.84298360408039
5.3741129921509e-05,2582.4590404942,0.84298623539154
5.3741131828858e-05,2582.4613053032,0.84298886683748
5.3741133736206e-05,2582.4635701871,0.84299149841308
5.3741135643555e-05,2582.4658351457,0.84299413011856
5.3741137550904e-05,2582.4681001791,0.84299676194516
5.3741139458252e-05,2582.4703652875,0.84299939388933
5.3741141365601e-05,2582.4726304708,0.84300202594947
5.3741143272949e-05,2582.474895729,0.84300465812378
5.3741145180298e-05,2582.477161062,0.84300729041074
5.3741147087647e-05,2582.4794264697,0.84300992281086
5.3741148994995e-05,2582.4816919523,0.84301255532618
5.3741150902344e-05,2582.4839575098,0.84301518795996
5.3741152809693e-05,2582.4862231421,0.84301782071088
5.3741154717041e-05,2582.4884888492,0.84302045357328
5.374115662439e-05,2582.490754631,0.84302308654519
5.3741158531739e-05,2582.4930204876,0.84302571962515
5.3741160439087e-05,2582.4952864188,0.84302835281434
5.3741162346436e-05,2582.4975524247,0.84303098612289
5.3741164253784e-05,2582.4998185055,0.84303361955319
5.3741166161133e-05,2582.5020846612,0.84303625309178
5.3741168068482e-05,2582.5043508917,0.84303888673115
5.374116997583e-05,2582.5066171969,0.84304152047193
5.3741171883179e-05,2582.5088835768,0.84304415431631
5.3741173790528e-05,2582.5111500314,0.84304678826769
5.3741175697876e-05,2582.5134165609,0.84304942233345
5.3741177605225e-05,2582.515683165,0.84305205651279
5.3741179512574e-05,2582.517949844,0.84305469080158
5.3741181419922e-05,2582.5202165979,0.84305732519534
5.3741183327271e-05,2582.5224834265,0.84305995968803
5.3741185234619e-05,2582.52475033,0.84306259428592
5.3741187141968e-05,2582.5270173082,0.84306522898902
5.3741189049317e-05,2582.5292843614,0.84306786380037
5.3741190956665e-05,2582.5315514894,0.84307049872599
5.3741192864014e-05,2582.5338186923,0.84307313376909
5.3741194771363e-05,2582.5360859699,0.84307576892273
5.3741196678711e-05,2582.5383533225,0.84307840418542
5.374119858606e-05,2582.5406207498,0.84308103955647
5.3741200493409e-05,2582.5428882519,0.84308367503553
5.3741202400757e-05,2582.5451558288,0.84308631062797
5.3741204308106e-05,2582.5474234803,0.84308894631863
5.3741206215454e-05,2582.5496912065,0.84309158210345
5.3741208122803e-05,2582.5519590074,0.84309421799944
5.3741210030152e-05,2582.554226883,0.84309685400141
5.37412119375e-05,2582.5564948334,0.84309949010937
5.3741213844849e-05,2582.5587628585,0.84310212632482
5.3741215752198e-05,2582.5610309584,0.84310476264501
5.3741217659546e-05,2582.5632991329,0.84310739907862
5.3741219566895e-05,2582.5655673821,0.84311003561409
5.3741221474244e-05,2582.5678357061,0.84311267225388
5.3741223381592e-05,2582.5701041049,0.84311530900186
5.3741225288941e-05,2582.5723725784,0.84311794586187
5.3741227196289e-05,2582.5746411266,0.8431205828279
5.3741229103638e-05,2582.5769097496,0.84312321989785
5.3741231010987e-05,2582.5791784473,0.84312585707562
5.3741232918335e-05,2582.5814472199,0.84312849436473
5.3741234825684e-05,2582.5837160673,0.84313113176341
5.3741236733033e-05,2582.5859849897,0.843133769276
5.3741238640381e-05,2582.5882539869,0.84313640690306
5.374124054773e-05,2582.5905230589,0.84313904464987
5.3741242455078e-05,2582.5927922056,0.84314168251301
5.3741244362427e-05,2582.595061427,0.84314432047987
5.3741246269776e-05,2582.5973307231,0.84314695854921
5.3741248177124e-05,2582.599600094,0.84314959672501
5.3741250084473e-05,2582.6018695395,0.84315223501398
5.3741251991822e-05,2582.6041390598,0.84315487342104
5.374125389917e-05,2582.6064086548,0.84315751193697
5.3741255806519e-05,2582.6086783245,0.84316015055596
5.3741257713868e-05,2582.6109480689,0.84316278928015
5.3741259621216e-05,2582.6132178882,0.84316542810965
5.3741261528565e-05,2582.6154877823,0.84316806705748
5.3741263435913e-05,2582.6177577513,0.84317070613172
5.3741265343262e-05,2582.6200277951,0.84317334531519
5.3741267250611e-05,2582.6222979136,0.84317598460143
5.3741269157959e-05,2582.6245681068,0.84317862399555
5.3741271065308e-05,2582.6268383746,0.84318126350012
5.3741272972657e-05,2582.6291087171,0.84318390311303
5.3741274880005e-05,2582.6313791344,0.84318654283819
5.3741276787354e-05,2582.6336496263,0.84318918266868
5.3741278694703e-05,2582.6359201929,0.84319182261522
5.3741280602051e-05,2582.6381908341,0.84319446267095
5.37412825094e-05,2582.6404615498,0.84319710284115
5.3741284416748e-05,2582.6427323404,0.84319974312562
5.3741286324097e-05,2582.6450032057,0.84320238353087
5.3741288231446e-05,2582.6472741458,0.84320502404772
5.3741290138794e-05,2582.6495451606,0.84320766467434
5.3741292046143e-05,2582.65181625,0.84321030541401
5.3741293953492e-05,2582.6540874141,0.84321294626409
5.374129586084e-05,2582.6563586529,0.8432155872203
5.3741297768189e-05,2582.6586299664,0.84321822828653
5.3741299675538e-05,2582.6609013547,0.84322086946882
5.3741301582886e-05,2582.6631728179,0.84322351075951
5.3741303490235e-05,2582.6654443559,0.84322615216836
5.3741305397583e-05,2582.6677159687,0.84322879369294
5.3741307304932e-05,2582.6699876564,0.84323143533154
5.3741309212281e-05,2582.6722594188,0.84323407708369
5.3741311119629e-05,2582.6745312559,0.84323671895327
5.3741313026978e-05,2582.6768031676,0.84323936093621
5.3741314934327e-05,2582.6790751541,0.8432420030298
5.3741316841675e-05,2582.6813472154,0.84324464522483
5.3741318749024e-05,2582.6836193515,0.84324728752799
5.3741320656373e-05,2582.6858915625,0.84324992993192
5.3741322563721e-05,2582.6881638482,0.84325257243812
5.374132447107e-05,2582.6904362086,0.84325521504975
5.3741326378418e-05,2582.6927086437,0.84325785776377
5.3741328285767e-05,2582.6949811535,0.84326050057628
5.3741330193116e-05,2582.6972537383,0.84326314349155
5.3741332100464e-05,2582.6995263978,0.84326578651499
5.3741334007813e-05,2582.7017991323,0.8432684296483
5.3741335915162e-05,2582.7040719415,0.84327107288789
5.374133782251e-05,2582.7063448255,0.84327371624423
5.3741339729859e-05,2582.7086177841,0.84327635971363
5.3741341637207e-05,2582.7108908174,0.84327900330728
5.3741343544556e-05,2582.7131639254,0.84328164700972
5.3741345451905e-05,2582.7154371081,0.8432842908269
5.3741347359253e-05,2582.7177103657,0.84328693475361
5.3741349266602e-05,2582.7199836981,0.84328957879241
5.3741351173951e-05,2582.7222571054,0.84329222294093
5.3741353081299e-05,2582.7245305876,0.84329486719374
5.3741354988648e-05,2582.7268041444,0.84329751155128
5.3741356895997e-05,2582.729077776,0.84330015601701
5.3741358803345e-05,2582.7313514823,0.84330280058026
5.3741360710694e-05,2582.7336252632,0.84330544525257
5.3741362618042e-05,2582.7358991188,0.84330809004515
5.3741364525391e-05,2582.7381730492,0.84331073495137
5.374136643274e-05,2582.7404470541,0.84331337996528
5.3741368340088e-05,2582.7427211338,0.8433160250912
5.3741370247437e-05,2582.7449952881,0.84331867032932
5.3741372154786e-05,2582.747269517,0.84332131568256
5.3741374062134e-05,2582.7495438206,0.84332396115479
5.3741375969483e-05,2582.7518181989,0.84332660674502
5.3741377876832e-05,2582.7540926518,0.84332925245673
5.374137978418e-05,2582.7563671793,0.84333189828146
5.3741381691529e-05,2582.7586417814,0.84333454422888
5.3741383598877e-05,2582.7609164582,0.84333719029699
5.3741385506226e-05,2582.7631912098,0.8433398364806
5.3741387413575e-05,2582.765466036,0.84334248277899
5.3741389320923e-05,2582.767740937,0.84334512919384
5.3741391228272e-05,2582.7700159126,0.84334777571775
5.3741393135621e-05,2582.7722909629,0.84335042235486
5.3741395042969e-05,2582.7745660879,0.84335306910606
5.3741396950318e-05,2582.7768412876,0.84335571596801
5.3741398857667e-05,2582.779116562,0.8433583629374
5.3741400765015e-05,2582.781391911,0.84336101001351
5.3741402672364e-05,2582.7836673344,0.84336365719788
5.3741404579712e-05,2582.7859428322,0.84336630448709
5.3741406487061e-05,2582.7882184045,0.84336895187965
5.374140839441e-05,2582.7904940515,0.84337159937542
5.3741410301758e-05,2582.7927697731,0.84337424697756
5.3741412209107e-05,2582.7950455692,0.8433768946955
5.3741414116456e-05,2582.7973214397,0.84337954252288
5.3741416023804e-05,2582.7995973847,0.84338219046274
5.3741417931153e-05,2582.8018734043,0.84338483851256
5.3741419838502e-05,2582.8041494985,0.84338748666512
5.374142174585e-05,2582.8064256672,0.84339013493053
5.3741423653199e-05,2582.8087019104,0.84339278330064
5.3741425560547e-05,2582.8109782283,0.84339543177811
5.3741427467896e-05,2582.8132546208,0.84339808036315
5.3741429375245e-05,2582.8155310881,0.8434007290584
5.3741431282593e-05,2582.8178076299,0.84340337786307
5.3741433189942e-05,2582.8200842464,0.84340602677233
5.3741435097291e-05,2582.8223609373,0.84340867577522
5.3741437004639e-05,2582.8246377029,0.8434113248724
5.3741438911988e-05,2582.8269145432,0.84341397406898
5.3741440819337e-05,2582.8291914584,0.8434166233631
5.3741442726685e-05,2582.8314684483,0.84341927276952
5.3741444634034e-05,2582.8337455129,0.84342192229477
5.3741446541382e-05,2582.836022652,0.84342457194008
5.3741448448731e-05,2582.8382998656,0.84342722170874
5.374145035608e-05,2582.8405771538,0.84342987158815
5.3741452263428e-05,2582.8428545166,0.84343252157857
5.3741454170777e-05,2582.8451319539,0.84343517167732
5.3741456078126e-05,2582.8474094659,0.84343782187086
5.3741457985474e-05,2582.8496870524,0.8434404721592
5.3741459892823e-05,2582.8519647135,0.84344312255239
5.3741461800171e-05,2582.8542424492,0.84344577306282
5.374146370752e-05,2582.8565202593,0.84344842368234
5.3741465614869e-05,2582.858798144,0.84345107440294
5.3741467522217e-05,2582.8610761031,0.84345372523496
5.3741469429566e-05,2582.8633541366,0.84345637618641
5.3741471336915e-05,2582.8656322446,0.84345902725663
5.3741473244263e-05,2582.8679104271,0.84346167843348
5.3741475151612e-05,2582.8701886841,0.843464329733
5.3741477058961e-05,2582.8724670157,0.84346698113981
5.3741478966309e-05,2582.8747454219,0.84346963265665
5.3741480873658e-05,2582.8770239027,0.84347228427989
5.3741482781006e-05,2582.8793024583,0.84347493601363
5.3741484688355e-05,2582.8815810886,0.84347758786293
5.3741486595704e-05,2582.8838597937,0.84348023983115
5.3741488503052e-05,2582.8861385735,0.84348289191665
5.3741490410401e-05,2582.8884174279,0.84348554411797
5.374149231775e-05,2582.8906963568,0.84348819643923
5.3741494225098e-05,2582.8929753603,0.84349084886441
5.3741496132447e-05,2582.8952544384,0.84349350139702
5.3741498039796e-05,2582.897533591,0.84349615404585
5.3741499947144e-05,2582.8998128182,0.84349880680804
5.3741501854493e-05,2582.9020921197,0.84350145968832
5.3741503761841e-05,2582.9043714957,0.8435041126858
5.374150566919e-05,2582.9066509462,0.84350676579779
5.3741507576539e-05,2582.9089304713,0.84350941901404
5.3741509483887e-05,2582.911210071,0.84351207233323
5.3741511391236e-05,2582.9134897454,0.84351472577098
5.3741513298585e-05,2582.9157694943,0.84351737932461
5.3741515205933e-05,2582.9180493179,0.84352003298994
5.3741517113282e-05,2582.920329216,0.84352268675581
5.3741519020631e-05,2582.9226091886,0.84352534061237
5.3741520927979e-05,2582.9248892358,0.84352799456939
5.3741522835328e-05,2582.9271693575,0.84353064863016
5.3741524742676e-05,2582.9294495536,0.84353330280264
5.3741526650025e-05,2582.9317298243,0.84353595708896
5.3741528557374e-05,2582.9340101696,0.84353861149168
5.3741530464722e-05,2582.9362905895,0.84354126601091
5.3741532372071e-05,2582.9385710841,0.84354392063264
5.374153427942e-05,2582.9408516534,0.84354657535985
5.3741536186768e-05,2582.9431322971,0.84354923019992
5.3741538094117e-05,2582.9454130152,0.84355188514838
5.3741540001466e-05,2582.9476938078,0.84355454021355
5.3741541908814e-05,2582.949974675,0.84355719539197
5.3741543816163e-05,2582.9522556166,0.84355985069723
5.3741545723511e-05,2582.9545366328,0.84356250611357
5.374154763086e-05,2582.9568177234,0.84356516165068
5.3741549538209e-05,2582.9590988884,0.84356781730925
5.3741551445557e-05,2582.9613801277,0.84357047309224
5.3741553352906e-05,2582.9636614417,0.84357312899731
5.3741555260255e-05,2582.9659428303,0.84357578501668
5.3741557167603e-05,2582.9682242934,0.84357844115027
5.3741559074952e-05,2582.970505831,0.8435810973912
5.37415609823e-05,2582.9727874432,0.84358375373881
5.3741562889649e-05,2582.9750691299,0.84358641020191
5.3741564796998e-05,2582.977350891,0.84358906677951
5.3741566704346e-05,2582.9796327265,0.84359172346585
5.3741568611695e-05,2582.9819146364,0.84359438027429
5.3741570519044e-05,2582.9841966208,0.84359703721043
5.3741572426392e-05,2582.9864786795,0.84359969427187
5.3741574333741e-05,2582.9887608126,0.84360235145317
5.374157624109e-05,2582.9910430204,0.84360500874695
5.3741578148438e-05,2582.9933253026,0.84360766614161
5.3741580055787e-05,2582.9956076593,0.84361032365642
5.3741581963135e-05,2582.9978900905,0.84361298128598
5.3741583870484e-05,2583.0001725962,0.84361563902852
5.3741585777833e-05,2583.0024551764,0.84361829687213
5.3741587685181e-05,2583.0047378311,0.84362095481341
5.374158959253e-05,2583.0070205601,0.84362361286001
5.3741591499879e-05,2583.0093033635,0.84362627101345
5.3741593407227e-05,2583.0115862414,0.84362892926089
5.3741595314576e-05,2583.0138691937,0.843631587606
5.3741597221925e-05,2583.0161522204,0.84363424605565
5.3741599129273e-05,2583.0184353216,0.84363690460505
5.3741601036622e-05,2583.0207184972,0.84363956325313
5.374160294397e-05,2583.0230017472,0.84364222200363
5.3741604851319e-05,2583.0252850715,0.843644880875
5.3741606758668e-05,2583.0275684702,0.84364753986355
5.3741608666016e-05,2583.0298519432,0.8436501989593
5.3741610573365e-05,2583.0321354907,0.84365285816375
5.3741612480714e-05,2583.0344191125,0.84365551748447
5.3741614388062e-05,2583.0367028088,0.84365817691583
5.3741616295411e-05,2583.0389865797,0.8436608364539
5.374161820276e-05,2583.0412704249,0.84366349609816
5.3741620110108e-05,2583.0435543445,0.84366615584936
5.3741622017457e-05,2583.0458383384,0.84366881570516
5.3741623924805e-05,2583.0481224068,0.84367147566559
5.3741625832154e-05,2583.0504065496,0.84367413573819
5.3741627739503e-05,2583.0526907668,0.84367679592096
5.3741629646851e-05,2583.0549750585,0.84367945620954
5.37416315542e-05,2583.0572594245,0.84368211661261
5.3741633461549e-05,2583.0595438651,0.84368477713452
5.3741635368897e-05,2583.06182838,0.84368743777226
5.3741637276246e-05,2583.0641129695,0.8436900985201
5.3741639183595e-05,2583.0663976333,0.84369275936537
5.3741641090943e-05,2583.0686823716,0.84369542031313
5.3741642998292e-05,2583.0709671842,0.84369808136708
5.374164490564e-05,2583.0732520712,0.84370074252532
5.3741646812989e-05,2583.0755370326,0.84370340378227
5.3741648720338e-05,2583.0778220684,0.84370606514737
5.3741650627686e-05,2583.0801071787,0.84370872662404
5.3741652535035e-05,2583.0823923635,0.84371138820903
5.3741654442384e-05,2583.0846776228,0.8437140499092
5.3741656349732e-05,2583.0869629563,0.84371671172728
5.3741658257081e-05,2583.0892483643,0.84371937365707
5.374166016443e-05,2583.0915338467,0.84372203570501
5.3741662071778e-05,2583.0938194034,0.84372469785287
5.3741663979127e-05,2583.0961050346,0.84372736010961
5.3741665886475e-05,2583.0983907402,0.84373002247962
5.3741667793824e-05,2583.1006765201,0.84373268497301
5.3741669701173e-05,2583.1029623744,0.84373534758123
5.3741671608521e-05,2583.1052483031,0.84373801028751
5.374167351587e-05,2583.1075343062,0.84374067310992
5.3741675423219e-05,2583.1098203837,0.84374333605655
5.3741677330567e-05,2583.1121065356,0.84374599911713
5.3741679237916e-05,2583.114392762,0.84374866228965
5.3741681145264e-05,2583.1166790627,0.84375132556822
5.3741683052613e-05,2583.1189654379,0.84375398895768
5.3741684959962e-05,2583.1212518873,0.84375665246438
5.374168686731e-05,2583.1235384112,0.84375931608508
5.3741688774659e-05,2583.1258250096,0.84376197981704
5.3741690682008e-05,2583.1281116826,0.84376464365076
5.3741692589356e-05,2583.1303984299,0.84376730759235
5.3741694496705e-05,2583.1326852517,0.84376997164781
5.3741696404054e-05,2583.1349721479,0.8437726358087
5.3741698311402e-05,2583.1372591185,0.84377530007801
5.3741700218751e-05,2583.1395461636,0.84377796445321
5.3741702126099e-05,2583.1418332832,0.84378062893677
5.3741704033448e-05,2583.1441204773,0.84378329353472
5.3741705940797e-05,2583.1464077457,0.84378595825424
5.3741707848145e-05,2583.1486950885,0.84378862308809
5.3741709755494e-05,2583.1509825057,0.84379128801535
5.3741711662843e-05,2583.1532699973,0.84379395304917
5.3741713570191e-05,2583.1555575633,0.84379661818979
5.374171547754e-05,2583.1578452037,0.84379928344208
5.3741717384889e-05,2583.1601329183,0.84380194880941
5.3741719292237e-05,2583.1624207073,0.84380461429226
5.3741721199586e-05,2583.1647085707,0.84380727988388
5.3741723106934e-05,2583.1669965086,0.8438099455826
5.3741725014283e-05,2583.169284521,0.84381261138998
5.3741726921632e-05,2583.1715726078,0.84381527729671
5.374172882898e-05,2583.1738607689,0.84381794330272
5.3741730736329e-05,2583.1761490045,0.84382060940958
5.3741732643678e-05,2583.1784373146,0.84382327562706
5.3741734551026e-05,2583.1807256991,0.8438259419549
5.3741736458375e-05,2583.1830141579,0.84382860838404
5.3741738365724e-05,2583.185302691,0.843831274918
5.3741740273072e-05,2583.1875912983,0.84383394154978
5.3741742180421e-05,2583.1898799798,0.84383660828564
5.3741744087769e-05,2583.1921687356,0.84383927512456
5.3741745995118e-05,2583.1944575658,0.84384194207183
5.3741747902467e-05,2583.1967464703,0.84384460913778
5.3741749809815e-05,2583.1990354491,0.84384727631807
5.3741751717164e-05,2583.2013245023,0.84384994361503
5.3741753624513e-05,2583.2036136297,0.84385261101962
5.3741755531861e-05,2583.2059028314,0.84385527853867
5.374175743921e-05,2583.2081921074,0.84385794617396
5.3741759346559e-05,2583.2104814578,0.84386061392913
5.3741761253907e-05,2583.2127708826,0.8438632817966
5.3741763161256e-05,2583.2150603817,0.84386594977886
5.3741765068604e-05,2583.2173499551,0.84386861787758
5.3741766975953e-05,2583.2196396028,0.84387128609314
5.3741768883302e-05,2583.2219293247,0.84387395441889
5.374177079065e-05,2583.2242191208,0.84387662285307
5.3741772697999e-05,2583.2265089912,0.84387929140008
5.3741774605348e-05,2583.2287989359,0.84388196006357
5.3741776512696e-05,2583.2310889548,0.84388462883755
5.3741778420045e-05,2583.2333790481,0.84388729771463
5.3741780327393e-05,2583.2356692155,0.84388996669545
5.3741782234742e-05,2583.2379594573,0.84389263578284
5.3741784142091e-05,2583.2402497734,0.84389530497675
5.3741786049439e-05,2583.2425401638,0.84389797428265
5.3741787956788e-05,2583.2448306286,0.84390064370565
5.3741789864137e-05,2583.2471211677,0.84390331324566
5.3741791771485e-05,2583.2494117811,0.84390598290287
5.3741793678834e-05,2583.2517024687,0.84390865266949
5.3741795586183e-05,2583.2539932306,0.84391132254455
5.3741797493531e-05,2583.2562840669,0.84391399253598
5.374179940088e-05,2583.2585749774,0.84391666263446
5.3741801308228e-05,2583.2608659624,0.84391933285275
5.3741803215577e-05,2583.2631570217,0.84392200318253
5.3741805122926e-05,2583.2654481553,0.84392467362299
5.3741807030274e-05,2583.2677393633,0.84392734417164
5.3741808937623e-05,2583.2700306457,0.84393001482939
5.3741810844972e-05,2583.2723220024,0.84393268559604
5.374181275232e-05,2583.2746134334,0.84393535647838
5.3741814659669e-05,2583.2769049389,0.84393802747731
5.3741816567018e-05,2583.2791965186,0.84394069859255
5.3741818474366e-05,2583.2814881727,0.84394336980823
5.3741820381715e-05,2583.2837799013,0.84394604112547
5.3741822289063e-05,2583.2860717042,0.84394871254225
5.3741824196412e-05,2583.2883635813,0.84395138405906
5.3741826103761e-05,2583.2906555326,0.84395405567469
5.3741828011109e-05,2583.2929475581,0.84395672738783
5.3741829918458e-05,2583.2952396579,0.84395939920111
5.3741831825807e-05,2583.2975318321,0.8439620711216
5.3741833733155e-05,2583.2998240805,0.84396474315212
5.3741835640504e-05,2583.3021164034,0.84396741529178
5.3741837547853e-05,2583.3044088006,0.84397008753587
5.3741839455201e-05,2583.3067012721,0.84397275988732
5.374184136255e-05,2583.3089938179,0.84397543235217
5.3741843269898e-05,2583.311286438,0.84397810491822
5.3741845177247e-05,2583.3135791323,0.84398077758593
5.3741847084596e-05,2583.3158719008,0.84398345035845
5.3741848991944e-05,2583.3181647436,0.84398612323125
5.3741850899293e-05,2583.3204576608,0.84398879619941
5.3741852806642e-05,2583.3227506523,0.84399146927078
5.374185471399e-05,2583.325043718,0.8439941424493
5.3741856621339e-05,2583.327336858,0.84399681573321
5.3741858528688e-05,2583.3296300722,0.84399948912504
5.3741860436036e-05,2583.3319233607,0.84400216262105
5.3741862343385e-05,2583.3342167236,0.84400483622278
5.3741864250733e-05,2583.3365101608,0.84400750993036
5.3741866158082e-05,2583.3388036723,0.84401018374625
5.3741868065431e-05,2583.3410972579,0.84401285766715
5.3741869972779e-05,2583.3433909177,0.84401553170605
5.3741871880128e-05,2583.3456846518,0.84401820586449
5.3741873787477e-05,2583.3479784601,0.84402088013371
5.3741875694825e-05,2583.3502723428,0.84402355451642
5.3741877602174e-05,2583.3525662997,0.84402622899929
5.3741879509523e-05,2583.3548603308,0.8440289035901
5.3741881416871e-05,2583.3571544363,0.84403157830026
5.374188332422e-05,2583.3594486162,0.84403425313249
5.3741885231568e-05,2583.3617428704,0.84403692809542
5.3741887138917e-05,2583.3640371989,0.84403960318823
5.3741889046266e-05,2583.3663316016,0.84404227840831
5.3741890953614e-05,2583.3686260785,0.84404495373744
5.3741892860963e-05,2583.3709206297,0.84404762917793
5.3741894768312e-05,2583.3732152552,0.84405030473778
5.374189667566e-05,2583.3755099549,0.84405298040781
5.3741898583009e-05,2583.377804729,0.84405565618749
5.3741900490357e-05,2583.3800995772,0.84405833205965
5.3741902397706e-05,2583.3823944996,0.84406100803097
5.3741904305055e-05,2583.384689496,0.8440636841058
5.3741906212403e-05,2583.3869845667,0.84406636028718
5.3741908119752e-05,2583.3892797113,0.84406903657644
5.3741910027101e-05,2583.39157493,0.84407171298011
5.3741911934449e-05,2583.3938702229,0.84407438948865
5.3741913841798e-05,2583.3961655901,0.84407706609256
5.3741915749147e-05,2583.3984610316,0.84407974279352
5.3741917656495e-05,2583.4007565474,0.8440824195964
5.3741919563844e-05,2583.4030521373,0.84408509650444
5.3741921471192e-05,2583.4053478014,0.84408777352985
5.3741923378541e-05,2583.4076435397,0.84409045067493
5.374192528589e-05,2583.4099393521,0.84409312793401
5.3741927193238e-05,2583.4122352387,0.84409580529813
5.3741929100587e-05,2583.4145311995,0.84409848277261
5.3741931007936e-05,2583.4168272345,0.8441011603668
5.3741932915284e-05,2583.4191233438,0.84410383807656
5.3741934822633e-05,2583.4214195273,0.84410651588952
5.3741936729982e-05,2583.4237157851,0.84410919380036
5.374193863733e-05,2583.4260121172,0.84411187180773
5.3741940544679e-05,2583.4283085235,0.84411454992731
5.3741942452027e-05,2583.4306050041,0.84411722815612
5.3741944359376e-05,2583.4329015589,0.84411990649312
5.3741946266725e-05,2583.4351981879,0.84412258493948
5.3741948174073e-05,2583.4374948909,0.84412526348597
5.3741950081422e-05,2583.4397916682,0.84412794213023
5.3741951988771e-05,2583.4420885197,0.84413062086537
5.3741953896119e-05,2583.4443854454,0.84413329970121
5.3741955803468e-05,2583.4466824452,0.84413597864139
5.3741957710817e-05,2583.4489795193,0.84413865768092
5.3741959618165e-05,2583.4512766674,0.8441413368204
5.3741961525514e-05,2583.4535738896,0.8441440160698
5.3741963432862e-05,2583.455871186,0.84414669542267
5.3741965340211e-05,2583.4581685565,0.84414937488097
5.374196724756e-05,2583.4604660013,0.84415205443844
5.3741969154908e-05,2583.4627635201,0.84415473409837
5.3741971062257e-05,2583.4650611132,0.84415741385969
5.3741972969606e-05,2583.4673587804,0.84416009372594
5.3741974876954e-05,2583.4696565216,0.84416277370655
5.3741976784303e-05,2583.471954337,0.84416545379038
5.3741978691652e-05,2583.4742522264,0.84416813397261
5.3741980599e-05,2583.4765501901,0.84417081425357
5.3741982506349e-05,2583.4788482278,0.84417349464068
5.3741984413697e-05,2583.4811463396,0.84417617514412
5.3741986321046e-05,2583.4834445256,0.84417885575429
5.3741988228395e-05,2583.4857427857,0.84418153647378
5.3741990135743e-05,2583.4880411199,0.84418421730192
5.3741992043092e-05,2583.4903395284,0.84418689825289
5.3741993950441e-05,2583.492638011,0.84418957932413
5.3741995857789e-05,2583.4949365676,0.84419226050678
5.3741997765138e-05,2583.4972351984,0.84419494178848
5.3741999672486e-05,2583.4995339032,0.8441976231763
5.3742001579835e-05,2583.5018326822,0.84420030467503
5.3742003487184e-05,2583.5041315353,0.84420298627598
5.3742005394532e-05,2583.5064304626,0.84420566798416
5.3742007301881e-05,2583.508729464,0.84420834979894
5.374200920923e-05,2583.5110285395,0.84421103172538
5.3742011116578e-05,2583.5133276891,0.84421371376258
5.3742013023927e-05,2583.5156269129,0.84421639590616
5.3742014931276e-05,2583.5179262108,0.84421907815772
5.3742016838624e-05,2583.5202255829,0.84422176051922
5.3742018745973e-05,2583.5225250291,0.84422444298484
5.3742020653321e-05,2583.5248245494,0.84422712554953
5.374202256067e-05,2583.5271241439,0.8442298082235
5.3742024468019e-05,2583.5294238125,0.84423249100869
5.3742026375367e-05,2583.5317235552,0.84423517390464
5.3742028282716e-05,2583.5340233721,0.84423785691137
5.3742030190065e-05,2583.5363232634,0.8442405400398
5.3742032097413e-05,2583.5386232289,0.84424322327986
5.3742034004762e-05,2583.5409232685,0.84424590664129
5.3742035912111e-05,2583.5432233823,0.84424859011966
5.3742037819459e-05,2583.5455235703,0.8442512737218
5.3742039726808e-05,2583.5478238326,0.84425395744347
5.3742041634156e-05,2583.5501241692,0.84425664128108
5.3742043541505e-05,2583.55242458,0.84425932523753
5.3742045448854e-05,2583.5547250649,0.84426200930119
5.3742047356202e-05,2583.5570256241,0.8442646934752
5.3742049263551e-05,2583.5593262574,0.84426737776496
5.37420511709e-05,2583.5616269647,0.84427006217312
5.3742053078248e-05,2583.5639277461,0.84427274669731
5.3742054985597e-05,2583.5662286016,0.84427543133573
5.3742056892946e-05,2583.5685295314,0.84427811607599
5.3742058800294e-05,2583.5708305353,0.84428080092466
5.3742060707643e-05,2583.5731316133,0.84428348588182
5.3742062614991e-05,2583.5754327655,0.84428617093749
5.374206452234e-05,2583.5777339919,0.84428885608649
5.3742066429689e-05,2583.5800352923,0.84429154133758
5.3742068337037e-05,2583.5823366669,0.84429422669118
5.3742070244386e-05,2583.5846381154,0.84429691215783
5.3742072151735e-05,2583.586939638,0.84429959772768
5.3742074059083e-05,2583.5892412347,0.84430228340294
5.3742075966432e-05,2583.5915429053,0.84430496918219
5.3742077873781e-05,2583.5938446498,0.84430765507238
5.3742079781129e-05,2583.5961464683,0.84431034106852
5.3742081688478e-05,2583.5984483608,0.84431302717027
5.3742083595826e-05,2583.6007503273,0.84431571337747
5.3742085503175e-05,2583.6030523678,0.84431839969272
5.3742087410524e-05,2583.6053544824,0.84432108611886
5.3742089317872e-05,2583.6076566712,0.8443237726492
5.3742091225221e-05,2583.6099589341,0.84432645928224
5.374209313257e-05,2583.612261271,0.84432914601662
5.3742095039918e-05,2583.6145636821,0.84433183286193
5.3742096947267e-05,2583.6168661673,0.84433451981303
5.3742098854616e-05,2583.6191687266,0.84433720686406
5.3742100761964e-05,2583.6214713599,0.84433989402198
5.3742102669313e-05,2583.6237740672,0.84434258128505
5.3742104576661e-05,2583.6260768486,0.84434526865983
5.374210648401e-05,2583.6283797042,0.84434795613739
5.3742108391359e-05,2583.6306826339,0.84435064372248
5.3742110298707e-05,2583.6329856375,0.84435333141802
5.3742112206056e-05,2583.6352887153,0.84435601922254
5.3742114113405e-05,2583.6375918671,0.84435870713159
5.3742116020753e-05,2583.6398950929,0.84436139515319
5.3742117928102e-05,2583.6421983926,0.84436408328322
5.374211983545e-05,2583.6445017663,0.8443667715203
5.3742121742799e-05,2583.646805214,0.84436945985399
5.3742123650148e-05,2583.6491087357,0.84437214828797
5.3742125557496e-05,2583.6514123314,0.84437483683317
5.3742127464845e-05,2583.6537160013,0.84437752547784
5.3742129372194e-05,2583.6560197454,0.84438021421649
5.3742131279542e-05,2583.6583235634,0.84438290306326
5.3742133186891e-05,2583.6606274553,0.84438559202072
5.374213509424e-05,2583.662931421,0.84438828109593
5.3742137001588e-05,2583.6652354609,0.84439097029128
5.3742138908937e-05,2583.6675395747,0.84439365959003
5.3742140816285e-05,2583.6698437623,0.84439634899956
5.3742142723634e-05,2583.6721480237,0.84439903851862
5.3742144630983e-05,2583.674452359,0.84440172815411
5.3742146538331e-05,2583.6767567683,0.84440441790057
5.374214844568e-05,2583.6790612517,0.84440710775727
5.3742150353029e-05,2583.6813658092,0.84440979772327
5.3742152260377e-05,2583.6836704407,0.84441248778917
5.3742154167726e-05,2583.6859751464,0.84441517796771
5.3742156075075e-05,2583.688279926,0.84441786825392
5.3742157982423e-05,2583.6905847797,0.84442055864073
5.3742159889772e-05,2583.6928897073,0.84442324912655
5.374216179712e-05,2583.6951947089,0.84442593972123
5.3742163704469e-05,2583.6974997845,0.8444286304304
5.3742165611818e-05,2583.699804934,0.84443132125286
