time,DJ,DJ_box,DJint,DJint_2,DJint_box,DJint_box_2,Jint,Jint_box,bot_react,external_work,fracture_energy,kinetic_energy,strain_energy,top_react
0,0,0,0,0,0,0,0,0,0,0,0,0,0,0
0.5,-0.00031199759938208,2.5467288464165e-09,-0.00031199759938208,-1.3983304412776e-18,2.5467288464165e-09,-2.9961150825451e-25,0.0012844202809379,4.3147836710221e-09,-235.96590895617,0.11481554111548,0.031024340649202,0.019041437470688,0.040289436684887,235.96590895617
1,0.0018598328484355,3.5178779291326e-07,-0.0034190621841449,0.0052788950325804,3.4391090143321e-07,7.8768914800495e-09,-0.0019053270944491,6.0626472832715e-07,8.2506839167984,0.11480133749186,0.031028660681503,0.020113840403278,0.024513506227348,-8.2506839167984
1.5,-0.0021585607477987,9.7736954961818e-06,-0.0025762167576947,0.00041765600989597,9.1041288537351e-06,6.6956664244668e-07,-0.0014339117399174,1.6944580073469e-05,8.6748988091146,0.1147883222968,0.0310299392374,0.016782645853629,0.018988405114732,-8.6748988091146
2,0.0012981627584,9.5796205483111e-05,-0.0017339194528367,0.0030320822112367,8.0195896277603e-05,1.5600309205508e-05,-0.0007457270521665,0.00016204494797387,-5.862693922958,0.11481042624541,0.03103171108234,0.014540966079308,0.016092512249658,5.862693922958
2.5,-0.00071761940219023,0.00040985255974506,-0.0014614085755561,0.00074378917336586,0.00026839537435296,0.00014145718539211,-0.00037446645497474,0.00063407570262866,0.96970024897539,0.11481750859382,0.031064709959171,0.012652420609316,0.014658558223595,-0.96970024897539
3,0.0013338349593626,0.00080857796199439,-0.0012743528933216,0.0026081878526842,0.00023854408738463,0.00057003387460977,-2.4573243049452e-05,0.0010033238680443,-1.5025575022438,0.11482854631966,0.031274011997379,0.01050778236872,0.014264698161206,1.5025575022438
3.5,0.00064877697608179,0.00098667785025318,-0.0012896733360455,0.0019384503121273,-0.00041609043168005,0.0014027682819332,-0.00023031236158195,0.00036910612603088,-2.867185456036,0.11483423190767,0.031606754254007,0.0090517786243778,0.01300127419688,2.867185456036
4,0.0015793068948591,0.0012057901776925,-0.0011501555379479,0.002729462432807,-0.00091504577129571,0.0021208359489882,-0.00047398067843827,-0.00052156690422177,-6.5999894314168,0.11482761503019,0.031728518118332,0.0087672046345323,0.011515235379924,6.5999894314168
4.5,0.0010175058688184,0.0012429501192383,-0.00099646227696886,0.0020139681457872,-0.0003986244923116,0.0016415746115499,-0.00054160082235031,-0.00032295789109448,-14.505863954086,0.11480228509161,0.03177674316067,0.0072942586505674,0.012072193467896,14.505863954086
5,0.00086122406254271,0.00095457281626732,-0.0010794810238162,0.0019407050863589,0.000344066560882,0.00061050625538532,-0.00069920239142246,0.00040574024074508,-25.435307584708,0.11475413899157,0.031776798510578,0.0050814552320913,0.013509748554996,25.435307584708
5.5,0.00053356361964753,0.00065795018510046,-0.001150408963842,0.0016839725834895,0.00053516916616835,0.00012278101893211,-0.00094191891496609,0.00060360731891421,-36.586311086227,0.11468998357986,0.031778363448503,0.0027961648719937,0.014857799980365,36.586311086227
6,0.00066930414984529,0.00054575017974681,-0.0010379502773918,0.0017072544272371,0.00039304519399135,0.00015270498575546,-0.00096744067757042,0.00044502174614383,-42.255495296663,0.11462556083215,0.0317811746759,0.0019324806862895,0.014094840512677,42.255495296663
6.5,0.00069112024899645,0.00054691292313751,-0.00081553177121678,0.0015066520202132,0.00025008237588443,0.00029683054725308,-0.00071782303010448,0.00031705700587521,-38.628323275497,0.11457869845882,0.031781324055446,0.003607876970831,0.011004013891789,38.628323275497
7,0.00069773166888772,0.0005110402845092,-0.00057512645271223,0.0012728581216,7.7084661924018e-05,0.00043395562258518,-0.00036867206381441,0.00017304297841277,-27.776990669166,0.11456089736942,0.031781506191244,0.0060882595875603,0.0081965502874388,27.776990669166
7.5,0.00058967790516716,0.00041436627545799,-0.00033111025557594,0.0009207881607431,-0.00018068372015532,0.00059504999561331,-6.539472955756e-05,-7.9025092209665e-05,-17.028069589427,0.11457413279439,0.031782198478573,0.006919278133348,0.0076381590595707,17.028069589427
8,0.00054782244216915,0.00037355522297737,-6.3984967924879e-05,0.00061180741009403,-0.00031911645395653,0.0006926716769339,0.00025287218174701,-0.00018171509224347,-13.050112713061,0.1146134469809,0.031782232696698,0.0059140950334049,0.0086522024188866,13.050112713061
8.5,0.00047389437377667,0.00034267790810122,0.00014941733700382,0.00032447703677284,-0.00020085563367531,0.00054353354177654,0.00054798542794201,7.6275404403965e-06,-16.807988871397,0.11467198136388,0.031782469476575,0.0043659543357026,0.0098458676424928,16.807988871397
9,0.00037974160550993,0.00027311446917055,0.00030170563433073,7.8035971179193e-05,6.4267491152481e-05,0.00020884697801807,0.00073022791751607,0.00029580486471595,-24.895238847807,0.1147456083072,0.031784515914914,0.0031411550329272,0.010579946247774,24.895238847807
9.5,0.00026351043688498,0.0001753019937902,0.00043941560689685,-0.00017590517001187,0.00026699559748176,-9.1693603691561e-05,0.00078178795922871,0.00043985274432395,-34.171487024618,0.11483419976575,0.031788343330667,0.0023918362211879,0.010954179508328,34.171487024618
10,0.00018830831443107,0.00011910238089098,0.00059424669134264,-0.00040593837691158,0.00034947460929514,-0.00023037222840417,0.0007780060464756,0.0004287217856588,-43.606186838696,0.11493920222976,0.031792474890889,0.0018094967215563,0.011311809108026,43.606186838696
10.5,0.00014810538875498,9.0982598840939e-05,0.00070763993694728,-0.0005595345481923,0.00029061767303409,-0.00019963507419315,0.00077288700486995,0.00031722113357418,-52.454974140938,0.11506009113706,0.031793609313813,0.0013128091197822,0.011558411884404,52.454974140938
11,0.00011124029280647,5.145562925423e-05,0.00069154586568665,-0.00058030557288017,0.00010489213604933,-5.3436506795103e-05,0.00074487789894791,0.00014303294741135,-58.521637766697,0.11519119358292,0.031793628874087,0.0012380482431224,0.011259067459198,58.521637766697
11.5,-3.1003575263681e-05,-8.4653776337754e-05,0.00041285888880425,-0.00044386246406793,-0.00019971583114271,0.00011506205480496,0.00054560558051347,-0.00012126297049497,-58.950803643931,0.11531994537022,0.031793633848446,0.0019242631131077,0.010170370440837,58.950803643931
12,-0.00017610777823216,-0.00020415703835243,-2.8582664905839e-05,-0.00014752511332632,-0.00045385505402923,0.0002496980156768,0.00022769796538767,-0.00033436973248192,-52.449363279614,0.11542948907551,0.031793635688474,0.0032215005737476,0.0086339517473308,52.449363279614
12.5,-0.00031149309805276,-0.00030646034217357,-0.00058936088781424,0.00027786778976148,-0.000666137837443,0.00035967749526944,-0.00019229070923455,-0.00048948865604567,-40.55775367331,0.11550559591393,0.031793635688474,0.0044486829940621,0.0074265464714334,40.55775367331
13,-0.0004360238284618,-0.00040224147034918,-0.001192750209389,0.00075672638092718,-0.00086545260889592,0.00046321113854675,-0.00067689457202503,-0.00061846234838515,-26.96203225318,0.11554245516885,0.031793635688474,0.004910022150051,0.0071413764856755,26.96203225318
13.5,-0.00037331028885574,-0.00032046917664481,-0.0015294733108162,0.0011561630219605,-0.00083784222871779,0.00051737305207298,-0.00098563755249733,-0.00055906681524073,-15.669889511033,0.11554334117368,0.031793635691105,0.0043919907567691,0.0077774751220699,15.669889511033
14,0.00019471218140501,0.00024944097148687,-0.0012367679924824,0.0014314801738875,-0.00029967086279096,0.00054911183427784,-0.0007713195394857,-4.7085063823804e-05,-9.3563276460419,0.115517728135,0.031793635691105,0.0032436590906134,0.0088201873380522,9.3563276460418
14.5,0.0008044652689798,0.00084843829394942,-0.00081904215224203,0.0016235074212218,0.00021429928819544,0.00063413900575398,-0.00045466896502043,0.00044605721766064,-8.6106346855736,0.1154777328105,0.031793639479862,0.0020839318109821,0.0096716397770365,8.6106346855735
15,0.00078391855676468,0.00080933903837462,-0.00068077150637404,0.0014646900631387,0.0003162721992036,0.00049306683917102,-0.00055775210072525,0.00038766908011849,-12.259981660645,0.1154353872217,0.031793844316259,0.0012995650389144,0.01007825353614,12.259981660645
15.5,0.00080685557951108,0.00080082569523473,-0.0005828012425481,0.0013896568220592,0.00026921822404982,0.0005316074711849,-0.00052117718243842,0.00033095718957708,-18.35093661199,0.11540130293146,0.031795384909774,0.00097216613880766,0.010083573340102,18.35093661199
16,0.00043566129076194,0.00039545328592138,-0.00082344606784223,0.0012591073586042,-0.00017674687705029,0.00057220016297168,-0.00071441418218786,-6.7233278047659e-05,-25.021772862155,0.11538431950708,0.031796106185387,0.00098448578981297,0.0098068387141,25.021772862155
16.5,-0.00058836481254741,-0.00064676452545223,-0.0015884924206631,0.0010001276081157,-0.0011491658467441,0.00050240132129189,-0.0014307858754761,-0.0010348183005609,-30.852283973598,0.11539103829033,0.031796290282079,0.0012586076442889,0.009311564635836,30.852283973598
17,-0.0015749268067992,-0.0016323129936848,-0.0022738638467614,0.00069893703996215,-0.0020143510332905,0.00038203803960568,-0.0020675368441854,-0.0019078845529185,-34.913217734373,0.11542509121887,0.031796299200103,0.0017198713042325,0.00870412389695,34.913217734373
17.5,-0.0017258274458916,-0.0017734346596891,-0.0021423955296055,0.00041656808371387,-0.0020383790570093,0.00026494439732019,-0.0018931410686456,-0.0019277196235422,-36.837806517108,0.1154870325114,0.031796302773205,0.002191296282525,0.0082037677579653,36.837806517108
18,-0.0010291325834318,-0.0010696729240995,-0.0011779533426386,0.00014882075920683,-0.0012176325260375,0.00014795960193809,-0.0009068240204764,-0.0010923645214776,-36.916240552707,0.11557522349942,0.031796302773205,0.0024275868703437,0.0080541221288072,36.916240552707
18.5,-0.00010871319607237,-0.00014902731336255,-2.0841954411548e-05,-8.787124166082e-05,-0.00018823552723701,3.9208213874459e-05,0.00023599912694871,-5.7213650366583e-05,-36.02697102405,0.11568701909184,0.031796302773205,0.0022619300617729,0.0083634296470768,36.02697102405
19,0.00027846055475662,0.00023209971982846,0.0005673332039549,-0.00028887264919828,0.00029243724354181,-6.0337523713355e-05,0.00077222725896016,0.00040624451508207,-35.298899641054,0.11581932829228,0.031796302773205,0.0017312566186733,0.0090094492044268,35.298899641054
19.5,0.00027012621199495,0.00021549541705334,0.00075822607758971,-0.00048809986559477,0.00039263824433246,-0.00017714282727912,0.00086454903850755,0.00044580256936303,-35.613364158908,0.1159682912867,0.031796302773205,0.0010732495187957,0.0096970693756169,35.613364158908
20,0.00029010000943811,0.00023039593764116,0.00086813935127737,-0.00057803934183925,0.00043422922203923,-0.00020383328439807,0.00090552998212534,0.00044983926603548,-37.22259823712,0.11612867492209,0.031796302773205,0.00059129774686013,0.010127706365206,37.22259823712
20.5,0.00030141726066191,0.00024043989224133,0.00092202165276117,-0.00062060439209927,0.00045408047775519,-0.00021364058551386,0.00093193612568508,0.00045585743970969,-39.693918828768,0.11629372568485,0.031796302773205,0.00049027750574554,0.010149340519082,39.693918828768
21,0.00032926594284265,0.00026935008041458,0.00091916394590544,-0.00058989800306279,0.00046278109721435,-0.00019343101679978,0.0009483552687353,0.0004694235405621,-42.143635641545,0.11645551749914,0.031796302773205,0.00079183801206126,0.0097968944601024,42.143635641545
21.5,0.00037130524322153,0.00031668382768945,0.00084917235943476,-0.00047786711621323,0.00046195778777536,-0.00014527396008591,0.00094194597102686,0.00048817302364364,-43.592931537255,0.11660549044796,0.031796302773205,0.0013645900875908,0.0092312366895709,43.592931537255
22,0.00042365924380822,0.00038122343501974,0.00070491316107545,-0.00028125391726723,0.00045211509614434,-7.0891661124602e-05,0.00088945607207783,0.00050866343100766,-43.318483946939,0.11673534311896,0.031796302773205,0.0020108393724571,0.0086498342416275,43.318483946939
22.5,0.00048493675590575,0.00046031517045758,0.00049674933089678,-1.1812574991036e-05,0.00043579583971164,2.4519330745945e-05,0.00077352669336295,0.00052701898562814,-41.094363126098,0.11683843315522,0.031796302773205,0.0025361180963797,0.0082294077998914,41.094363126098
23,0.00055574356612772,0.00054991654984555,0.00025108850373345,0.00030465506239426,0.0004148839429585,0.00013503260688705,0.00059300121528418,0.00053723860418645,-37.231260006319,0.11691103694858,0.031796302773205,0.0027883480820684,0.0080975324733399,37.231260006319
23.5,0.00063526221929623,0.00064399113769437,2.1344558476963e-06,0.00063312776344854,0.00039370376827045,0.00025028736942392,0.00036331243785445,0.00053389526006937,-32.433024119594,0.11695272706778,0.031796302773205,0.0026995374391768,0.0082861513032662,32.433024119594
24,0.00072175750364879,0.00073670279899634,-0.00022190170673408,0.00094365921038287,0.00037519515890755,0.00036150764008879,0.00011125094508923,0.00051447639629899,-27.591918050901,0.11696603080842,0.031796302773205,0.0022956333173411,0.0087372929913088,27.591918050901
24.5,0.00080364632053561,0.0008150647100447,-0.00040128468132735,0.001204931001863,0.00036017601436925,0.00045488869567545,-0.00012855574424908,0.00048223062270599,-23.599790789727,0.11695599329006,0.031796302773205,0.0016994036139573,0.0093003242614356,23.599790789727
25,0.00086976507388496,0.00086992669035343,-0.00050905721991294,0.0013788222937979,0.0003608034695188,0.00050912322083463,-0.00031654414747655,0.00044926075575031,-21.170162497481,0.11692980485971,0.031800519702071,0.0010956383460428,0.0097826515171668,21.170162497481
25.5,0.00091351863492942,0.00089606658256306,-0.00052950252037316,0.0014430211553026,0.000377956093597,0.00051811048896605,-0.00041470412793099,0.00043019421153192,-20.681209862457,0.11689625197273,0.031806280014064,0.00065784956906124,0.01003967595324,20.681209862457
26,0.00092879838933733,0.00088688943214183,-0.00046084298711098,0.0013896413764483,0.00040127187280874,0.00048561755933309,-0.00039775522547338,0.00043123631188141,-22.097210435954,0.1168648976337,0.031808164231371,0.00047814535393574,0.010032639277394,22.097210435954
26.5,0.00090975859056772,0.0008399400819239,-0.00031041618657958,0.0012201747771473,0.00042445322671405,0.00041548685520985,-0.00026373698143485,0.00044929381800306,-25.008556173164,0.11684513940439,0.031808177436386,0.00054157912176831,0.009814591078189,25.008556173164
27,0.0008622770413274,0.00076898066698778,-9.7929603873539e-05,0.00096020664520094,0.00044481530772321,0.00032416535926457,-3.6668580645543e-05,0.00047699308256517,-28.769783620945,0.11684527554994,0.031808187312465,0.00074863271602457,0.0095182057525549,28.769783620945
27.5,0.00079293097087011,0.00068660878400362,0.00015466703746515,0.00063826393340496,0.00046407528649606,0.00022253349750756,0.00024530663109009,0.00050801937310084,-32.675554053713,0.11687159202683,0.03180819354176,0.00096842114876693,0.0092798624918699,32.675554053713
28,0.00071398050101913,0.00060616825349321,0.00042508356191694,0.00028889693910219,0.00048567731427217,0.00012049093922104,0.00053798171194515,0.00053680096953538,-36.118128363284,0.11692753043417,0.031808197315805,0.0010921952568291,0.0091972699467707,36.118128363283
28.5,0.0006391356942801,0.00053759372444121,0.00069009967947794,-5.0963985197835e-05,0.00051427543287045,2.3318291570755e-05,0.00080343346531075,0.00056327140720104,-38.698416382356,0.11701321222361,0.031808199757117,0.0010668585735927,0.0093018713841076,38.698416382356
29,0.00058095497556453,0.0004871748993164,0.00092591309348624,-0.00034495811792171,0.00055128332912046,-6.4108429804059e-05,0.0010173024095504,0.00058977954418403,-40.27793874003,0.11712562171265,0.031808202089402,0.00090526122642376,0.0095563535930039,40.27793874003
29.5,0.00054471016809872,0.00045605683929972,0.0011099598877342,-0.0005652497196355,0.00059265505318846,-0.00013659821388874,0.0011677966511124,0.00061674339405107,-40.956794583249,0.11725938654102,0.031808204542751,0.00067548934710359,0.0098724832758396,40.956794583249
30,0.00053129747888661,0.00044444552321295,0.0012280059062954,-0.00069670842740876,0.0006327027925908,-0.00018825726937784,0.0012554089970626,0.00064419293254774,-40.983177409736,0.11740776909065,0.03180820716189,0.0004734299877313,0.010143999322091,40.983177409736
30.5,0.00053823386970452,0.00045152216380325,0.0012758307881653,-0.00073759691846079,0.00066558311288068,-0.00021406094907743,0.001287690237486,0.00067111246698257,-40.634074394753,0.11756354154766,0.031808209690785,0.00038917261720639,0.010283140300705,40.634074394753
31,0.00056101600077546,0.00047555182623946,0.0012562454158568,-0.00069522941508136,0.00068669624472049,-0.00021114441848102,0.0012726304103245,0.0006952442803247,-40.11534679134,0.11771965686725,0.031808211268017,0.00047052845549987,0.010255750231107,40.11534679134
31.5,0.00059596351938049,0.00051499313033281,0.0011795157537039,-0.00058355223432342,0.00069551296929454,-0.00018051983896172,0.0012185703220671,0.00071544486354405,-39.50987921049,0.11786973784666,0.031808211897887,0.00070061485311054,0.010094564052286,39.50987921049
32,0.00063922058933168,0.00056656675014017,0.0010603712963389,-0.00042115070700726,0.00069384792104147,-0.00012728117090129,0.0011318490100299,0.00072954958757229,-38.782654214997,0.11800842643406,0.031808211897887,0.0010057617071557,0.0098834561973331,38.782654214997
32.5,0.00068854369953462,0.00062761655007173,0.00091456153764489,-0.00022601783811026,0.00068604393205982,-5.8427381988088e-05,0.0010163151820773,0.00073568619380006,-37.835858460744,0.11813167079737,0.031808211897887,0.0012834743159816,0.0097232039736504,37.835858460744
33,0.00074440894370144,0.00069734366502029,0.00075852698851699,-1.4118044815554e-05,0.00067843995348028,1.8903711540014e-05,0.00087768512215112,0.00073484914479583,-36.587373645057,0.11823700141407,0.031808211897887,0.0014395479391175,0.0096930800291236,36.587373645057
33.5,0.0008078437348376,0.00077587383160347,0.00060823398704539,0.00019960974779221,0.00068101130703174,9.4862524571734e-05,0.00072519788613115,0.00073427282186015,-35.036022503982,0.11832374725769,0.031808211897887,0.0014238988007147,0.0098239537460209,35.036022503983
34,0.00087498445583786,0.00085678153418837,0.00047639108225077,0.00039859337358709,0.00070079673895939,0.00015598479522898,0.0005707303578095,0.00074161556061491,-33.289969132175,0.11839311356383,0.031808211897887,0.0012445226452127,0.01008831441578,33.289969132175
34.5,0.00094257486509677,0.00093093291366641,0.00037438800669737,0.00056818685839941,0.00073017822288758,0.00020075469077883,0.0004343493630619,0.0007557946841359,-31.559886975673,0.11844814870593,0.03180824181916,0.00096083929889283,0.010415327024745,31.559886975673
35,0.0010039765326319,0.00098954268875337,0.00030719667323476,0.00069677985939717,0.00075321676744432,0.00023632592130905,0.00033300936667596,0.0007672557729867,-30.126949016534,0.11849366455721,0.031808310468063,0.00065877090074384,0.010719684608838,30.126949016534
35.5,0.0010531255683336,0.0010283064670056,0.00029893689841783,0.00075418866991579,0.0007841381395448,0.00024416832746075,0.00028761614964749,0.00078010968919398,-29.286393688976,0.11853600885569,0.031808433091466,0.00041684655672811,0.010936501234895,29.286393688976
36,0.0010901903049569,0.0010484201454335,0.00032897068827598,0.00076121961668091,0.00079635659882181,0.00025206354661168,0.00031292816112739,0.00079777969825517,-29.267191545569,0.11858245056099,0.03180845764799,0.00028672145613181,0.01103883074126,29.267191545569
36.5,0.0011051818119469,0.0010426480596653,0.00041382007476487,0.00069136173718205,0.00080665325659733,0.00023599480306796,0.00040494759068288,0.000814267923197,-30.153481529043,0.11864015601662,0.031808491297445,0.00026904127113589,0.011043423231197,30.153481529043
37,0.001086737566977,0.0010043373206606,0.00054553955024211,0.0005411980167349,0.00081755651519911,0.00018678080546149,0.00055129724739131,0.0008293475130043,-31.853395884952,0.11871513941398,0.031808515637224,0.00033639814829159,0.010992443702636,31.853395884952
37.5,0.001026467232596,0.0009283631843702,0.00069116067309047,0.00033530655950549,0.00081020766003822,0.00011815552433198,0.00071697774664038,0.00082760008689562,-34.133206656441,0.11881160355997,0.03180852437876,0.00044224199462161,0.010942166647595,34.133206656441
38,0.00096051730051093,0.00085203348791113,0.00086889977978979,9.1617520721139e-05,0.0008166288712569,3.5404616654225e-05,0.00091183124199816,0.00083918765488209,-36.684098882134,0.11893167270733,0.031808525347321,0.00053782777565633,0.010941068550498,36.684098882134
38.5,0.00089856692012919,0.00078593654561806,0.0010617203334067,-0.00016315341327756,0.00083636868047044,-5.0432134852385e-05,0.0011116218354024,0.00086065292204518,-39.181825905262,0.11907526941628,0.031808525832365,0.00059081623435915,0.01101376133165,39.181825905262
39,0.00084183283155155,0.00073155144607734,0.0012421620831078,-0.00040032925155621,0.00086093248056371,-0.00012938103448637,0.00128624432599,0.00088159978300838,-41.333142803969,0.11924008925506,0.031808527652938,0.00059584770760826,0.011153865426371,41.333142803969
39.5,0.00079919609185072,0.00069565720622958,0.0013910475457384,-0.00059185145388772,0.00088690760631916,-0.00019125040008958,0.0014205621924287,0.00090017744270512,-42.914969595591,0.11942179636372,0.03180853190364,0.0005740042004134,0.011328840331838,42.914969595591
40,0.00077852166707102,0.0006833730756499,0.0014940359979493,-0.00071551433087824,0.00091189253627376,-0.00022851946062386,0.0015091978105525,0.00091799376170804,-43.79959680663,0.11961442969725,0.03180853813928,0.0005610240635302,0.011495508520472,43.79959680663
40.5,0.00078065215350388,0.00069423972986324,0.0015395194807655,-0.00075886732726164,0.00093407737509533,-0.00023983764523209,0.0015489385164994,0.00093615223163852,-43.961747389705,0.11981093655196,0.031808541131336,0.00058942180868331,0.011618875846887,43.961747389705
41,0.00080709432186318,0.00072943661001055,0.0015216916216943,-0.00071459729983109,0.00095265960744285,-0.0002232229974323,0.0015396845501082,0.00095606010006159,-43.471486115168,0.12000384896052,0.03180854223524,0.00067342725315055,0.011685805706308,43.471486115168
41.5,0.00085573630727338,0.00078688550363035,0.0014419017672249,-0.00058616545995152,0.00096646664333967,-0.00017958113970932,0.0014838881476756,0.00097762537473886,-42.472400739712,0.12018609822742,0.03180854289633,0.00080206899690466,0.011708690306014,42.472400739713
42,0.00092049105664683,0.00086075755916117,0.0013099808431063,-0.00038948978645951,0.00097570970196472,-0.00011495214280354,0.0013856901206585,0.00099876197555527,-41.145014643449,0.12035181036073,0.031808543524309,0.00094327865223118,0.011718871787147,41.145014643449
42.5,0.00099600191034099,0.00094561823073279,0.0011412795521262,-0.00014527764178526,0.00098053749023378,-3.4919259500989e-05,0.0012519821675749,0.0010167312054869,-39.667769608755,0.12049689997611,0.031808544986727,0.0010553168603165,0.011754171662978,39.667769608755
43,0.0010746622307835,0.0010330272644618,0.0009552110822491,0.00011945114853444,0.00098124432995436,5.1782934507457e-05,0.0010927617310699,0.0010283047513108,-38.190691222765,0.12061939525101,0.031808734508296,0.0011018061130009,0.011844042087369,38.190691222765
43.5,0.0011502549756729,0.0011155046568928,0.00077265749761264,0.00037759747806025,0.00097857334726279,0.00013693130963001,0.00092120440492575,0.0010308711298088,-36.826438295251,0.12071951401882,0.031810906430016,0.0010624578376117,0.011999292419412,36.826438295251
44,0.0012195843396737,0.0011885734051078,0.00061547548392708,0.00060410885574664,0.00097641975180511,0.00021215365330267,0.00075628226994608,0.0010269322407308,-35.655196316175,0.12079953692183,0.031825987800265,0.00094058769038342,0.012198442337422,35.655196316175
44.5,0.0012791932439611,0.0012477547774379,0.00049803538882522,0.00078115785513584,0.00097572189437928,0.00027203288305858,0.00061567978176639,0.0010189324518756,-34.736602595035,0.12086352744398,0.031845715308923,0.00076156380483856,0.012421462194959,34.736602595035
45,0.0013267524825485,0.0012901646662083,0.00042881960653166,0.00089793287601682,0.00097680804558214,0.00031335662062619,0.00051509827303834,0.0010099376618341,-34.119998627323,0.12091693233045,0.031866230540621,0.0005622604588847,0.01263851891001,34.119998627323
45.5,0.0013621659457161,0.0013160175337905,0.00041412502565934,0.00094804092005679,0.00098272331648501,0.00033329421730544,0.00046834187967216,0.0010051350550246,-33.847090907211,0.12096607925598,0.031883147165565,0.00038050119559815,0.012823326952185,33.847090907211
46,0.0013859301137053,0.0013270330132962,0.0004572064704122,0.0009287236432931,0.00099792873240452,0.00032910428089171,0.00048398977687706,0.0010101971045687,-33.948253790306,0.12101761086064,0.031892921394401,0.00024557543769953,0.012961461943837,33.948253790306
46.5,0.0013983848509277,0.0013244773077853,0.00055571703974333,0.00084266781118437,0.0010241114092956,0.00030036589848969,0.00056382355556073,0.0010286728178537,-34.436409867715,0.1210779222087,0.031895366503755,0.00017006913327191,0.013053202363394,34.436409867715
47,0.0013982598470649,0.0013083065639203,0.00069961565827386,0.00069864418879107,0.001058333269198,0.00024997329472238,0.00070114138026003,0.001059863686932,-35.300861963562,0.121152672807,0.031895541977576,0.0001491064397001,0.013110127190378,35.300861963562
47.5,0.0013860448901171,0.0012814731200094,0.00087612483945553,0.00050992005066156,0.0010984377252269,0.00018303539478243,0.00088294710053819,0.0011018290590507,-36.501639345297,0.12124641402664,0.031895592201016,0.00016514539029447,0.013155645494948,36.501639345297
48,0.0013631627086474,0.0012475133779405,0.0010710766243649,0.00029208608428242,0.0011417403633008,0.00010577301463972,0.0010903591899314,0.0011498737107695,-37.964757470882,0.12136231870747,0.031895629791307,0.00019616558136384,0.013215097686209,37.964757470882
48.5,0.0013337945047238,0.0012114441684976,0.0012704282341687,6.3366270555075e-05,0.0011852459172792,2.6198251218333e-05,0.0013028485734113,0.0011984497098278,-39.579976934643,0.12150195831589,0.031895670979513,0.00022434164240134,0.013305700455286,39.579976934643
49,0.0013027694532553,0.00117825877584,0.001459424205597,-0.00015665475234173,0.0012258429608131,-4.7584184973127e-05,0.0015006725155721,0.0012427303803656,-41.205939297528,0.12166511568432,0.031895709771848,0.00024148526346196,0.013432081115942,41.205939297529
49.5,0.0012752648814807,0.0011528866388142,0.0016234377577957,-0.00034817287631499,0.0012612624293987,-0.00010837579058459,0.0016670950492789,0.0012798493239786,-42.687638940895,0.12184972285865,0.031895738517888,0.00025043622174048,0.013586634738241,42.687638940895
50,0.0012564349182055,0.0011398090383471,0.0017502282716969,-0.00049379335349141,0.0012912871750466,-0.00015147813669952,0.0017906334367321,0.0013099081733125,-43.882807599803,0.1220520259925,0.031895753441283,0.00026108017334654,0.013754853027059,43.882807599803
50.5,0.001251230881369,0.0011430056742128,0.0018315398523187,-0.00058030897094971,0.0013173534226822,-0.0001743477484694,0.001866020397404,0.0013353706611714,-44.686294173119,0.12226697712166,0.031895758768205,0.00028470736633695,0.013921331657498,44.686294173119
51,0.0012631168421031,0.0011650285200155,0.0018641280359428,-0.0006010111938397,0.0013414795468652,-0.00017645102684964,0.0018935843398409,0.0013592950091371,-45.044565851187,0.12248877024039,0.031895759185133,0.00032825671711917,0.014076050080838,45.044565851187
51.5,0.00129279946271,0.0012058895445056,0.0018492605314659,-0.00055646106875596,0.0013647679919001,-0.00015887844739449,0.001876960801197,0.0013831383717959,-44.960681356204,0.12271145270208,0.03189575936884,0.00039010862045623,0.014217948636432,44.960681356204
52,0.0013388847103395,0.0012632184138976,0.0017934020921339,-0.00045451738179446,0.0013872801078401,-0.00012406169394242,0.001822674044486,0.0014061507292512,-44.491787221481,0.12292956257709,0.031895900919203,0.00045721861452613,0.014356580138494,44.491787221481
52.5,0.0013989035372569,0.0013335112695226,0.0017086754651344,-0.00030977192787756,0.0014103102177589,-7.6798948236336e-05,0.0017417676047927,0.0014287566666348,-43.738145170139,0.12313870636041,0.031902072203658,0.0005115406391197,0.014500548633022,43.738145170139
53,0.0014632197612544,0.001406817237696,0.0016072876987181,-0.00014406793746368,0.0014360558627038,-2.9238625007811e-05,0.0016459427373765,0.0014536336536133,-42.823717755992,0.123335967734,0.031923532104951,0.00053981488292355,0.014647848025289,42.823717755992
53.5,0.0015206825462314,0.0014699710037741,0.0014993947841435,2.1287762087869e-05,0.0014593147919032,1.0656211870922e-05,0.0015461744472624,0.0014778975543398,-41.873591556555,0.12352009122983,0.031967551805205,0.00053715310382391,0.014791401816045,41.873591556555
54,0.0015735399207141,0.0015236978095072,0.0013961895114635,0.0001773504092506,0.0014709150261818,5.2782783325392e-05,0.0014550491518482,0.0014953455585605,-40.996141329073,0.12369146564853,0.032035586561437,0.00050652089575803,0.014924294486283,40.996141329073
54.5,0.0016243936741571,0.0015728389733902,0.0013124762674521,0.000311917406705,0.0014754214444154,9.7417528974761e-05,0.0013777171962192,0.001502111264843,-40.273945347717,0.12385194565808,0.032116444293497,0.00045488281812197,0.015049936970135,40.273945347717
55,0.001680431606709,0.0016264722245507,0.0012576705976279,0.0004227610090811,0.0014813847885429,0.0001450874360078,0.0013255700036687,0.0015095043234152,-39.760715697127,0.12400450089456,0.032203370701831,0.00039732564117056,0.015163728993869,39.760715697127
55.5,0.0017238458134847,0.0016667477512876,0.0012228560063746,0.00050098980711013,0.0014800869095065,0.00018666084178107,0.0013007150582514,0.0015200352169873,-39.480823766882,0.12415270463004,0.032287538857466,0.00034131581970787,0.015275260529224,39.480823766882
56,0.001758648769516,0.0016975009177573,0.00122985061545,0.00052879815406595,0.0014946773822537,0.00020282353550362,0.0013061362172143,0.0015372236805272,-39.435015750877,0.12430022460383,0.032362021282372,0.00028981275363713,0.015387394630926,39.435015750877
56.5,0.0017825924433734,0.0017163339763317,0.0012728269897537,0.00050976545361968,0.0015210412301929,0.00019529274613878,0.0013380200329551,0.0015574996880924,-39.615779953117,0.12445054586535,0.032416813344204,0.00025032862870421,0.015506476300068,39.615779953117
57,0.0017952580340914,0.0017227765068928,0.0013464538577075,0.00044880417638388,0.0015534750389039,0.00016930146798886,0.0013980636113692,0.0015812440738824,-40.021056632472,0.12460693869705,0.032447281813572,0.00022917482524513,0.015635107825729,40.021056632472
57.5,0.0017970434169195,0.0017181675478043,0.0014497587089391,0.00034728470798041,0.00159184200893,0.00012632553887436,0.0014882443751785,0.0016111084758386,-40.649357205834,0.12477241492519,0.03245507332432,0.00022952175648008,0.015772614534639,40.649357205834
58,0.0017786942529245,0.0016940549413742,0.0015736510733319,0.00020504317959261,0.0016291067367703,6.494820460394e-05,0.0016013747028856,0.0016418510758195,-41.479786383824,0.12494947217511,0.032455931109114,0.00025008871107337,0.015909125669501,41.479786383823
58.5,0.0017528604925589,0.0016636819410306,0.0017125494757364,4.0311016822517e-05,0.0016627163656789,9.6557535168964e-07,0.0017320408230502,0.0016710303107635,-42.458493749369,0.12513971170825,0.032456093794366,0.00028510391649143,0.016047231444534,42.458493749369
59,0.0017266717874602,0.0016360255278157,0.0018515891701919,-0.00012491738273169,0.00168975234853,-5.3726820714334e-05,0.0018641587105988,0.0016947732805468,-43.502123348392,0.12534353656181,0.032456166818676,0.00032657374548696,0.016195673629436,43.502123348392
59.5,0.0017058736359552,0.0016172976872176,0.0019770147106903,-0.00027114107473509,0.0017138355209314,-9.6537833713763e-05,0.0019830315679632,0.0017158830473839,-44.510076620725,0.1255600258214,0.032456214532426,0.00036699524096335,0.016360551526117,44.510076620724
60,0.0016994591073419,0.0016151841249051,0.0020807196768336,-0.00038126056949167,0.0017406740285599,-0.00012548990365472,0.0020811990436824,0.0017403322066718,-45.378122717996,0.12578698067245,0.032456251199664,0.0004009232465574,0.016544803083173,45.378122717996
60.5,0.0017085753007244,0.0016300674179075,0.0021528947063377,-0.00044431940561328,0.0017704209348479,-0.00014035351694037,0.0021499057791516,0.0017686608809147,-46.016528149259,0.12602116448342,0.032456277605,0.00042515989668908,0.01674815719961,46.016528149259
61,0.001734883982173,0.0016629534852056,0.0021889166308676,-0.00045403264869461,0.0018036521547994,-0.00014069866959381,0.0021847141013901,0.0018010492774184,-46.373297689525,0.12625877971373,0.032456412300866,0.0004377407845567,0.01696836109778,46.373297689525
61.5,0.001772730600134,0.0017066077193775,0.0021903252170233,-0.00041759461688926,0.0018377082615413,-0.00013110054216375,0.0021879742325074,0.001835392351017,-46.44861024461,0.12649609244414,0.032468074081095,0.00043838245285268,0.017190202549502,46.44861024461
62,0.0018022650357783,0.0017394457890946,0.0021615219671397,-0.00035925693136139,0.0018625250719529,-0.00012307928285833,0.002164230606588,0.0018619332293216,-46.285877953588,0.1267299519803,0.03251796558021,0.00042887415149248,0.017380705711444,46.285877953588
62.5,0.0018343801775352,0.0017735105958433,0.0021096347448616,-0.00027525456732637,0.0018730876870171,-9.9577091173781e-05,0.0021194602911296,0.0018750676490472,-45.946241497598,0.12695801708208,0.03260084880368,0.00041295791098017,0.017538521468055,45.946241497598
63,0.0018742834540476,0.0018166067899778,0.0020424309665139,-0.00016814751246627,0.0018750140965282,-5.840730655044e-05,0.0020598820207311,0.0018797247769385,-45.486632882492,0.12717873038248,0.032715425135108,0.00039454601163143,0.017659548246332,45.486632882492
63.5,0.0019197445520894,0.0018669080010356,0.0019663621652907,-4.6617613201271e-05,0.0018749665074047,-8.0585063690923e-06,0.0019905147603539,0.0018821287302335,-44.950267600488,0.12739118782224,0.032850476702329,0.00037555597109817,0.017752628057995,44.950267600488
64,0.0019698129700918,0.0019224446490287,0.0018886698622014,8.1143107890422e-05,0.0018782455922323,4.4199056796378e-05,0.001917198090127,0.001887027769704,-44.368386818991,0.12759502914216,0.032998723472788,0.00035577182745161,0.017825381461892,44.368386818992
64.5,0.0020159720999624,0.0019733905357882,0.0018146046587303,0.00020136744123216,0.0018862080437034,8.7182492084804e-05,0.0018439249872448,0.0018949926967044,-43.773487614161,0.12779047586687,0.033153514008514,0.00033366347146873,0.017886626198005,43.773487614162
65,0.0020633063831289,0.0020235443428544,0.0017504998361709,0.00031280654695796,0.001898959361661,0.00012458498119334,0.0017780812826516,0.0019072783721331,-43.215430687675,0.12797854686905,0.033308935320106,0.00030695343990011,0.017944590919102,43.215430687676
65.5,0.0021073447711893,0.0020677880565305,0.0017054432838661,0.00040190148732318,0.0019176512554548,0.00015013680107575,0.0017288887906941,0.0019249407672556,-42.76060660177,0.12816124010543,0.033459234431355,0.0002756719418692,0.018005964328638,42.76060660177
66,0.0021465463020388,0.0021047060693767,0.0016870735273414,0.00045947277469739,0.001942162228544,0.00016254384083272,0.0017044417397291,0.0019476966657897,-42.470324496293,0.12834141473534,0.033598595177382,0.00024164602938536,0.018076805351473,42.470324496293
66.5,0.0021808804970903,0.0021349298967082,0.0016986130484244,0.00048226744866586,0.0019704828310585,0.00016444706564975,0.0017092127724807,0.0019738162327824,-42.380546955261,0.1285223914262,0.033721985688121,0.00020796162302791,0.018161790893982,42.380546955261
67,0.0022098691280772,0.0021589067984558,0.0017393481443158,0.00047052098376146,0.0020009230776225,0.00015798372083325,0.001744051716496,0.0020021481722175,-42.500749557525,0.12870753213636,0.033825303660296,0.00017860007655742,0.01826432390035,42.500749557525
67.5,0.0022324117511585,0.0021762095661681,0.0018065837833429,0.0004258279678156,0.0020333935048342,0.00014281606133396,0.001807519722567,0.0020331876024288,-42.824285007514,0.12889996720329,0.033905424145286,0.00015755952464954,0.018386718846339,42.824285007513
68,0.002249066976653,0.0021874157177275,0.0018967899442375,0.00035227703241544,0.0020677800109567,0.00011963570677073,0.0018964692152992,0.0020671171977446,-43.334407662708,0.12910242175565,0.03396093700989,0.00014747711558792,0.018531467143236,43.334407662707
68.5,0.0022600603630752,0.002192950729179,0.0020055514027799,0.00025450896029528,0.002104060413732,8.8890315447026e-05,0.002005932140263,0.0021037765242814,-44.002865936731,0.12931704939476,0.03399408098489,0.00014824749924742,0.018699817132028,44.00286593673
69,0.0022650488677418,0.0021932117659918,0.0021265187189789,0.00013853014876288,0.0021425627071175,5.0649058874285e-05,0.0021285519764797,0.0021430928279116,-44.787953088416,0.1295452730969,0.034007905929246,0.00015682771599372,0.018894331143745,44.787953088415
69.5,0.0022628181935275,0.002187425020957,0.0022518284580264,1.0989735501099e-05,0.002182247173791,5.1778471660691e-06,0.0022555210380922,0.0021835986408277,-45.636632673483,0.12978768268745,0.034010354242438,0.00016802958015001,0.019113527589754,45.636632673481
70,0.0022551941321739,0.0021774916295498,0.00237348067156,-0.00011828653938608,0.0022203370093492,-4.2845379799442e-05,0.0023782094483673,0.0022222115936956,-46.489846903387,0.13004401016393,0.034010591236847,0.00017620148527998,0.019353926514924,46.489846903385
70.5,0.0022502263045758,0.002171890621452,0.0024843593591247,-0.00023413305454886,0.0022554711333154,-8.358051186347e-05,0.0024892769350171,0.0022574804019996,-47.28876623641,0.13031317543195,0.034011097046239,0.00017744485605141,0.019614927898511,47.288766236407
71,0.0022523155031575,0.0021755006870182,0.0025787105818164,-0.00032639507865888,0.0022892823416304,-0.00011378165461218,0.0025831545670433,0.0022911464112157,-47.9806264533,0.13059339085428,0.034016496249748,0.00017161064352171,0.01988956182461,47.980626453297
71.5,0.0022576680909027,0.0021837770575056,0.0026521928332897,-0.00039452474238699,0.0023217931081858,-0.00013801605068017,0.0026560256842506,0.0023234448395644,-48.523096583606,0.13088230645785,0.034042244951542,0.00016151437398889,0.020156346117396,48.523096583604
72,0.002264428788555,0.0021939475868845,0.0027016788052924,-0.00043725001673737,0.0023502285036257,-0.00015628091674113,0.0027054137397591,0.0023517939127199,-48.887467223389,0.13117718349102,0.034096382586716,0.00015243994762572,0.020398458737568,48.887467223387
72.5,0.0022778500705299,0.0022112902056257,0.0027257260802704,-0.0004478760097405,0.0023729424962775,-0.0001616522906518,0.0027303120436575,0.0023746076111892,-49.062177271542,0.13147511098137,0.034184224608885,0.00015107162429242,0.020600994560758,49.062177271543
73,0.0022982334870654,0.0022362376213646,0.0027251545416473,-0.00042692105458189,0.0023901898286992,-0.00015395220733457,0.0027316266049363,0.0023921209542027,-49.05491399315,0.1317732607159,0.034309754855344,0.00016308408235648,0.020752136470548,49.054913993154
73.5,0.0023238088446832,0.002267021197725,0.0027023073281323,-0.00037849848344909,0.0024030009803943,-0.00013597978266933,0.0027116553145098,0.0024054677441798,-48.888539405893,0.13206910436424,0.034472891957084,0.00019107968333812,0.020848069372565,48.888539405899
74,0.0023521509832005,0.002300904454035,0.0026606054338949,-0.00030845445069431,0.0024121881869961,-0.00011128373296107,0.0026739166233861,0.002415812693324,-48.592067737039,0.13236052226219,0.034671119607865,0.00023417057929495,0.020891411217863,48.592067737047
74.5,0.0023830467013876,0.002337226139055,0.0026035455213373,-0.00022049881994972,0.0024173728139863,-8.0146674931362e-05,0.0026220491908343,0.002423170712596,-48.195301388982,0.13264584860549,0.034898952508774,0.00028670497925256,0.020893087594433,48.19530138899
75,0.0024171676440074,0.0023764909788367,0.0025371146257053,-0.00011994698169785,0.0024207563838694,-4.4265405032721e-05,0.0025613286773472,0.0024292763425349,-47.73085065925,0.13292394942186,0.035147949123253,0.00033965765498837,0.020869652827216,47.730850659257
75.5,0.0024522374894323,0.002415890856105,0.0024689500296235,-1.6712540191229e-05,0.0024248187893085,-8.927933203433e-06,0.0024965312624319,0.0024340579441114,-47.236932384434,0.13319433343721,0.035409123712859,0.00038334644932221,0.020838446123845,47.236932384439
76,0.0024878000210975,0.002454432678317,0.0024032238935478,8.4576127549665e-05,0.0024269951989958,2.7437479321158e-05,0.0024337266589721,0.0024372722874348,-46.754825946689,0.13345720752973,0.035673042782536,0.0004129083182763,0.020812815440646,46.754825946691
76.5,0.0025197340251468,0.0024883429057233,0.0023441831082384,0.00017555091690837,0.0024267044233956,6.1638482327712e-05,0.0023780606078669,0.0024396693698249,-46.323310320782,0.13371342744424,0.035930411320655,0.0004247869871909,0.020806349866061,46.323310320782
77,0.0025491161714513,0.0025192062192557,0.002300244772498,0.00024887139895331,0.0024300677072157,8.9138512040039e-05,0.002333691944228,0.0024433159511555,-45.974870085098,0.13396437259793,0.036172867417128,0.00041830650018743,0.020826427149707,45.974870085096
77.5,0.0025748916999214,0.0025459647207319,0.0022735980434312,0.00030129365649017,0.002437540642406,0.0001084240783259,0.0023038360611735,0.0024495497862535,-45.734285732484,0.13421179061743,0.036393519347472,0.00039800721705793,0.020875986699215,45.73428573248
78,0.0025963529270207,0.0025676771858225,0.0022657051058723,0.00033064782114846,0.0024490682342616,0.00011860895156092,0.0022910231854284,0.0024590255554501,-45.618273239083,0.13445764336496,0.03658768134619,0.00037008243409899,0.020955256839417,45.618273239076
78.5,0.0026142907351596,0.0025848718503241,0.0022777789047736,0.00033651183038596,0.0024648264321239,0.00012004541820021,0.0022970242905382,0.0024721042439904,-45.636023268208,0.13470398212345,0.0367527155822,0.00033999137729347,0.021064036175524,45.636023268197
79,0.0026290427206804,0.0025978608238191,0.0023097286293113,0.00031931409136906,0.0024844920991864,0.0001133687246327,0.0023225510270879,0.0024889276988377,-45.789677751243,0.13495285245914,0.036888331344017,0.0003109984890931,0.021202327736321,45.78967775123
79.5,0.0026412009050179,0.0026075282742698,0.0023601622350487,0.00028103866996925,0.0025077367026074,9.9791571662349e-05,0.0023670185419658,0.002509607924119,-46.072555297625,0.13520618429384,0.036996371163628,0.00028368501590681,0.021370626016855,46.072555297612
80,0.0026511770450971,0.0026146414832788,0.002426122731295,0.00022505431380215,0.0025341461787103,8.049530456855e-05,0.0024282695153696,0.0025341292458267,-46.46604472918,0.13546563686814,0.03708076969548,0.00025655330113564,0.021568643786881,46.466044729165
80.5,0.0026596582764984,0.0026201147853844,0.0025029491928613,0.00015670908363703,0.0025625528636869,5.7561921697522e-05,0.0025021858164372,0.0025615393694663,-46.939496471033,0.13573243945991,0.037147984052771,0.00022740975095006,0.021793601897569,46.939496471016
81,0.0026665648266809,0.0026241900023704,0.0025853689078669,8.1195918814059e-05,0.0025918495991416,3.2340403228827e-05,0.0025833337790477,0.0025904298943657,-47.454831707496,0.13600729475743,0.037206031609248,0.0001949966609348,0.022038843075502,47.454831707475
81.5,0.0026729049638177,0.0026283052087905,0.0026681898034865,4.715160331249e-06,0.002621330375597,6.9748331935152e-06,0.0026662146780938,0.0026198639265972,-47.972759108498,0.13629036340293,0.037263575265499,0.00016030126979123,0.022294289462153,47.972759108471
82,0.0026789867988432,0.0026331497951859,0.0027462454070456,-6.7258608202378e-05,0.0026500602988835,-1.6910503697524e-05,0.0027454677985119,0.0026489605631302,-48.457173267559,0.13658130164298,0.037329405947157,0.00012692776814623,0.022546507500878,48.457173267523
82.5,0.0026849965606083,0.0026391948611863,0.0028151928945592,-0.0001301963339509,0.0026773554003998,-3.8160539213446e-05,0.002816245042689,0.002676879510252,-48.877283512352,0.13687932352118,0.037411270247925,0.00010045092122098,0.022781078607605,48.877283512304
83,0.0026910634768409,0.0026466559829998,0.0028714889906018,-0.00018042551376088,0.0027024376596155,-5.5781676615659e-05,0.0028745082203037,0.0027027208176993,-49.208806014454,0.137183278726,0.037515824939823,8.6876576065725e-05,0.02298439991749,49.208806014391
83.5,0.0026976730163183,0.002655845282397,0.0029128585385934,-0.00021518552227516,0.0027245538399785,-6.8708557581516e-05,0.002917357205632,0.0027254273916133,-49.435172587735,0.13749174813515,0.037648558992635,9.0733864491677e-05,0.023146169230101,49.435172587651
84,0.0027054457651187,0.0026671599850693,0.0029381919536103,-0.00023274618849162,0.0027432571987221,-7.6097213652763e-05,0.0029433790183718,0.0027444554493231,-49.548515038395,0.13780315575985,0.037812979805641,0.00011351964154932,0.023260961050436,49.548515038284
84.5,0.0027148293342153,0.0026807377445313,0.0029474270729284,-0.00023259773871317,0.0027582978684808,-7.7560123949534e-05,0.0029524755225009,0.0027595769667718,-49.549645929203,0.13811588665008,0.038010852155679,0.00015295443975392,0.023329153519961,49.549645929052
85,0.0027260923946523,0.0026964819620331,0.0029415407457931,-0.0002154483511408,0.0027695631311671,-7.3081169133973e-05,0.0029457327896555,0.0027706976627843,-49.446930257777,0.1384283984982,0.03824188884431,0.00020329178462818,0.023356188166145,49.446930257571
85.5,0.0027391371418521,0.0027139505215997,0.0029225160436615,-0.00018337890180943,0.0027773159380039,-6.3365416404221e-05,0.002925287864089,0.0027780264383138,-49.254814920697,0.13873932227737,0.038503653094972,0.00025658732573425,0.023351478819524,49.254814920414
86,0.0027540160717108,0.0027328252510939,0.0028930109180093,-0.00013899484629843,0.0027819638727057,-4.91386216117e-05,0.0028942391006502,0.0027821452035021,-48.992679063164,0.13904755267093,0.03879179751803,0.0003045286466111,0.023326246313581,48.992679062776
86.5,0.0027706112817261,0.0027526054820682,0.0028561550829794,-8.554380125324e-05,0.0027838571481993,-3.1251666131062e-05,0.0028563374700556,0.002783777294402,-48.683847149269,0.13935232453007,0.039100537315142,0.00034012473105313,0.023291742904813,48.683847148738
87,0.0027881001385473,0.0027722305237292,0.0028159686895442,-2.7868550996914e-05,0.00278408580694,-1.1855283210723e-05,0.0028157109449934,0.0027839597085891,-48.354223813184,0.13965326436553,0.039423098196969,0.00035902085327947,0.023257435464969,48.354223812462
87.5,0.0028061888347833,0.0027913142964513,0.0027765853926502,2.9603442133089e-05,0.0027838869056691,7.4273907822184e-06,0.0027764614516077,0.0027838611994336,-48.030514081281,0.1399504078556,0.039752377704553,0.00036008982501848,0.023230315266976,48.030514080301
88,0.0028242558885605,0.0028092299527443,0.0027417853017904,8.2470586770175e-05,0.0027840563237322,2.5173629012131e-05,0.0027423113593431,0.0027843009912399,-47.738492249667,0.14024418419662,0.040081665740989,0.00034508690288867,0.023214748890646,47.738492248339
88.5,0.0028417434068602,0.0028255839589599,0.0027148881345584,0.00012685527230182,0.0027852290437215,4.0354915238419e-05,0.0027163839435949,0.0027858745227362,-47.501502882545,0.1405353737159,0.040404818527814,0.00031774189078307,0.023213311012477,47.501502880744
89,0.0028582756911413,0.0028402752913923,0.0026985605387959,0.00015971515234541,0.0027881056156815,5.2169675710762e-05,0.0027010595118868,0.002789174987019,-47.338923722309,0.14082504287338,0.040716533363656,0.00028259788773954,0.023227622173481,47.338923719857
89.5,0.002873190845057,0.0028529287021314,0.0026946054904205,0.00017858535463653,0.0027933707035557,5.95579985757e-05,0.0026978517894564,0.0027947545044111,-47.264422836475,0.14111445756875,0.04101248790797,0.00024411099441763,0.023258902254016,47.264422833127
90,0.0028862338005093,0.0028635676062555,0.0027037842521343,0.00018244954837498,0.0028015830249213,6.1984581334237e-05,0.0027073122340994,0.0028030649236272,-47.284311138922,0.14140497742978,0.0412894585212,0.00020604447737757,0.023308259706423,47.284311134335
90.5,0.0028976133159845,0.0028726320525033,0.0027258642680068,0.00017174904797776,0.0028131539931547,5.9478059348591e-05,0.0027291397027135,0.0028144754767207,-47.39667917087,0.14169794129414,0.041545536475992,0.00017123087809688,0.023376462196177,47.396679164568
91,0.0029072448181921,0.002880223676031,0.0027594742505996,0.00014777056759249,0.0028281177515289,5.2105924502154e-05,0.0027620557600178,0.0028290523483054,-47.591855791227,0.1419945607352,0.0417801736838,0.00014177684581286,0.023463299040396,47.591855782569
91.5,0.0029151981951755,0.0028864788294103,0.0028024406225787,0.00011275757259681,0.0028459959808314,4.0482848578934e-05,0.00280412808366,0.0028464176495486,-47.853952454705,0.14229583467898,0.04199443592375,0.00011940824985335,0.023567185309704,47.853952442868
92,0.002921631365434,0.0028916061448744,0.0028520278370867,6.9603528347266e-05,0.0028658772332573,2.5728911617052e-05,0.0028529712272572,0.0028658143432407,-48.162747106484,0.14260248724519,0.042190677379709,0.00010571866433206,0.023685026014062,48.162747090567
92.5,0.0029268101238965,0.0028960091097639,0.0029051248365936,2.1685287302977e-05,0.0028868412858908,9.1678238730572e-06,0.0029058681466056,0.0028865036128584,-48.495456872918,0.14291492529867,0.042372030738031,0.00010213546441874,0.023812870242034,48.495456852264
93,0.0029309166028189,0.0028999771204506,0.002958428136665,-2.7511533846127e-05,0.0029079087614697,-7.9316410191089e-06,0.0029598647291925,0.0029076691116402,-48.828338827005,0.14323321364779,0.042542570697416,0.00010962012705343,0.023946101674413,48.828338801836
93.5,0.0029346471623847,0.0029042796811686,0.003009125272957,-7.4478110572321e-05,0.0029285232097366,-2.4243528568002e-05,0.0030123620498865,0.0029288505710532,-49.138161459361,0.14355706877014,0.042707073895222,0.00012825277396154,0.024080152844017,49.138161431445
94,0.0029379800979932,0.0029089730382534,0.0030541375250288,-0.0001161574270356,0.00294786717695,-3.8894138696626e-05,0.0030602921314019,0.0029492327178288,-49.403739315451,0.14388587532461,0.042869966708616,0.00015687560344511,0.024211593033702,49.40373928809
94.5,0.002940981901003,0.0029140764102797,0.0030907794821817,-0.00014979758117877,0.0029651039127516,-5.1027502471914e-05,0.0031007475012606,0.0029678850943456,-49.607632517605,0.14421873050453,0.043036237980568,0.00019294894630561,0.024337728877046,49.607632493939
95,0.0029439152553277,0.0029197414560428,0.0031171506613533,-0.00017323540602562,0.0029795593746513,-5.981791860847e-05,0.0031313946247244,0.00298396241887,-49.737548882912,0.14455451402242,0.043210646091128,0.00023275316193612,0.024456818228541,49.737548862248
95.5,0.0029468975466276,0.0029259895404035,0.0031321151209286,-0.00018521757430096,0.0029908562634108,-6.4866723007287e-05,0.00315052590813,0.0029968650167961,-49.786870457326,0.14489197232453,0.043397720672345,0.00027194213587024,0.024567554879878,49.786870430923
96,0.0029501305964256,0.0029328578151558,0.0031353282538806,-0.00018519765745499,0.0029988179051609,-6.5960090005084e-05,0.0031571888062349,0.0030061727154904,-49.754435690185,0.1452298056381,0.043601321736153,0.00030628522854086,0.02466886304798,49.754435639425
96.5,0.0029536709714488,0.0029401733763007,0.0031272191287242,-0.00017354815727537,0.0030033551441105,-6.3181767809818e-05,0.003151285262906,0.0030115764725131,-49.644121331554,0.14556675245519,0.043824633159766,0.00033239612713114,0.024759188617915,49.644121230846
97,0.0029579156128067,0.0029480751992642,0.0031089269620042,-0.00015101134919753,0.0030044339129273,-5.6358713663099e-05,0.0031336214602581,0.0030129000508159,-49.464424397296,0.14590166861679,0.044069833727002,0.00034825535531479,0.024836794816893,49.46442422103
97.5,0.0029630164985608,0.0029565518886394,0.0030821946280117,-0.00011917812945085,0.0030024192709834,-4.5867382343923e-05,0.0031058788553611,0.0030104826281748,-49.227936181808,0.14623359750947,0.044337616326031,0.00035341570785904,0.024899792496094,49.227935911068
98,0.0029689402395755,0.0029654338210302,0.0030492377654513,-8.0297525875815e-05,0.0029980267134652,-3.2592892434987e-05,0.0030704946220737,0.0030051349273004,-48.950584397112,0.14656182704065,0.044627500632207,0.00034886318376699,0.024946431039781,48.950584020426
98.5,0.0029755901989162,0.0029744716123172,0.003012586052446,-3.6995853529789e-05,0.0029919230782642,-1.7451465946991e-05,0.003030440310151,0.0029977101941298,-48.650567936179,0.1468859284999,0.04493795810821,0.00033660227409108,0.024975444049615,48.650567441608
99,0.0029827095039511,0.0029833769319704,0.002974911576818,7.7979271330622e-06,0.0029848445305694,-1.4675985989358e-06,0.0029889381996103,0.0029891727122797,-48.347099753217,0.14720577470061,0.04526647925903,0.00031911920368459,0.024986502690335,48.347099115098
99.5,0.0029902529888636,0.0029921418819806,0.0029388633235893,5.1389665274312e-05,0.0029775512712326,1.4590610747983e-05,0.0029491730668454,0.002980502477666,-48.059139342607,0.14752153845521,0.045609815500562,0.00029885507988477,0.024980678220669,48.059138509885
100,0.002997895616879,0.0030005602311985,0.0029069100363219,9.0985580557048e-05,0.0029708828815609,2.967734963761e-05,0.0029140327026442,0.0029727096631304,-47.804058758125,0.14783367201355,0.045964051872976,0.00027784883301919,0.024960317088801,47.804057648021
100.5,0.0030053059562762,0.0030084416328005,0.0028811038961977,0.00012420206007851,0.0029656221182774,4.2819514523109e-05,0.0028858033559452,0.0029666663830284,-47.595935618176,0.14814286296736,0.046324965300984,0.00025760846016543,0.02492892525236,47.595934112581
101,0.0030122033769832,0.0030155959147608,0.0028629410586483,0.00014926231833492,0.0029622393482888,5.3356566472025e-05,0.0028659999410574,0.002962828641338,-47.444093526714,0.14844996916504,0.046688321987883,0.00023913442275991,0.024890686234831,47.444091466515
101.5,0.0030183905693806,0.0030219505863948,0.0028532646210031,0.00016512594837757,0.0029610604913511,6.0890095043693e-05,0.002855312351565,0.0029614298941035,-47.352700257135,0.14875594596982,0.047049982453739,0.00022306023926927,0.02485012225678,47.352697431255
102,0.0030238009106142,0.0030275501947795,0.0028522834044215,0.00017151750619267,0.002962368904215,6.5181290564454e-05,0.0028537368037569,0.0029626569604939,-47.321239030407,0.14906177742894,0.047406009496566,0.000209815381017,0.024811754533521,47.321235157893
102.5,0.0030284735756846,0.0030324669798863,0.0028596798615723,0.00016879371411235,0.0029663122855565,6.6154694329754e-05,0.0028607578862118,0.0029665823919325,-47.345100790841,0.1493684131866,0.04775298044426,0.00019974620366577,0.02477964322745,47.345095495157
103,0.0030326383336401,0.0030369078751317,0.0028746852607901,0.00015795307284999,0.0029728858203771,6.4022054754518e-05,0.0028754590071893,0.0029731409053469,-47.416140204388,0.14967671074888,0.048087872644184,0.00019310422042027,0.024757493531846,47.416132986182
103.5,0.0030364772261335,0.0030409937102086,0.0028960310407984,0.00014044618533513,0.0029818309674779,5.9162742730697e-05,0.0028965196861122,0.0029820510777958,-47.523661993259,0.14998738897683,0.048408205863554,0.0001899348481273,0.024748648572823,47.523652231315
104,0.003039848442755,0.0030445187042431,0.0029221672193335,0.00011768122342152,0.002992824832191,5.1693872052065e-05,0.002922440907301,0.0029930103683318,-47.655866031446,0.1503009995333,0.048712400497698,0.00019001041926496,0.024755552116397,47.655853080112
104.5,0.0030429897126807,0.0030475929071247,0.0029515073652987,9.1482347382015e-05,0.0030053240244931,4.2268882631599e-05,0.0029517447883054,0.0030055133982927,-47.80122635471,0.1506179166142,0.048999920383631,0.00019265768170474,0.024780072969068,47.801209820722
105,0.0030460616777808,0.0030502862431596,0.0029825525531659,6.3509124614885e-05,0.0030186586945418,3.1627548617756e-05,0.0029830392576041,0.0030189220016888,-47.949316909691,0.15093833937738,0.049271169552628,0.00019677301185798,0.024823294796836,47.949297135264
105.5,0.0030492067421303,0.0030527514763246,0.0030139820477673,3.5224694363043e-05,0.0030323991142498,2.0352362074753e-05,0.0030150804211421,0.0030328412250936,-48.091274476281,0.15126230420576,0.049527574011071,0.00020096944438708,0.024885335716369,48.091253051199
106,0.0030523321884676,0.003054891263403,0.003044529774037,7.8024144305992e-06,0.0030460226626992,8.8686007038665e-06,0.0030465917830258,0.0030467555115893,-48.220023918817,0.15158970484182,0.049771385159093,0.00020383111930807,0.0249652631138,48.220003732537
106.5,0.0030556131174179,0.0030569028812914,0.0030731920622025,-1.7578944784546e-05,0.0030590448050339,-2.1419237424579e-06,0.0030765233829174,0.0030602179652689,-48.330279690868,0.15192031680941,0.050005277902014,0.00020421257628716,0.025061205767137,48.330263881593
107,0.0030595331924572,0.0030593506056389,0.0030998282357056,-4.029504324836e-05,0.0030717135257406,-1.2362920101699e-05,0.0031045556292939,0.0030734328561169,-48.418422160267,0.15225382287453,0.05023259326924,0.00020152270426914,0.025169883835465,48.41841175434
107.5,0.0030639925958487,0.0030622362749683,0.0031236939837376,-5.9701387888908e-05,0.0030835183549459,-2.1282079977586e-05,0.0031298208713712,0.0030859193908585,-48.482558039184,0.15258984108617,0.050457129137388,0.000195941908055,0.025286673224,48.48254908404
108,0.0030683805106956,0.0030650662554101,0.0031439693981511,-7.5588887455468e-05,0.0030937415675482,-2.8675312138187e-05,0.0031513550202429,0.0030969462840659,-48.522557774529,0.15292795511885,0.050682887552477,0.00018841223677217,0.025405963659431,48.522539580693
108.5,0.003072826315406,0.0030680846955783,0.0031611027393378,-8.8276423931792e-05,0.0031028449648754,-3.4760269297128e-05,0.0031691027775549,0.0031065471624192,-48.539682440002,0.15326774101066,0.05091405542378,0.00018046218068692,0.025521407650438,48.539638213895
109,0.0030773263331445,0.0030713725891423,0.0031752481425413,-9.7921809396811e-05,0.0031108971691978,-3.9524580055506e-05,0.0031829792641776,0.0031145552114476,-48.535910445947,0.15360878485168,0.051154740427141,0.00017407183846762,0.025626411685174,48.535820289972
109.5,0.0030807574532424,0.0030738851156984,0.0031874222019424,-0.00010666474869999,0.0031188141227454,-4.4929007046978e-05,0.0031929780787388,0.0031207982289851,-48.51339953335,0.15395069160351,0.051408469024426,0.00017099573303261,0.025715318011428,48.513244449461
110,0.0030848308427858,0.003077433213533,0.003195297504547,-0.00011046666176127,0.0031242925747868,-4.6859361253772e-05,0.003199207688101,0.003125295708986,-48.474231006309,0.15429308789312,0.051678168925857,0.00017343773669392,0.02578310535149,48.473995733141
110.5,0.0030878575535451,0.0030804016954742,0.0031989374368689,-0.00011107988332385,0.0031274567710183,-4.7055075544013e-05,0.0032018010234203,0.0031281088313963,-48.420263117544,0.15463562062522,0.051966047987121,0.00018196068422866,0.025826987919052,48.419935546446
111,0.0030901856607355,0.0030831862161792,0.003199085693095,-0.00010890003235948,0.0031291291495053,-4.5942933326074e-05,0.0032008943028929,0.0031293263480855,-48.352962420397,0.15497795286953,0.052273007523901,0.00019629789399377,0.025846057345454,48.352528468533
111.5,0.0030916909531418,0.0030856706298761,0.0031956138739554,-0.00010392292081353,0.003129322862347,-4.3652232470877e-05,0.0031966218482454,0.0031291239425579,-48.273284194123,0.15531975966647,0.052599152352494,0.00021556534861518,0.02584107247531,48.272719361382
112,0.0030930110922525,0.0030884262879406,0.0031885069992737,-9.5495907021214e-05,0.003128124974128,-3.9698686187358e-05,0.0031891328417623,0.0031276889124616,-48.18170544488,0.15566072674539,0.052943407104612,0.00023813649600386,0.025814645770317,48.180966150734
112.5,0.0030937508100868,0.0030909546811075,0.0031778793792479,-8.4128569161022e-05,0.0031256614331447,-3.4706752037181e-05,0.0031786135309065,0.0031251874784805,-48.078355593641,0.15600055324694,0.053303766410981,0.00026191226095797,0.025770632435746,48.077372756287
113,0.0030943060802922,0.0030935093402559,0.0031639588753418,-6.9652795049609e-05,0.0031219338561773,-2.8424515921357e-05,0.0031653120256986,0.0031216295618938,-47.963189890712,0.15633895806257,0.053677397626979,0.00028464875054289,0.0257139175791,47.961864520752
113.5,0.0030948006968441,0.0030961366087359,0.0031471032040485,-5.2302507204325e-05,0.0031170618637943,-2.0925255058383e-05,0.0031495645633729,0.0031171181665164,-47.836289730119,0.15667569011172,0.054060569992204,0.00030423739710892,0.025649926359102,47.834488299363
114,0.0030954168493062,0.0030989544105972,0.0031278219723449,-3.2405123038711e-05,0.0031113507081105,-1.2396297513287e-05,0.0031318281012182,0.0031119398366041,-47.698246499874,0.15701054213755,0.054449020151436,0.0003189194183483,0.025584282709325,47.695794311238
114.5,0.0030961284222409,0.0031018132879234,0.0031067279825648,-1.0599560323906e-05,0.0031049689939079,-3.1557059844614e-06,0.0031126608767342,0.003106281598226,-47.550424769898,0.15734336475046,0.054838322045948,0.00032752194052179,0.02552224577743,47.547097597326
115,0.003097036721619,0.0031047586156337,0.003084634545032,1.2402176587021e-05,0.0030982317910224,6.5268246112916e-06,0.0030926475279873,0.0031003375946725,-47.39511355145,0.15767407788943,0.055224060254713,0.00032940979877158,0.025468552821871,47.390629124803
115.5,0.0030981400802247,0.0031077902196872,0.0030623613977281,3.577868249652e-05,0.0030915403082534,1.6249911433764e-05,0.0030724197054551,0.0030944499879479,-47.235740529318,0.15800268084013,0.055602074781857,0.00032450854396595,0.02542720257189,47.229752194584
116,0.0030995338956707,0.0031109985177473,0.0030409000707534,5.863382491734e-05,0.0030854412605923,2.5557257155052e-05,0.0030527560055407,0.0030890859605212,-47.076909213887,0.15832926099931,0.055968748074784,0.0003132982569714,0.025401203999477,47.068996850844
116.5,0.0031012945193935,0.0031144415218004,0.0030212796190487,8.001490034481e-05,0.0030804513906613,3.3990131139133e-05,0.0030344932254734,0.0030846901884002,-46.924124430352,0.15865399993424,0.056321257251835,0.00029675273410669,0.025392389281577,46.91378070959
117,0.0031036010632013,0.003118248500802,0.0030045976174139,9.9003445787422e-05,0.0030770710842392,4.1177416562797e-05,0.0030185697513986,0.0030816959474937,-46.78337957739,0.15897717580835,0.056657684809794,0.00027624869821944,0.02540146570215,46.76997942267
117.5,0.0031063607359945,0.0031222604493564,0.0029919769599563,0.00011438377603818,0.0030757910006203,4.6469448736068e-05,0.0030060326727173,0.0030805684072098,-46.660923320381,0.15929916373852,0.056977283318369,0.00025347242962757,0.025427631456725,46.643680651093
118,0.003109738580027,0.003126523472568,0.0029844929732387,0.00012524560678826,0.0030768374618534,4.9686010714613e-05,0.0029979864284264,0.0030815580423574,-46.562997338518,0.15962043239282,0.057280551383667,0.00023029178672478,0.02546898768325,46.540935146515
118.5,0.0031137819668953,0.0031310315890661,0.0029830520669322,0.00013072989996304,0.0030802229006079,5.0808688458149e-05,0.0029954627791526,0.0030847372678783,-46.495200713861,0.15994153097169,0.057569110369144,0.00020859553855993,0.025522558129543,46.467166437403
119,0.0031183662674354,0.0031357364986662,0.0029882514541423,0.00013011481329312,0.0030860147875308,4.9721711135442e-05,0.0029992646329653,0.0030902641367086,-46.461601778508,0.16026306323235,0.057845565746659,0.00019012422930009,0.025584666744111,46.426352331964
119.5,0.0031234568537398,0.0031406914178176,0.0030002789138747,0.00012317793986516,0.0030942155863903,4.6475831427286e-05,0.0030098319715241,0.0030982511255658,-46.4639634173,0.16058565064352,0.058112980323349,0.00017628653077262,0.02565160423703,46.420316463899
120,0.0031288830425146,0.0031457967486965,0.0030188823469388,0.00011000069557581,0.0031046656227758,4.1131125920735e-05,0.003027169529316,0.0031086526742528,-46.501282118089,0.1609098891539,0.058375178856353,0.00016800901847127,0.025719408903017,46.448295004619
120.5,0.0031344665537023,0.0031509484953858,0.0030433674969472,9.1099056755104e-05,0.0031170885224931,3.3859972892618e-05,0.0030507979313328,0.0031212885244435,-46.569794745834,0.16123630591538,0.058636198678136,0.00016564822592818,0.025784444316584,46.506934407187
121,0.0031401293374105,0.0031561356080699,0.0030726275971577,6.7501740252777e-05,0.0031310989351594,2.5036672910432e-05,0.003079744314456,0.0031358293150559,-46.663489917273,0.16156532311805,0.058899940734294,0.0001689697849888,0.025843706346848,46.590763868972
121.5,0.0031457439358381,0.0031612720236477,0.0031052978870569,4.0446048781208e-05,0.0031462264254606,1.5045598187074e-05,0.0031126737025435,0.0031518035241411,-46.774740862499,0.16189723144137,0.059170248182449,0.00017721579064901,0.025894603332994,46.692799209851
122,0.0031511050791499,0.0031661778975746,0.0031397402301421,1.1364849007886e-05,0.0031618039339539,4.3739636206956e-06,0.0031478752825315,0.0031684840492506,-46.894648611035,0.1622321698725,0.059450642770401,0.00018924607057878,0.025935053222695,46.804866354469
122.5,0.0031561706452514,0.0031708321662588,0.0031741433739517,-1.7972728700255e-05,0.0031770664814299,-6.2343151711334e-06,0.0031833841703398,0.0031849969878907,-47.013261506992,0.16257011057942,0.059743857522627,0.00020370761378213,0.025963753383787,46.917789399731
123,0.003160715968037,0.0031750033818747,0.0032065502500039,-4.5834281966916e-05,0.0031911368144576,-1.613343258288e-05,0.0032170437208839,0.0032003256431538,-47.120112007161,0.16291085329336,0.060052102018526,0.00021920905948735,0.025979724066185,47.021855499831
123.5,0.0031646699345027,0.0031785747182097,0.0032351539162681,-7.0483981765344e-05,0.0032032286681501,-2.4653949940361e-05,0.0032468552460258,0.0032135505955319,-47.205032273059,0.16325403312275,0.060376713380324,0.00023447296313132,0.025982542102802,47.107556385009
124,0.0031679645696096,0.0031814259708447,0.0032582965708522,-9.0332001242634e-05,0.0032125954789698,-3.1169508125145e-05,0.0032710254676233,0.0032238343040677,-47.258879186724,0.16359914058819,0.060718181694639,0.0002484528149844,0.025972215931152,47.166293172239
124.5,0.0031707572333869,0.0031837144931299,0.0032747962150726,-0.00010403898168572,0.0032189099729315,-3.5195479801615e-05,0.003288281833966,0.0032307838326806,-47.274074736972,0.16394555091533,0.061075943048362,0.00026039033484578,0.025949385936701,47.1909446641
125,0.0031724914283852,0.0031849093704919,0.0032832438991198,-0.00011075247073467,0.0032214319972957,-3.6522626803795e-05,0.0032971536167132,0.0032336047785249,-47.245171107194,0.16429256105816,0.061448854404556,0.00026978944592603,0.025914930475707,47.176348988844
125.5,0.003172512040058,0.0031843858632915,0.0032827787025123,-0.00011026666245429,0.0032196298408726,-3.524397758113e-05,0.0032967398403327,0.0032317235580403,-47.169511412179,0.16463943305436,0.061835160936942,0.00027639695051348,0.025870002305335,47.119663324639
126,0.0031717322331149,0.00318306033018,0.0032742040596923,-0.00010247182657732,0.0032141974635149,-3.1137133334922e-05,0.0032878629001896,0.0032258506675607,-47.047804331562,0.16498544116304,0.062232543885895,0.00028018821920694,0.025816236442118,47.020574201054
126.5,0.0031636957668185,0.0031744943647559,0.0032515460342191,-8.785026740059e-05,0.0031988342721629,-2.4339907407015e-05,0.0032644575298668,0.0032095952175347,-46.88428918998,0.16532991937085,0.062638016052987,0.00028128428204375,0.025755653410293,46.881454595383
127,0.0031352758030928,0.003145510032895,0.0032030145244389,-6.773872134608e-05,0.0031611517521652,-1.5641719270168e-05,0.0032138084581335,0.0031696457137877,-46.686155059191,0.16567230388526,0.063048276199943,0.00027985998228773,0.025690636369155,46.70737613829
127.5,0.003138722577733,0.0031481010000124,0.0031842419699862,-4.551939225326e-05,0.003155135112122,-7.034112109619e-06,0.0031906556673732,0.0031590931458986,-46.46230108716,0.16601216489152,0.063459824328991,0.00027567546764564,0.025623354001043,46.505804479023
128,0.0031742891268698,0.0031824161635561,0.0031953604534537,-2.1071326583866e-05,0.0031785430482819,3.8731152742273e-06,0.0032024594800935,0.0031830100007975,-46.221936340971,0.16634922507634,0.063867789403223,0.0002689236955254,0.025556283417767,46.286061817944
128.5,0.0031802136975573,0.0031879454011072,0.0031769393311804,3.2743663769756e-06,0.0031743335305135,1.3611870593716e-05,0.0031869673742022,0.003181523101767,-45.972990937713,0.16668336323462,0.064271213915847,0.00026745080431336,0.02548937059197,46.058782671982
129,0.0032004368189029,0.0032088866956622,0.0031679907532333,3.2446065669576e-05,0.0031852801437742,2.3606551888064e-05,0.0031794511690938,0.0031937512079216,-45.720300678326,0.16701459951431,0.064668407660146,0.00026712773634146,0.025424866077375,45.835183225225
129.5,0.0031958227056727,0.0032040658259346,0.003151122467841,4.4700237831667e-05,0.0031894218484471,1.4643977487502e-05,0.0031563092026119,0.0031916635168032,-45.467279103917,0.16734308006607,0.065057460417441,0.00026624481532644,0.025365075687262,45.626046350573
130,0.0031947242109488,0.0032018670238154,0.0031278099039979,6.6914306950945e-05,0.003182887360161,1.8979663654402e-05,0.00313297991107,0.0031853293127725,-45.226373418488,0.16766911518096,0.065436798422904,0.00026705110532687,0.025311798702681,45.441015959542
130.5,0.0031883932158369,0.0031946603292039,0.0031048676694401,8.3525546396811e-05,0.0031715792651578,2.3081064046102e-05,0.003110425432296,0.0031746137559666,-45.02996077579,0.1679932816395,0.06580538973777,0.00026852864903032,0.025266529118255,45.28864175257
131,0.003267059142658,0.0032722284911479,0.0031749956173612,9.2063525296798e-05,0.0032461140814414,2.6114409706519e-05,0.0031790247571863,0.0032476298918358,-44.918145121968,0.1683164562997,0.066162836637916,0.00027027836752133,0.025230761044124,45.17611858212
131.5,0.003257998514304,0.0032620085036363,0.0031670877754222,9.0910738881736e-05,0.0032343684388608,2.7640064775552e-05,0.0031714142362903,0.0032359089062503,-44.903012037895,0.16863962955403,0.066509386467569,0.00027217699206573,0.025205442773268,45.106918064536
132,0.0031923417718438,0.0031960537416407,0.0031109185393132,8.14232325306e-05,0.0031691388224291,2.6914919211622e-05,0.0031162116205951,0.0031711099251094,-44.95285501155,0.16896359856827,0.066845946911571,0.00027384383306145,0.02519103537725,45.076901339226
132.5,0.0032207431169084,0.0032252077317945,0.0031536496753989,6.7093441509511e-05,0.003201432592658,2.3775139136507e-05,0.0031595887750875,0.0032033680321592,-45.023680528867,0.16928882870193,0.067173823960164,0.00027465527539325,0.02518747053936,45.073540858551
133,0.0031905694461756,0.0031964458042748,0.0031387041701439,5.1865276031716e-05,0.0031766070698397,1.9838734435131e-05,0.0031459113246195,0.0031791360847821,-45.097169743428,0.16961556705399,0.067495121882013,0.00027396833966543,0.025193628470063,45.082150658439
133.5,0.0031623102288004,0.0031698688931694,0.0031289157265775,3.3394502222802e-05,0.003157537272113,1.2331621056378e-05,0.0031374848995439,0.0031608678377367,-45.178132482503,0.16994400048725,0.067812105195762,0.00027130254246132,0.025207869772126,45.095020427733
134,0.003177596802508,0.0031868757920386,0.0031639478074043,1.3648995103736e-05,0.003183022765225,3.853026813611e-06,0.0031734498268845,0.0031868849323435,-45.269088434859,0.17027428952799,0.068127402922411,0.00026640682858299,0.025227822642498,45.113600195747
134.5,0.003172654166044,0.0031836400318709,0.0031792403192609,-6.5861532168495e-06,0.0031877871135503,-4.1470816794821e-06,0.0031893225269085,0.0031919933312955,-45.360936081297,0.17060651064448,0.068443651513598,0.00025962586449178,0.025250388166699,45.140717646666
135,0.0031685114453216,0.0031813310925335,0.0031940309235675,-2.5519478245925e-05,0.0031914423563832,-1.011126384972e-05,0.0032043627017651,0.0031958084762978,-45.43928019023,0.17094058843836,0.068763379898077,0.00025184843224861,0.02527199111077,45.171847767901
135.5,0.0031640730148018,0.0031790083648967,0.0032057959835304,-4.1722968728689e-05,0.0031930182029717,-1.4009838074988e-05,0.0032161413776145,0.0031974305105176,-45.488772401825,0.17127625367987,0.069089115285054,0.00024421260830515,0.025288752861645,45.194917575821
136,0.0031597906730702,0.0031770931221855,0.0032130497864227,-5.3259113352595e-05,0.0031928892708631,-1.5796148677585e-05,0.0032231646065289,0.0031972222584367,-45.494617183523,0.17161305001079,0.069422692025559,0.00023781979601129,0.02529739327016,45.197148395434
136.5,0.0031557923912211,0.0031754308247935,0.003214554647485,-5.8762256263876e-05,0.003190951454319,-1.5520629525441e-05,0.0032242574143106,0.0031951560838301,-45.44627435224,0.17195039530024,0.069765622928046,0.00023355287394102,0.025295076298156,45.170858765667
137,0.0031514798341375,0.0031730758981671,0.0032096086325819,-5.8128798444448e-05,0.0031866234365765,-1.3547538409423e-05,0.0032186512803512,0.0031905842168959,-45.341401710713,0.17228766942754,0.070118535167067,0.0002319780841974,0.025280115666104,45.114108038866
137.5,0.0031483698133463,0.00317139075347,0.0032002244288299,-5.185461548363e-05,0.0031813593116741,-9.9685582041703e-06,0.0032081372843214,0.0031847197891659,-45.186524571127,0.17262429076892,0.070481362728767,0.00023327377699512,0.025251925282044,45.028103313591
138,0.0031453047932468,0.0031692866197626,0.0031859010929245,-4.0596299677763e-05,0.0031738315711706,-4.5449514080553e-06,0.003192388178142,0.0031763783360125,-44.993612342627,0.17295975856033,0.070853295433395,0.00023731359058515,0.025211001617974,44.914875238866
138.5,0.003143222299676,0.0031679094245889,0.0031685523322623,-2.5330032586235e-05,0.0031654559278919,2.4534966970227e-06,0.0031735513091581,0.0031671618708732,-44.774723760838,0.17329366123289,0.071233135809893,0.00024370561655649,0.025158596659266,44.776973417514
139,0.0031417380788853,0.0031670167786686,0.003149322353389,-7.5842745036831e-06,0.0031572997389006,9.7170397679464e-06,0.0031531595688034,0.0031584671107899,-44.539145044123,0.1736256730748,0.071619370460079,0.00025181303645136,0.025096572224654,44.618424186196
139.5,0.0031403332318228,0.0031659971559108,0.0031288581770676,1.1475054755212e-05,0.003149629486277,1.6367669633784e-05,0.0031320877667912,0.0031507311300311,-44.295198205334,0.17395556448526,0.072010092859142,0.00026068494943732,0.025027702993062,44.445124469715
140,0.0031376707546845,0.00316339345621,0.0031074058401266,3.0264914557832e-05,0.00314190174028,2.1491715930018e-05,0.0031105830221831,0.0031433612930634,-44.053722623546,0.17428323123621,0.072403210421392,0.00026918779019807,0.024955045014148,44.264291637059
140.5,0.0031340560818346,0.0031594073464052,0.0030857656095799,4.8290472254632e-05,0.0031337669916567,2.564035474846e-05,0.0030893910463245,0.0031359148705975,-43.828882861741,0.17460872767911,0.072796981656607,0.00027618241877169,0.024881444377219,44.084105900997
141,0.0031280034353079,0.0031524401734527,0.003064455825266,6.3547610041913e-05,0.0031241400338381,2.8300139614622e-05,0.0030688987832218,0.0031271643473909,-43.635419175143,0.17493228266489,0.073189804964162,0.00028071671600188,0.024809530887479,43.913734587038
141.5,0.0031210591330611,0.0031440779144596,0.0030462887118897,7.4770421171433e-05,0.0031143054542839,2.977246017572e-05,0.0030517224393985,0.0031182290950899,-43.484732645701,0.17525428369042,0.073578994834462,0.00028212447332342,0.024742875965005,43.762548649786
142,0.003114582326203,0.0031358375100519,0.0030334355980633,8.1146728139634e-05,0.0031054914856869,3.0346024365009e-05,0.0030399503957747,0.0031103200195653,-43.38244281733,0.17557523032504,0.073962345378098,0.00028006530292294,0.024684407652407,43.638260015613
142.5,0.0031071246426322,0.0031264380210087,0.0030249703311202,8.2154311511944e-05,0.0030966004758057,2.9837545202996e-05,0.0030324674677207,0.0031022282353513,-43.328377927612,0.1758956728865,0.074337446833871,0.00027455556532013,0.024636811787153,43.545273206218
143,0.003093574645362,0.0031108258613682,0.0030154502247177,7.8124420644286e-05,0.0030824786431411,2.8347218227057e-05,0.0030236244139598,0.0030886605252489,-43.318236917126,0.17621615464068,0.074702514423914,0.00026595579502716,0.024602012408656,43.484205192566
143.5,0.0030673288307493,0.0030824233914625,0.0029976624240672,6.9666406682137e-05,0.0030565443732619,2.5879018200596e-05,0.0030061895251305,0.0030630549330864,-43.345523137556,0.17653716772362,0.075056333658155,0.00025493517545919,0.024580964517131,43.452350211519
144,0.0030268500835566,0.0030397451557327,0.0029703764619751,5.6473621581515e-05,0.0030185612310507,2.1183924682012e-05,0.0029789303871093,0.003025174672392,-43.402720070914,0.17685912481585,0.07539846764746,0.00024232665506378,0.024573614269334,43.44465057114
144.5,0.0029836293227476,0.0029942697916928,0.0029415403531016,4.2088969646061e-05,0.0029773850625026,1.6884729190187e-05,0.0029499056944866,0.0029839577605906,-43.481371435134,0.17718234263619,0.075729782649793,0.00022928345355494,0.02457824615961,43.454897069867
145,0.0029111234973493,0.0029195061819295,0.0028837742012105,2.7349296138798e-05,0.0029064398551923,1.3066326737163e-05,0.0028916338339687,0.0029126817178258,-43.571518231004,0.1775070310631,0.076050525890568,0.00021682780011702,0.024593733264224,43.476823819519
145.5,0.0030195750774847,0.0030258414072624,0.0030129052669916,6.6698104931377e-06,0.0030224441160937,3.3972911686552e-06,0.0030221301100846,0.0030301996367115,-43.66156561197,0.17783328679378,0.076364285226017,0.00020627155102922,0.024615459959693,43.504882298755
146,0.0031467192212806,0.003151076643218,0.0031538970768566,-7.1778555759976e-06,0.0031511221421827,-4.5498964631638e-08,0.0031646767492192,0.0031604926321518,-43.739247396259,0.17816109575167,0.07667308679455,0.00019891722242325,0.024640364412926,43.534611330679
146.5,0.0031478245921282,0.0031505410804683,0.0031782248845724,-3.0400292444205e-05,0.0031646873773494,-1.4146296881075e-05,0.0031807392643721,0.0031657064495236,-43.793316172963,0.1784903452704,0.076977155654696,0.00019492942042167,0.0246676261949,43.562449540552
147,0.0031466809279072,0.0031480853619646,0.0031861700542077,-3.9489126300435e-05,0.0031639718312617,-1.588646929706e-05,0.0031916182323543,0.0031676663274454,-43.815328048908,0.17882084254175,0.077278096140138,0.00019534784164283,0.024695304606448,43.585128882184
147.5,0.0031232081536388,0.0031236340887676,0.0031671399547232,-4.3931801084334e-05,0.0031384224516597,-1.4788362892088e-05,0.0031738360284082,0.0031429480232604,-43.801221275965,0.17915233740466,0.077577365551672,0.00019973723111471,0.024721935512157,43.599195679756
148,0.0031414267703971,0.0031412434095287,0.0031882088345281,-4.6782064130994e-05,0.0031550081261718,-1.3764716643096e-05,0.0031950571283626,0.0031591544795691,-43.752086280743,0.17948454800968,0.077876764838775,0.0002074633860918,0.024746049971384,43.60097676253
148.5,0.0030976957811999,0.0030973065843506,0.0031455241498079,-4.7828368607949e-05,0.0031098334459432,-1.2526861592564e-05,0.0031525907156851,0.0031136150374048,-43.673096477888,0.1798171825317,0.07817827334572,0.00021783121194339,0.024766240264437,43.58684738732
149,0.0030884630013338,0.0030883361037611,0.0031341734388481,-4.5710437514356e-05,0.0030980638443367,-9.7277405755672e-06,0.0031414125792736,0.0031014464875406,-43.57054448552,0.18014994835718,0.07848400374563,0.00022986503898869,0.024781172755598,43.553582546922
149.5,0.0030849381943603,0.0030856358487265,0.003128095761354,-4.3157566993675e-05,0.0030938507846091,-8.214935882535e-06,0.0031355581669639,0.0030969473270728,-43.448981656199,0.18048254970365,0.078796405919656,0.00024243493916769,0.024789285039599,43.498652592712
150,0.0030863986234904,0.003088481991112,0.0031246129268595,-3.8214303369084e-05,0.0030946433450893,-6.1613539773055e-06,0.0031322467645812,0.0030974975505389,-43.31104128567,0.18081468771305,0.079116680731011,0.0002543957776079,0.02479019704785,43.420440647256
