time,Fx_left_arc,Fx_left_platen_right,Fy,external_work,fracture_energy,impactor_disp,kinetic_energy,max_d,strain_energy
0,0,0,0,0,0,0,0,0,0
1e-06,2.0340374228437,9.3297483516675e-14,-5.4259537602615e-14,0.00011503571545984,0,0.0002467198171342,1.3790137424378e-05,0,0.00032866374613403
2e-06,12.068408686582,-1.2627637356501e-12,-4.0104875620283e-14,0.0030884895246465,0,0.00098663578586422,0.00038049313097623,0,0.0077542962829468
3e-06,29.185297943179,-7.6029725892623e-13,-2.0760170908854e-13,0.015415512994385,0,0.00221901769846,0.0020373099006429,0,0.035692822472138
4e-06,47.89676407556,4.923716450216e-12,-3.7745765288648e-13,0.04633784142084,3.7671120305128e-07,0.0039426493427611,0.0060013650239905,0,0.10317110923849
5e-06,72.714889809301,-2.8780455963159e-12,-1.2833560198233e-12,0.10760840335379,2.5793033127719e-06,0.0061558297024311,0.013469876163692,0.00051160010096922,0.2341739955991
6e-06,100.16167319195,1.0268942342897e-11,3.2461358148359e-12,0.21328196344401,8.9288294137119e-06,0.0088563746356556,0.025803016352665,0.0023394759287924,0.45722182619136
7e-06,131.62293624826,1.0081495272494e-11,-5.2089156098448e-12,0.37954300828193,2.3746414967471e-05,0.012041619030626,0.044461402925629,0.0055301300119196,0.80500483288953
8e-06,166.15270899859,1.5642284142945e-11,1.0719797342011e-11,0.6245217144051,5.0624733323564e-05,0.015708419435684,0.071016566498225,0.010706272365653,1.31397848382
9e-06,204.16323420729,-1.8760787517994e-11,-1.8268950399791e-11,0.96811212562657,9.6432107769734e-05,0.019853157161528,0.1071352641514,0.018146631414914,2.0239871741524
1e-05,245.45980167439,3.8667100089058e-11,1.8117967338632e-11,1.4317755207908,0.00017045518041225,0.024471741852423,0.15456172538979,0.028329037081593,2.9777650582516
1.1e-05,289.92095953359,-5.4838323202268e-11,6.0393224461915e-12,2.0383284709626,0.00028338038786323,0.029559615522887,0.2151052522746,0.0416385112878,4.2203971862896
1.2e-05,336.97258051505,1.1370524034471e-12,-7.8511191800503e-12,2.8116702883414,0.00045316383418925,0.035111757055874,0.29061737385425,0.058418234420457,5.7984987888511
1.3e-05,386.56488558998,3.4946036126332e-11,-3.6235934677216e-12,3.7765207595538,0.00069995975523599,0.041122687158009,0.38300459725134,0.079162888816973,7.7598005549025
1.4e-05,443.61892757622,6.312405700433e-11,-1.6054897143058e-26,6.3247645269444,0.001029502535081,0.04758647376699,1.9493006206479,0.10417451115951,10.148325446142
1.5e-05,503.30033973855,1.0307587765089e-10,2.4132832812521e-26,9.3387613321317,0.0014919458912326,0.054496737905816,2.4849901300796,0.13293308788456,13.016395934587
1.6e-05,564.574914508,-1.7009211182603e-11,4.6968147208135e-25,12.878645256601,0.0020896139506078,0.061846659978068,3.1138176492003,0.16642631997093,16.404491761006
1.7e-05,627.38509454718,-9.6509418222321e-11,9.7238150621163e-26,17.003642790319,0.0028665785066514,0.069628986498028,3.8440207533825,0.20377819721663,20.354334806717
1.8e-05,665.41484363335,-1.6606983443192e-11,-2.4157289784717e-11,19.299702840236,0.0030934359654664,0.077836037248993,1.1729791821346,0.24516824597644,24.908753799628
1.9e-05,748.81366022088,-1.6424169559459e-10,-1.0097419586829e-27,24.902690662151,0.0035528760223584,0.086459712862719,5.6545540832099,0.24832055384995,30.221677383886
2e-05,822.71203351201,3.3880709649786e-11,1.4984570666854e-25,31.224558505798,0.0042505089499552,0.095491502812526,6.8530242836379,0.25850422234288,36.264020695476
2.1e-05,897.15998271507,3.5636691949387e-11,5.1976467323202e-26,38.312268542466,0.0051233823652629,0.10492249381215,8.2378371327829,0.27387434760502,43.052785283385
2.2e-05,973.16975257795,-1.5402618901775e-10,-3.9445569615947e-25,46.211500412566,0.0062033071630023,0.11474337861211,9.8259592648019,0.28346726743774,50.620227068279
2.3e-05,1034.148261205,-2.5143037411753e-11,2.7374104499893e-25,55.064458253451,0.0072094077621633,0.12494446518477,11.598305338438,0.28567690912126,58.976799248763
2.4e-05,1121.1928307267,1.5486495547163e-10,2.738420191948e-25,64.78118906636,0.0082331250663648,0.13551568628929,13.73321206327,0.28363572119839,68.231203423966
2.5e-05,1206.6268272042,3.3159982835329e-10,-3.362440722414e-26,75.39925166283,0.0095269531472075,0.14644660940673,16.209462241367,0.28513007178487,78.405916325688
2.6e-05,1270.8411983488,1.751934984131e-10,2.881803550081e-25,87.051861564594,0.011097978859708,0.15772644703566,18.980669132285,0.2876299529766,89.439938138661
2.7e-05,1366.9791597981,3.9845789192155e-11,-2.3910689581611e-25,99.611159173364,0.012206498248195,0.16934406733817,22.241529034754,0.29163010285359,101.32934267489
2.8e-05,1461.1335017926,3.0082587852419e-11,-2.8878620018331e-26,113.12195949533,0.013765254002676,0.18128800512566,25.998562963476,0.28981428674366,114.29787038343
2.9e-05,1551.1939937224,-2.5521761939768e-10,-4.4125723594443e-26,127.59051370545,0.015649275500094,0.19354647317351,30.287242260409,0.28982231838634,128.14523818
3e-05,1631.7880634196,-1.4076041318446e-10,1.7173691233279e-24,143.0760677303,0.017819198647156,0.20610737385376,35.091027982244,0.28932163778879,142.84653622759
3.1e-05,1730.8845875223,-2.1237740666877e-10,1.8680226235634e-26,159.50480251303,0.022606122403874,0.21895831107393,40.622494186237,0.28789197473181,158.53709418511
3.2e-05,1822.472410455,5.9244350903985e-11,-1.7670484276951e-26,176.83300470375,0.030757653927328,0.2320866025105,46.858667096786,0.28655589816082,174.82235737418
3.3e-05,1872.4724286701,1.4052069079996e-10,5.371827220193e-25,195.2801608674,0.042598102462123,0.24547929212481,53.657770907136,0.28562765709572,191.58506369223
3.4e-05,1988.6217382898,6.221967012137e-12,-8.8857292364095e-27,214.30692342155,0.060746020541353,0.25912316294914,61.547296986948,0.28280265006431,208.95383106277
3.5e-05,2063.4738561587,-2.891870311337e-11,4.2813059048155e-26,234.04680687745,0.085746084757089,0.27300475013023,70.099816497275,0.28068560001877,226.42545913209
3.6e-05,2094.4943970838,9.6125934165329e-11,-1.3752685477261e-25,254.67410416104,0.1169073919112,0.28711035421746,79.214342059238,0.27883253273207,243.95583772497
3.7e-05,2166.0224923569,-1.2735738752607e-10,4.3620852615101e-25,275.81060878236,0.15514343952805,0.30142605468261,89.303739502127,0.27543025274048,261.69823301688
3.8e-05,2241.5305907605,-2.6382030577576e-10,7.7144285643373e-26,297.31807193256,0.19956277180716,0.31593772365766,100.21005756149,0.27310470242706,279.29679227904
3.9e-05,2284.3627525246,-2.067562803527e-10,-3.5139020162165e-26,319.28647434833,0.24963755981763,0.33063103987735,111.61538622154,0.26984067544861,296.79161854442
4e-05,2314.3713245774,-7.3736915210468e-11,3.1100052327433e-25,341.71473744852,0.3039248016427,0.34549150281253,123.49129951114,0.2676333891813,314.20635769492
4.1e-05,2349.6332618674,3.827821644001e-10,9.3542495052383e-25,364.53154879844,0.3620679197783,0.36050444698039,135.93985040105,0.26416031386838,331.61984950645
4.2e-05,2385.4685628766,4.1720298820456e-10,2.1325750167383e-25,387.71455836143,0.42340437717182,0.37565505641757,148.84810459936,0.26130892271732,349.18435716571
4.3e-05,2404.4740175161,5.6901325913934e-10,4.7659820449833e-26,411.243617081,0.48727758316348,0.39092837930173,162.11205772262,0.25807515142837,366.36584927864
4.4e-05,2439.6953773243,5.1201549168683e-10,3.8774091213423e-26,435.11114477881,0.55410329583615,0.40630934270714,175.64682691493,0.2804722654409,384.00680568147
4.5e-05,2441.9880458135,4.603269526052e-10,-3.3820205699039e-11,446.91103981177,0.62298744664913,0.42178276747988,47.315806698057,0.31982385604866,400.65163259286
4.51e-05,2412.9796233476,-7.7802278923318e-10,-8.3283516752165e-25,449.17015122204,0.62977811391904,0.42333460813152,196.81130545657,0.31819147974045,395.25776065766
4.52e-05,2466.0403174473,-1.0303406488753e-09,-6.8258556406964e-26,451.48702748311,0.63736704242135,0.42488720543962,198.19784794791,0.32060927804385,397.07769484816
4.53e-05,2408.7459146136,5.4921976368064e-10,-1.9084123019107e-26,453.96787536873,0.64476363716137,0.42644054408068,199.59770636798,0.32338954476927,398.31161051953
4.54e-05,2428.5661706211,4.7740088795818e-11,-1.3045866106183e-25,456.34426325795,0.65163238652888,0.42799460872387,200.99037188347,0.32424823842007,399.69862766315
4.55e-05,2446.8466582354,-1.5510753513835e-11,-2.5203159288725e-25,458.56087016492,0.65934738983393,0.42954938403121,202.37707741025,0.32506067322441,401.2157744924
4.56e-05,2377.9630321291,-6.6317114973298e-10,-3.9824222850453e-25,460.97990977184,0.66699651927069,0.43110485465768,203.73223246915,0.32693243239727,402.66744104403
4.57e-05,2422.5888772376,-6.8890341707278e-10,-5.7353343253188e-26,463.47237942706,0.67403531211803,0.43266100525142,205.09795129346,0.32860743545516,403.90585062215
4.58e-05,2401.6916216703,3.1638121940209e-10,1.7751263633645e-25,465.72317285092,0.6818532213115,0.43421782045386,206.45714767079,0.32990061061282,405.22947877476
4.59e-05,2325.2154648467,7.9323559204511e-10,2.3789520546569e-25,468.01169624687,0.69000522773621,0.43577528489985,207.73836932027,0.33150028730433,406.41045067065
4.6e-05,2355.3297364314,-5.8394872801069e-10,-2.9888361977014e-26,470.51023493798,0.69664982072473,0.43733338321785,209.00630739313,0.33334516118096,407.24364042612
4.61e-05,2381.355302678,5.8432918432304e-10,-1.6785950321144e-24,472.88439059325,0.70492415359788,0.43889210003006,210.31111413997,0.33508456444948,409.15346517081
4.62e-05,2269.2637240923,4.7984003794719e-10,2.7464981276175e-25,475.1022416945,0.71417004438332,0.44045141995257,211.54113926717,0.33662298234524,409.80058351191
4.63e-05,2299.8372124802,-2.0142325420783e-10,7.0883885499539e-26,477.48689141367,0.7213349307234,0.44201132759552,212.72598358594,0.33786740105594,409.91889792181
4.635e-05,2360.0166228276,2.527742044725e-10,-7.2701421025168e-27,478.71359884112,0.72546540578818,0.44279149700124,213.87727556372,0.33885325647299,410.953455244
4.6375e-05,2324.4611846405,9.726713216303e-10,-3.4654344021997e-25,479.31211412296,0.7284828690792,0.44318163475804,214.71517742599,0.33932365482362,411.54051353415
4.6425e-05,2286.6650704997,-2.0427994557908e-10,-6.5431278922652e-26,480.86264470726,0.73382440997447,0.44396201517622,215.0364536816,0.33957719428556,411.28947050773
4.6525e-05,2214.7509758991,-2.4951076932177e-10,2.1810426307551e-25,483.48659753909,0.74229635414821,0.44552318889121,215.5564523048,0.3841265461734,410.93458122698
4.6625e-05,2223.5829350854,3.1662321691969e-11,3.2937782692236e-25,485.84710285509,0.75139740919476,0.44708490027033,216.71346450167,0.4238833721325,411.75702262978
4.6725e-05,2221.6345358648,5.9782101263942e-11,1.3368983532962e-25,488.36711182195,0.76038113385673,0.44864713390012,217.87398462421,0.4283401443693,412.98211982835
4.6825e-05,2131.1322609816,1.8813355954052e-10,-2.9444075515193e-25,490.68721519289,0.7693704884637,0.45020987436196,218.97429670301,0.47681060730786,412.68019994847
4.6925e-05,2171.1718300584,-5.197399634444e-10,-6.4946602782484e-25,492.90337077367,0.78030731318893,0.45177310623225,220.02094996415,0.51830425293016,413.36276321692
4.7025e-05,2140.1394105942,-7.2474424302567e-10,1.2359241574279e-25,495.30587982107,0.78835249801924,0.45333681408251,221.11049729936,0.50598708180678,413.29415732986
4.7125e-05,2147.6273456025,8.3104105911773e-11,1.3425529082648e-24,497.66198162919,0.79512059408349,0.45490098247957,222.20554584481,0.5274515677088,414.32691522611
4.7225e-05,2207.4181643117,4.8734073626862e-10,-2.738420191948e-25,499.97975069945,0.80715959770179,0.45646559598573,223.35303422935,0.56546595987944,416.6483808305
4.7325e-05,2099.4675558028,-2.6881857952915e-10,2.6172511569061e-25,502.32172285154,0.81415052437159,0.45803063915888,224.51418573015,0.57348560059893,415.47291363123
4.7375e-05,2159.0092725926,-1.2869885326671e-09,5.9574775562291e-26,505.36612792087,0.81622255952676,0.45881331704376,225.76562426304,0.57353431230741,420.71526992832
4.7475e-05,2164.2145179373,2.1137651788579e-10,-8.8271642028059e-25,511.50371139895,0.82903108437307,0.46037897575422,226.47918373208,0.53781241808644,421.24998407537
4.7525e-05,2118.182222335,-4.8145601145114e-11,-7.9890783770991e-25,509.40356527687,0.82793811387338,0.46116195271669,227.54638077886,0.62492917022231,418.68770546285
4.7625e-05,2193.1363686315,-1.1505018815816e-09,1.2127000923782e-24,518.99900751473,0.84586640933259,0.46272819219656,228.56574758283,0.58061243133166,426.45902590774
4.7675e-05,2228.7807352399,-7.3709102148884e-10,0,517.12009394078,0.84271924455823,0.4635114508494,229.56702592729,0.5936691059901,427.43100102535
4.77e-05,2190.8657470344,-5.1007078087788e-10,4.3620852615101e-26,519.87857181555,0.83962801507786,0.46390311405857,234.90358966522,0.49153491446998,428.31075626397
4.77125e-05,2226.2046183557,-1.3829594769519e-09,2.1689257272509e-25,522.46167648551,0.84346093259105,0.46409895402815,235.12545604031,0.45409908953385,431.88457287198
4.77375e-05,2232.9516686029,-8.0907810881505e-10,1.4140426389395e-24,525.371026098,0.84700028556974,0.46449065054627,232.73241475061,0.53176217632618,430.57802181477
4.77875e-05,2363.3347342452,-2.6233397343817e-10,4.4024749398574e-26,529.13833626297,0.84550092677909,0.46527410905274,231.39242820643,0.54997679091579,430.39611435427
4.78875e-05,2301.3444665789,-3.6305236484051e-10,-1.1450473811464e-25,537.00945031044,0.85629986127384,0.46684128118042,231.42220955923,0.52440760077648,433.93411373187
4.79875e-05,2202.8055450482,3.1158018221295e-10,-3.6350710512584e-27,537.81242756016,0.86237425294031,0.46840878057127,232.3465322928,0.66548933533251,430.05608322091
4.80375e-05,2330.7002864897,6.6517020941724e-10,1.0905213153775e-26,543.74947498172,0.86623239049999,0.46919264815595,234.26745172528,0.59608674886389,439.4348918052
4.80625e-05,2506.401194538,1.1830175658659e-09,6.8864401582173e-26,543.95862910068,0.86236830496298,0.46958461057445,237.32122954326,0.4992809870869,442.39659469679
4.8075e-05,2605.2962405703,-1.0263738188358e-10,-6.3737121242599e-25,544.52308228346,0.86223559504469,0.46978059883447,239.51894395332,0.49253981639277,442.70643166418
4.81e-05,2581.7408192556,-1.1713507991487e-10,-2.2254712769371e-25,548.19952969657,0.86488688428937,0.47017258930492,238.18446243227,0.45711671516156,444.9785115641
4.81125e-05,2438.9379702933,8.7977157822418e-10,4.7377092701401e-25,549.15997728709,0.86559975169912,0.47036859145489,238.80203764939,0.52286546334477,443.95648649901
4.81375e-05,2393.814883479,7.8711448502916e-10,1.3579009860368e-24,550.16506784031,0.86221201590052,0.47076060943323,238.58407359903,0.55212704903607,443.17400061843
4.81875e-05,2409.4166129703,7.532641087813e-10,2.1002632740604e-26,555.75179185554,0.86726524356009,0.47154469925705,237.00384171424,0.51182324448015,445.09220477603
4.82875e-05,2407.9938209438,2.9886702128234e-10,-1.7012132519889e-24,563.54325691955,0.87562849713124,0.47311308760172,236.42932523331,0.46951308345388,447.35182730936
4.83875e-05,2419.7957793385,-3.2358103821746e-10,8.7282094908549e-25,564.93294248051,0.881604255058,0.47468174130937,237.61475455451,0.57684122572655,446.24572110243
4.84375e-05,2188.8986397164,-1.631814633763e-10,-9.208846663188e-26,571.81073430429,0.88649978259345,0.47546616283629,239.74593922032,0.55992065600289,451.12645998682
4.85375e-05,2216.3989219958,1.1157838230602e-10,9.4774380241977e-25,577.61634646701,0.89685474151652,0.47703518555891,239.69843822666,0.53109209721625,450.76733572594
4.85875e-05,2763.9140062254,3.372025929533e-10,-1.9185097214975e-27,580.42682529306,0.89502450477237,0.4778197828832,240.87430207846,0.60905579652166,457.41537589767
4.86125e-05,2610.40017669,4.3779398916035e-10,2.2618219874497e-26,581.10083954977,0.89284249129093,0.47821210218915,245.77586238732,0.41952233112588,459.95166123177
4.8625e-05,2518.570923707,-1.1077974214792e-09,2.5647445750546e-25,582.78069110877,0.89497830087344,0.47840826689721,247.63012945726,0.41138590925961,462.35309466167
4.865e-05,2494.78804179,-2.5595430798457e-10,-8.0779356694632e-26,586.82963390615,0.90091244864239,0.47880060627221,245.40528148749,0.42542511634138,464.40430037502
4.87e-05,2522.1877743864,3.0173887819616e-10,-6.0584517520974e-26,590.85605290826,0.90348075894061,0.47958532401075,242.93546640331,0.53613977358551,460.41167525981
4.8725e-05,2649.7428241238,-8.7802533297198e-10,-4.0793575130789e-26,592.77890787654,0.90027160903279,0.47997770189023,247.21457872395,0.3608845473956,464.65686986714
4.87375e-05,2698.1950150235,-9.1368015385623e-10,-6.5835175706125e-26,593.99980607041,0.90238824507564,0.48017389547663,248.30419139918,0.35459770299301,466.43619307012
4.87625e-05,2674.3134770007,-2.9575101065642e-10,3.4815902735386e-25,597.57324466665,0.90678860828297,0.48056629179148,246.64651073495,0.41282950078095,466.98761579186
4.88125e-05,2499.7053783664,-5.017667714302e-10,1.6963664905873e-26,600.98053747262,0.90661109984383,0.48135112014219,244.89381544841,0.42106747979162,464.38237249096
4.88375e-05,2609.6415918683,1.2580282091555e-11,9.1280673064934e-26,602.04566775688,0.9102668297139,0.48174355169393,248.90309255671,0.40276513217132,467.05448831176
4.88875e-05,2458.8791320994,6.9636469060381e-10,3.2554080747937e-25,607.89907083341,0.91466681884531,0.48252844833981,246.61108464234,0.38574969058924,468.00104117005
4.89875e-05,2273.5954295493,4.9134498596535e-10,-1.5719662812775e-24,612.50691211275,0.92498694240723,0.48409836902276,246.12118506596,0.49691366519789,462.85070896533
4.90875e-05,2592.1670198412,2.8438727935503e-11,2.1184386293167e-25,616.27032114388,0.93022663043254,0.48566844664839,247.03906122732,0.49637389875293,466.68702530318
4.91375e-05,2281.6677818768,1.9280557389638e-10,9.1684569848407e-26,621.61932152307,0.93672999808762,0.48645353947225,250.22352957197,0.52545395862456,466.9397132105
4.92375e-05,2273.5901695738,-2.2880641375202e-10,7.7750130818583e-26,627.27467011323,0.94401527738889,0.48802382345639,249.1868847889,0.48235802895462,468.0917821325
4.92875e-05,2534.2297310196,-4.5508333666346e-11,1.2116903504195e-26,630.55995890954,0.94696384184732,0.48880901074215,251.07542980114,0.50934615953336,472.38223626171
4.93125e-05,2641.9717403643,1.475434077748e-10,-1.1187940902206e-25,632.14762883641,0.94669528333096,0.48920161486086,254.70789791163,0.47863282653561,473.95550889528
4.93625e-05,2411.061559297,-4.7503467816991e-10,-1.1006187349644e-26,638.00938477672,0.95032403755987,0.48998684283907,252.60735060367,0.49087151276297,473.05886205168
4.94625e-05,2528.9577307826,-3.9782957011175e-10,1.8781200431502e-26,643.33446655625,0.96091345345196,0.49155737097735,251.98674529181,0.42220267393761,475.08271392521
4.95625e-05,2760.6075908614,-2.0878371172139e-10,-8.3848972249028e-25,645.98106122705,0.97498133954311,0.49312798244097,253.55121537424,0.55574769715926,473.46432289524
4.96625e-05,2526.632224166,1.9698654525637e-11,1.8563096168426e-24,650.24117775329,0.98233735769991,0.49469866172863,255.26132270777,0.48261072495056,475.77090334115
4.97625e-05,2191.4080803433,6.5979149779263e-10,-5.785821423253e-25,654.1162265853,0.99585522438665,0.49626939333836,256.68784986536,0.51171498744801,474.72104399773
4.98625e-05,2601.7076670398,4.1763776282411e-10,2.1386334684904e-25,656.61683114188,1.0128523379952,0.49784016176767,258.03821416572,0.61332045884587,473.50943306687
4.99625e-05,2495.2259162749,2.0697979849371e-10,1.3770860832517e-24,659.5948444821,1.0202820463863,0.49941095151371,259.54081775923,0.58479285291096,474.38792052473
5.00625e-05,2142.5001423573,1.4227374485804e-09,2.8272774843121e-26,665.90272769078,1.0420460562256,0.50098174707342,260.05072155331,0.64704988707266,463.95803564706
5.00875e-05,2432.8458664169,3.501733315937e-10,1.5751974555453e-25,667.00751271002,1.0353274790826,0.50137444505497,265.0549173042,0.40209150973075,482.77559130308
5.01e-05,2507.3772290975,1.3127728752751e-09,-6.5269720209262e-25,668.5334985791,1.040999864333,0.50157079374294,265.90011326874,0.37739361018233,485.62905449575
5.0125e-05,2504.6029104666,1.714661672726e-10,1.1551448007332e-25,671.29806453915,1.0493116644037,0.5019634903619,264.25716989848,0.41750895278767,483.07916449711
5.0175e-05,2458.8335988854,-5.1223013294389e-10,4.4428646182047e-26,674.70659780239,1.0516529324155,0.50274887972406,263.035074101,0.48416640779966,478.19773714501
5.0275e-05,2641.2153228445,4.0675822437728e-10,-5.2506581851511e-25,681.57290302588,1.0683433296732,0.50431963616275,263.64755254426,0.39903630469077,482.17288436212
5.0375e-05,2694.5554967248,1.3780310500578e-09,-9.1805738883449e-25,682.18794367809,1.0738084901581,0.50589034996838,265.16978237933,0.5380154650493,474.07394239698
5.0475e-05,2898.0319387449,3.7483265083126e-10,-9.1836031142209e-25,686.43233408978,1.0877233444927,0.50746100563863,266.83629198834,0.44792734124064,485.27492609982
5.0525e-05,2460.0775400946,3.8370165960833e-10,-1.1450473811464e-25,691.6506939121,1.0927768013931,0.50824630682867,270.0243208269,0.49325194083917,480.18740333931
5.0625e-05,2367.5120390347,8.7527083766007e-10,9.1623985330886e-25,696.82353763631,1.1051069293108,0.50981684623032,269.70117496287,0.43200887685844,483.80409188232
5.0725e-05,2418.6187851366,-1.48256184933e-10,2.3506792798138e-25,698.28219218514,1.1159306940018,0.51138728874366,270.56251727026,0.50377567752674,485.46500265094
5.0825e-05,2550.6471287543,-8.2529707424226e-10,-8.982664464443e-25,704.88167797957,1.1301610836329,0.51295761886905,272.33328485007,0.42929515861229,491.12686934061
5.0925e-05,2176.4849528704,-8.2966776597209e-11,1.0965797671296e-24,708.8909169714,1.1436235011335,0.51452782110799,273.81850190504,0.47482369873155,484.58493345546
5.0975e-05,2484.4431856279,-6.3757616697278e-11,-5.7353343253188e-26,711.76179851346,1.1407482522104,0.51531286942708,275.35588782594,0.50434606243648,495.46201452999
5.1e-05,2544.4289924971,1.1659441717514e-10,1.2924697071141e-26,713.05821341855,1.1403514080176,0.51570537953907,279.03964462938,0.44244146464993,496.71734210499
5.105e-05,2474.7250621056,-7.6279102965084e-11,-4.7013585596276e-25,718.40732713646,1.1520293262687,0.51649037045733,277.44982613595,0.40398094515154,499.43127021222
5.115e-05,2055.375148893,-6.0816300778942e-10,6.6319851846293e-25,723.19994378825,1.1635589679151,0.51806022829201,276.3517310889,0.51046050483941,490.42464737852
5.12e-05,2249.9719734367,-6.2730732878371e-10,5.4526065768876e-27,727.46103308426,1.169159098961,0.51884509133497,277.97839558762,0.53848511841163,498.35036400674
5.1225e-05,2411.2867182022,-6.0223260255752e-10,-2.9484465193541e-26,728.20631968666,1.1640657170115,0.51923750554058,282.22480075047,0.422827756718,502.68615970178
5.1275e-05,2397.2440878536,-6.5928089166285e-10,1.2924697071141e-26,735.29735247728,1.1777093197116,0.52002229810978,280.11807744291,0.4086961143197,505.29594878066
5.1375e-05,2140.2628406489,-2.2628354169358e-10,-2.2456661161108e-25,738.89823316613,1.1818228519798,0.5215917331028,278.55878719511,0.49882051027015,494.65788797493
5.1425e-05,2173.3556534747,-4.1968039108643e-10,-9.7621852565462e-25,743.52023388276,1.1923227739349,0.5223763716542,281.08361758426,0.48859155913647,504.68000924123
5.1525e-05,2357.9277049285,8.3287340867192e-10,1.7722990858802e-24,751.27692358787,1.2005083697201,0.5239454811867,280.63642187956,0.48862483740204,499.93370672451
5.1625e-05,2312.8095887649,7.1043182196996e-10,2.2295102447718e-25,752.01855113741,1.2027543410542,0.52551435438698,281.18869097618,0.53832649332462,499.30267531851
5.1675e-05,2079.6047339467,1.1934122245998e-10,6.5431278922652e-26,761.82168896939,1.2118188763044,0.52629869752364,284.42768386462,0.51677767721615,509.304073297
5.17e-05,2180.7732813026,-8.2133178881569e-11,-4.4024749398574e-26,761.42212805647,1.2086834468743,0.52669084487938,287.6053098784,0.43240815183908,513.29526178137
5.175e-05,2234.8407527043,2.8822038864894e-10,-6.4623485355705e-26,771.41351719976,1.2113047884017,0.52747508995622,285.12924841543,0.52880405812643,512.136341659
5.185e-05,2187.951418864,8.3450300468497e-10,-5.2748919921594e-25,776.45566405733,1.2195172575354,0.52904337479887,283.30296522573,0.49663060732708,511.24858772718
5.195e-05,2072.3338206251,1.1066255920673e-09,9.6127434466612e-26,779.19695113562,1.2326854946439,0.53061137299513,283.6615945722,0.47084667539742,513.70387313116
5.2e-05,2332.2921822162,-3.9845441111099e-10,7.2701421025168e-27,788.30954874947,1.2399658723162,0.53139525976466,286.76327903204,0.54874205613471,515.80230239065
5.21e-05,2303.7999629188,-1.5768232031731e-10,8.562611809631e-26,792.68969769844,1.2556197946171,0.53296279897569,285.60879537,0.49781572500288,512.43016585244
5.215e-05,2132.806939136,-4.1699254180051e-10,1.2520800287668e-26,796.30835039784,1.2578058464098,0.53374644754945,287.31934535551,0.48503808701541,516.63642753943
5.2175e-05,2399.1381564136,3.6772098982128e-10,1.1632227364027e-25,797.13266253548,1.2573462934253,0.53413824073242,291.98940499656,0.40260762221396,521.98946920538
5.2225e-05,2447.5537591102,-3.939335832345e-10,-9.6935228033558e-27,806.00822622116,1.2681428967812,0.53492176368214,289.02588441438,0.53299946330474,518.47568833304
5.2325e-05,2393.2315250851,4.044389533725e-10,8.193046252753e-25,812.4706632544,1.2806988705742,0.5364885491506,287.96662694691,0.48868036856204,516.9105093658
5.2425e-05,2172.3896354345,2.9117688846957e-10,-9.3047721492629e-26,813.56279474654,1.2941003700285,0.53805497449181,288.58139870271,0.61154088715183,516.04704352471
5.2525e-05,2600.1338919534,-3.7605471012023e-10,7.8921431490655e-25,821.75042885972,1.3121617337658,0.53962102424578,289.76744012227,0.40608383051477,525.01532919289
5.255e-05,2593.3071966384,6.9987527258546e-10,1.0016640230134e-25,822.87119219907,1.3183788620592,0.54001247618741,295.25160889192,0.45341709006664,522.08101200081
5.25625e-05,2607.9336916331,-4.5534844227949e-10,-3.3119536244799e-26,822.68104512525,1.3169399830118,0.54020819291767,297.42644331691,0.43524155184082,521.40713556655
5.25875e-05,2535.8220049755,-2.2257209396281e-10,6.1957766584782e-25,825.40804608062,1.3213875814293,0.54059960774619,297.10624242471,0.42810262696847,524.69747084541
5.26375e-05,2293.081533168,5.7272457780972e-10,-1.4540284205034e-26,832.58293182893,1.3309611309939,0.54138236203016,293.52576777901,0.53259387648292,519.90243005046
5.26625e-05,2565.231176625,-1.6882368555239e-10,7.3509214592115e-26,833.89077701309,1.3274638335469,0.54177370100277,296.98639837705,0.41157252511571,528.37025749555
5.27125e-05,2585.6964882444,1.4476055193638e-10,1.3732490638087e-26,841.52337380393,1.3374458652083,0.54255630140226,294.76386726296,0.49560368938293,524.84789930245
5.28125e-05,2301.7762346168,-5.102079410555e-10,2.8515112913205e-25,847.85385926775,1.3516912613104,0.54412118526019,293.49747119208,0.45913018338409,525.69694571766
5.29125e-05,2113.1401943393,-7.5593241002654e-10,7.8679093420571e-25,850.50338170491,1.3738830037907,0.54568563365982,294.09887434589,0.46473692300724,524.13002093123
5.30125e-05,2255.7667134024,2.362672040078e-10,2.9348150029118e-25,856.72710959431,1.3887580342178,0.5472496311607,295.15932936743,0.45606061074208,526.10116678534
5.30625e-05,2462.538514487,4.7946670579966e-10,3.5946813729111e-26,861.1145911812,1.4033573910368,0.54803145600017,297.16274502673,0.54059864167898,528.22278958545
5.31625e-05,2423.7319093766,-3.2541951244253e-11,2.3829910224916e-25,868.82117021886,1.4197268074487,0.54959474821179,297.05148314845,0.47609822673928,527.05540718111
5.32625e-05,2112.1209226579,-2.8304071905758e-10,-3.6512269225973e-25,867.90407332188,1.4394550518389,0.55115755094327,297.67590151812,0.59253950055207,522.66167178768
5.33125e-05,2400.5327915225,-4.6771614493572e-10,-3.8774091213423e-26,878.06504083836,1.4578300015293,0.5519387639337,300.10557108375,0.59579986001083,531.44284488181
5.33375e-05,2307.6178123198,3.3912795801814e-10,-2.302211665797e-25,874.75218591921,1.4618751662541,0.55232932249172,302.49241380972,0.5744779085867,525.63456708249
5.335e-05,2195.3786087658,2.8723012871151e-10,-5.4122168985403e-26,874.40101789609,1.4620312869587,0.55252458968103,307.19939040279,0.48533593753165,528.94435659738
5.3375e-05,2128.2435684702,5.0967344487876e-10,3.9581884780369e-25,879.80845621573,1.4712129939162,0.55291509972968,305.74163870015,0.43585282353391,534.96348800365
5.3425e-05,2052.0848380226,3.6131705529885e-10,2.4233807008389e-27,884.47749684208,1.4826863689911,0.55369602166403,300.89812591604,0.57539933681027,531.26888167367
5.345e-05,2103.0715556621,-1.9893133344455e-10,-7.5932595292954e-26,886.11392862464,1.4893976077001,0.55408643306803,305.9750709275,0.48090105473057,529.23716662356
5.35e-05,2393.9702102387,8.3606533288666e-11,-4.8467614016779e-27,895.09714644411,1.4953614204076,0.55486715554553,302.23933998572,0.5699872495344,535.14284379933
5.3525e-05,2457.6908648303,3.9626103258234e-10,2.6495628995839e-25,894.69653889951,1.5019695127893,0.55525746613744,304.90006060916,0.5378605009932,532.39684506716
5.35375e-05,2376.9824038322,-5.1404048458492e-10,-1.4697803950588e-24,895.50858380335,1.5079228711825,0.55545260866635,307.61418874045,0.47017832912661,534.94851556822
5.35625e-05,2304.5325100308,-3.1508102271688e-10,-4.8467614016779e-27,900.26472414093,1.504470138972,0.55584286803961,306.20558928315,0.52059469817781,538.52497973381
5.36125e-05,2266.4012062419,-1.6008350953743e-10,1.2116903504195e-26,905.52554092476,1.5184432055468,0.55662328320536,303.34084466026,0.49069963890797,534.63249005259
5.36375e-05,2266.3965333404,2.4457506943172e-10,4.1560979019388e-25,906.9957517396,1.5243274061921,0.55701343851646,307.11703084426,0.43563668162281,533.90687317444
5.36875e-05,2486.1234812512,3.5584438345699e-10,3.7966297646477e-26,913.9883109139,1.5272407002792,0.55779364339173,303.83521021413,0.5147983494454,540.1958011728
5.37875e-05,2529.1040984328,6.0265693980842e-10,1.4928025117168e-24,921.5546165356,1.5483568346317,0.55935362341735,303.48564401845,0.4847563486108,537.54094419835
5.38875e-05,2352.434442934,-5.2809476084298e-11,8.3202737395471e-26,922.4735670139,1.5864210682242,0.56091301764667,304.19614302271,0.59661156414047,537.56717248032
5.39375e-05,2405.7171541709,2.608765084588e-10,-2.1002632740604e-26,932.13234948886,1.591788693771,0.56169249027793,307.26184229564,0.55623214078671,542.95068727205
5.40375e-05,2289.1451671129,4.6982597130213e-10,-5.8262111016003e-25,937.06881815625,1.6228156504845,0.56325097695729,306.3821659176,0.53553316681177,535.08991491442
5.41375e-05,2040.7754781986,7.7907466974955e-10,2.5411166132214e-24,937.93037647774,1.6489915905172,0.56480883937503,306.52641343893,0.57172361784264,533.34144503653
5.41625e-05,1966.4837176322,1.0074436603806e-11,-2.4233807008389e-26,942.72683697988,1.6533627301121,0.56519820563665,314.28683871479,0.59011454666482,537.08691508323
5.42625e-05,2143.9887247376,-4.8745005681633e-10,1.57923642338e-25,947.15782473354,1.6812826213483,0.56675526610636,307.66836681556,0.59443390508514,534.12909463975
5.43625e-05,2229.0591714156,3.2215540414662e-10,-1.8643875525121e-24,954.58312898855,1.6898257764787,0.56831166772855,309.10725506109,0.60697362884322,533.46596173168
5.43875e-05,1992.4137296785,-1.2202763519953e-10,1.4540284205034e-25,957.87008426012,1.7031284076308,0.56870066338891,316.26360991389,0.62258253712408,539.10583399953
5.44e-05,1895.1986010988,-8.188630491069e-10,-1.7771458472819e-26,957.86214808633,1.7070658322316,0.56889514534232,317.8589994646,0.62277949934611,538.23728996282
5.4425e-05,1958.6322360323,-1.7237998814451e-10,-7.67403888599e-26,962.08877549515,1.7046656951626,0.56928407734567,317.3306313593,0.63056329275191,545.81324331902
5.4475e-05,2068.6315619681,4.9814020141345e-10,-5.8968930387081e-26,971.02653794144,1.7150861755254,0.57006181289878,313.11485463122,0.64510134577849,540.89814066614
5.45e-05,2292.8121686353,1.1064111760826e-09,2.8272774843121e-26,974.46035013951,1.7198523068686,0.57045061596879,316.3171068468,0.65446737796556,545.81891956351
5.455e-05,2101.8922264254,4.5459298040668e-10,3.069615554396e-26,981.52021141154,1.7281484221435,0.57122809149658,313.09582593952,0.67292439557906,543.81652639204
5.465e-05,2204.0596485593,3.2088460430021e-10,-4.830605530339e-25,990.11551707954,1.7574970972306,0.57278251338953,311.17125046374,0.67303081721065,545.16913681353
5.475e-05,2361.4630265339,7.8015019507256e-10,1.0267056235888e-24,994.64597862893,1.7828368058271,0.57433621694846,311.68620333376,0.70738226363963,544.10677529926
5.485e-05,2234.397199967,1.5865911362813e-10,1.1551448007332e-25,1001.1732472516,1.8050776266121,0.57588918683894,312.57222030443,0.74640618182501,545.93549593496
5.495e-05,1966.0606185986,-5.8708745532987e-11,1.2682359001057e-25,1005.5763357703,1.8323231103366,0.57744140773379,313.32990796331,0.7697792353691,544.78115639254
5.505e-05,2266.3772534077,5.4882713954585e-10,2.2551576905224e-24,1011.0530135899,1.8520485805918,0.5789928643132,313.70644406914,0.78555500619668,548.50477331659
5.5075e-05,2332.8159745673,7.9204046268034e-10,-6.8440309959527e-25,1012.6248739942,1.8546946381732,0.5793806072392,319.4148286319,0.79011453251286,552.77131968141
5.50875e-05,2217.9886461499,2.6320835081889e-10,-3.2311742677853e-25,1013.5248425787,1.8575748971039,0.57957446035491,321.1662783112,0.79248019464494,555.61162273105
5.51125e-05,2046.4765839075,5.4358826599586e-11,-1.4071763936205e-24,1015.9261478036,1.8602888424955,0.57996212974231,320.23652219911,0.79008389919423,554.17208183122
5.5125e-05,2054.8952604233,-2.4827614038433e-10,1.4255536972685e-24,1016.7369479709,1.8600282975483,0.5801559459542,322.31009102609,0.78948796427064,556.16335622587
5.515e-05,1986.7512148892,3.5019915904761e-10,-7.2701421025168e-26,1018.7403187471,1.8638164805504,0.58054354126494,321.56153149666,0.79159410306458,557.81104974799
5.51625e-05,2127.3470329123,-3.9821395478243e-10,2.0437177243742e-25,1020.17937438,1.8672541808874,0.58073732030401,323.94654490507,0.79469497898624,563.86486527758
5.51875e-05,2374.3102743819,-2.8014609833079e-10,8.50202729211e-26,1023.8679354901,1.8715663646058,0.58112484100014,322.11775751976,0.79586511854848,563.14138484594
5.52e-05,2212.8661568208,9.6929295964463e-11,-7.3509214592115e-26,1024.5479188608,1.8707105995944,0.58131858259745,324.46800502175,0.79569027057214,562.03408244594
5.5225e-05,2261.3017572439,-1.2145889811403e-09,-1.0016640230134e-25,1028.6203037739,1.8770478246078,0.58170602814113,323.77771181042,0.79279772091049,566.26884022306
5.5275e-05,2053.6789189699,-6.3317192313031e-10,2.1002632740604e-26,1037.8472598998,1.8950926690105,0.58248076778839,319.42761853216,0.79082349359228,563.29775229809
5.53e-05,1950.0446695795,6.3738396170502e-11,7.9163769560739e-26,1039.3417357948,1.8903065806091,0.58286806141406,323.74655811932,0.79138348040818,558.84122784643
5.53125e-05,1970.9457559282,-2.3086861811165e-10,1.1462590714968e-24,1041.6552022413,1.8949839888898,0.58306168907289,325.76697910889,0.79792813184744,568.9944866568
5.53375e-05,2143.3276684873,4.7534155227395e-10,3.3119536244799e-26,1047.547079876,1.9077109880446,0.58344890593321,322.80068313861,0.7987008769417,568.86769887812
5.53875e-05,2169.7748596427,6.6927202282717e-10,4.2005265481208e-26,1053.3673772673,1.9047558267273,0.58422318498859,319.71591772486,0.81439741220654,570.41982058958
5.54875e-05,1993.160806332,4.7102868150855e-10,1.8094575899597e-25,1064.9236389492,1.9272969252611,0.5857711177524,317.08689381758,0.81502936686915,571.06064574758
5.55875e-05,1795.566590092,8.800240426401e-10,2.3369467891757e-24,1069.3204580034,1.9591193952678,0.5873182039899,317.42223238947,0.83142011507976,566.28903150458
5.56875e-05,2151.0921091778,5.5746148008022e-10,-4.4832542965521e-25,1075.4612099325,1.9769910602793,0.58886442843198,317.2544638691,0.83796655073895,569.5400497427
5.57375e-05,2051.5232276977,-3.5399357331518e-11,1.0016640230134e-25,1082.5086544843,1.9973189773149,0.58963721271046,320.11494953507,0.86822245240495,570.80890316869
5.58375e-05,2181.4513829507,-2.9686767850085e-10,-1.1252564387562e-24,1089.7564757086,2.009462879332,0.59118211584847,318.47357507181,0.86665414044039,569.03031988006
5.59375e-05,2221.742509294,4.7023351626945e-11,8.0456239267853e-25,1092.4545689693,2.0432096565125,0.5927261190558,318.7305038753,0.87808479327852,573.83246204599
5.60375e-05,2172.1645567484,-2.5139549524665e-10,-1.7722990858802e-24,1101.377777547,2.0556695458369,0.59426920709377,319.61318341345,0.87442287728124,574.35404453487
5.61375e-05,2083.9780696294,-5.5967902326922e-10,9.0634438211377e-25,1105.5332460097,2.086377985327,0.59581136473273,320.62080161303,0.87457669613033,575.30306051197
5.62375e-05,2092.9689093517,1.5919401938435e-10,-8.0779356694632e-26,1108.8988079818,2.1027089382419,0.59735257675219,320.58882695194,0.89576146381746,574.40039371815
5.63375e-05,2038.8204477153,8.9928057779282e-10,-4.7417482379749e-25,1116.7964874824,2.1259834186638,0.59889282794103,321.33233390659,0.90009342068802,577.30888017035
5.64375e-05,2082.6113892319,1.0655071586039e-09,1.1189960386124e-24,1120.2788982707,2.1574046275637,0.60043210309758,321.99707217956,0.87613084746928,573.64345043155
5.65375e-05,2219.321215641,-3.9345036601362e-10,-1.1244486451893e-24,1124.2736050157,2.1740188262188,0.60197038702982,322.27520322276,0.82003615128455,574.40018539798
5.66375e-05,2212.5059972403,5.2845800175785e-10,4.2813059048155e-26,1131.2835213091,2.2058427902027,0.6035076645555,323.23472149529,0.82729414172952,580.52864650487
5.67375e-05,2169.1108699094,7.085108017134e-10,-6.7854659623491e-26,1137.327932927,2.2393537246171,0.60504392050233,322.91004373834,0.85239254160261,574.47071724252
5.67875e-05,2055.310100248,-2.6440349938454e-10,9.8954711950924e-27,1144.5835276128,2.2575278443104,0.60581166064507,325.53503057011,0.8638322204728,574.17730755625
5.68125e-05,2038.6350861928,-3.6321738800498e-10,-2.6536018674186e-25,1145.1160679496,2.2511183930601,0.60619543292991,325.57930004485,0.86543570394953,573.14493384423
5.68625e-05,2086.8467442993,-3.8214908973902e-10,-8.562611809631e-26,1149.3064275095,2.2698696157724,0.60696278074285,325.06955166101,0.87433171061089,571.1400804285
5.68875e-05,2191.3611215277,-3.6769772913193e-10,3.8854870570118e-25,1150.4872863675,2.2749673022491,0.60734635579762,326.52347219748,0.8745106713851,576.5060039244
5.69375e-05,2267.2636264249,1.0163399580977e-09,1.1995734469153e-25,1153.6960459641,2.2870266809044,0.60811330702072,325.71189156159,0.87052680488341,578.33576571089
5.69625e-05,2322.3565578714,3.029502904108e-10,9.0795996924766e-25,1155.2403218977,2.298247969282,0.60849668271595,327.39811513267,0.86799710850532,581.51772162096
5.6975e-05,2299.3300964082,4.6004780240714e-10,8.562611809631e-26,1155.616344634,2.2989726501841,0.60868834548102,328.55895869151,0.85510611784489,579.45128759768
5.7e-05,2352.9079048758,8.3307949029763e-10,-1.1632227364027e-25,1156.6962899641,2.3049281327069,0.60907162069828,328.60469667075,0.8491784060405,581.41594265876
5.705e-05,2332.1583327445,1.9381607593053e-10,-2.4153027651695e-25,1161.0328264688,2.3292029263731,0.60983796905384,327.48721955618,0.85468973778824,584.65221356831
5.715e-05,2394.6010278096,5.6170097989346e-10,-6.2523222081645e-25,1166.8551918766,2.3650963213846,0.61136985083193,326.02955027435,0.85888087040289,583.01729397091
5.725e-05,2490.2396067927,1.0815128538733e-09,-2.1967946053105e-24,1171.4145442175,2.4057541061531,0.61290063343456,326.98096387696,0.89730266138685,584.70889987422
5.735e-05,2204.6449706027,4.9294047669672e-10,3.6286087027229e-24,1177.9572190639,2.4533231727122,0.61443030175351,327.83855564143,0.90221451686643,588.44361022331
5.74e-05,2140.8725206998,3.6863574276202e-10,-1.8579252039765e-26,1181.6122668169,2.4736683846537,0.6151947133383,329.78183691982,0.92594290980555,587.80205579729
5.7425e-05,2176.4175182626,3.4590732382651e-10,3.7804738933088e-25,1182.0915866273,2.4896167850099,0.61557681266173,332.52667996872,0.92611263751379,585.62773921693
5.7475e-05,2128.9438320524,-1.3736145563396e-10,1.248848854499e-24,1187.2869387374,2.4992495175564,0.61634079719219,330.58315879252,0.92977747796088,584.62842166132
5.7575e-05,2075.3385635416,6.2383803164188e-10,3.1633196081618e-24,1193.1011806112,2.5558044756844,0.61786790319071,329.28558345857,0.93859049706718,590.92383060007
5.7675e-05,2027.4117216429,9.834809295976e-10,-2.0049436331608e-24,1197.0955892074,2.5889780717137,0.61939384588061,329.7744240339,0.95240977443083,584.85801217119
5.7775e-05,2321.1584370757,1.0536142486005e-09,8.2233385115135e-25,1202.6934692918,2.6245712590996,0.62091861020145,330.23223123926,0.96035408634294,593.30507050213
5.7875e-05,2161.669499262,-5.9059087589269e-10,-1.6511300508383e-24,1208.4166378125,2.6776755440644,0.62244218110443,330.9453883449,0.96611426277843,594.28821552556
5.79e-05,1860.9141294801,-1.0910636300537e-09,1.9807098261524e-24,1209.350386901,2.682728973439,0.62282288559622,334.80473017542,0.96916415564788,588.93656487064
5.8e-05,2013.5228909867,1.6829285579528e-11,-1.3284165208432e-24,1216.6408643248,2.7257895205241,0.62434494358243,331.76029246719,0.97344294862079,594.18617989389
5.81e-05,2063.6753276184,-4.5991302051541e-10,-2.2941337301275e-24,1220.2879565431,2.7568134735485,0.62586577433425,331.94994285708,0.98289571927263,590.65867555353
5.82e-05,1822.6893131443,4.5913382875573e-10,1.5558104099386e-24,1227.2434983482,2.8005764310323,0.6273853628417,332.24174967946,0.98662484236585,593.59359589189
5.83e-05,1972.8365329217,6.1709705436363e-10,-2.7182253527744e-25,1232.8404494947,2.8553213964351,0.62890369410703,332.40893512621,0.99051364251408,596.6157524383
5.84e-05,1983.4243558072,9.1833112804825e-10,-3.1687722147387e-24,1237.0421910684,2.8885558602234,0.63042075314495,332.91107756659,0.9929192572459,591.34646136508
5.845e-05,1799.1420408849,7.2258268453676e-10,2.0849151962884e-24,1240.6539322788,2.907191997834,0.63117880089915,335.10988477202,0.99464270677978,596.42238511494
5.855e-05,1801.1266538589,8.5040667945781e-10,2.1810426307551e-25,1248.0852085473,3.0049582581067,0.63269392352597,333.3086478244,0.99542882564205,595.36218265959
5.865e-05,1962.3279652722,5.6494717565937e-10,-2.0780489509694e-24,1250.728872547,3.0806985239762,0.63420773651735,333.37268301935,0.99636544804328,591.05369811245
5.875e-05,1937.7025567914,2.8371453441376e-10,4.1472121727024e-24,1258.0098797297,3.1748473056335,0.63572022493254,333.7497479098,0.99879913673877,592.8906911083
5.885e-05,1831.6420170436,-2.2816920460573e-10,-1.2868151521455e-24,1263.7435575384,3.2591433454692,0.63723137384391,334.41800665618,0.99915187093645,584.27265208748
5.89e-05,2014.6041079118,-4.6060603271226e-10,8.2960399325387e-25,1265.7658008538,3.325104519242,0.63798644132438,336.24898320772,0.99929859313439,581.54862597271
5.8925e-05,1703.4824433071,4.8370010736619e-10,-2.6051342534019e-25,1266.6031694029,3.3593230500959,0.63836384750558,339.89791381976,0.99948328990287,581.97974545546
5.89375e-05,1788.0594296221,7.915584282011e-10,-4.1500394501867e-26,1268.3866240016,3.3738323501258,0.63855251860457,341.47412379359,0.99950202907603,586.03355465029
5.89625e-05,1792.3258931473,8.1360755026327e-10,5.4929962552349e-26,1271.3351880937,3.3960759746288,0.63892979667383,339.5487313061,0.99950790358842,583.78063375188
5.90125e-05,1902.0407707974,-9.4900269114146e-11,-5.5737756119296e-26,1276.5068086472,3.3951383184491,0.63968409548305,337.33130718681,0.99950790358842,588.66257088366
5.9025e-05,1943.1642812631,6.5829574060454e-10,-7.3670773305504e-25,1276.7980431587,3.4042192473313,0.63987261640544,341.96819534633,0.99950790358842,585.79918952464
5.9075e-05,1845.9431064899,4.2822750066981e-10,-3.400810916844e-25,1283.2932147173,3.4084778075112,0.64062648410318,337.8121592295,0.99950790358842,583.82576246563
5.9175e-05,1855.5536868876,2.5778147124565e-10,2.8183917550757e-24,1290.0705871471,3.4493629951639,0.64213317669381,336.09861455519,0.99957582396004,582.68147824508
5.92e-05,1773.0972078294,6.0762133703482e-10,3.7158504079531e-25,1293.4458332375,3.4564136784402,0.64250963123499,340.44140179833,0.99959673130068,584.63110535188
5.93e-05,1636.8952831081,-3.7686108590221e-11,2.4233807008389e-26,1300.2437233085,3.5029415723309,0.64401456800739,337.1910524415,0.99966986789254,578.15302353875
5.94e-05,1819.9736305515,-6.5881971057209e-11,5.7595681323272e-25,1301.7809139774,3.5389241960312,0.64551808341414,336.62042839812,0.9998933168767,580.04242185209
5.9425e-05,1603.7987524621,-9.6808856778425e-10,2.9888361977014e-26,1309.3279972124,3.5605501828366,0.64589373843818,345.5216326011,1,583.27365208668
5.9525e-05,1561.9535805114,-4.9957764816487e-10,-1.2116903504195e-26,1313.5352311225,3.6029066473724,0.64739545627206,337.10721930501,1,579.55665885581
5.9625e-05,1754.8288401741,-4.5009360764557e-10,2.3345234084749e-25,1322.9214967583,3.646789935391,0.6488957193723,337.77616448684,1,586.38741667186
5.9675e-05,2155.1964033298,9.1919015001592e-11,-8.7241705230202e-26,1328.357664058,3.6725541664916,0.64964530076955,341.06838195278,1,583.43558058805
5.97e-05,2043.1262560895,6.520997115904e-10,-5.6949446469715e-26,1330.9578097565,3.676147898158,0.65001995312064,343.45190591008,1,582.06780738334
5.975e-05,1968.1584765794,-2.6657454521372e-10,4.6852026882886e-26,1336.7424520115,3.6961366455972,0.65076897997225,340.71844295765,1,582.75056980496
5.9775e-05,1870.1583476259,-2.5556230198013e-10,8.7928329762107e-25,1337.3810499825,3.7075200393535,0.65114335401073,343.63480576889,1,579.1704871129
5.9825e-05,2092.7022627095,-9.3639005205978e-10,-8.6433911663256e-26,1343.9803935663,3.7271967718036,0.65189182215836,340.88208583979,1,586.00309735308
5.9925e-05,1973.0684129799,-4.1661441700609e-10,-1.827632945216e-25,1350.4078512381,3.7570767228872,0.65338763227387,340.05309175119,1,580.84738562505
5.9975e-05,1873.4154506175,4.4633874411644e-10,-1.820766699897e-24,1352.1127449895,3.7766344987715,0.65413497055098,341.94311405398,1,585.19184832442
6.0075e-05,1794.1531389318,9.5724143385935e-11,2.0356397887047e-25,1361.7778188451,3.8142830447924,0.655628504324,341.66411831452,1,584.02528871599
6.0175e-05,1861.5934709145,2.9565852482305e-10,7.7709741140236e-25,1360.9119153041,3.8601704179555,0.65712050210652,341.73057630069,1,577.93828572414
6.0275e-05,1826.7159149144,4.458923298872e-10,1.3570931924698e-25,1369.1031373726,3.8957711637453,0.65861094917311,341.99399955043,1,582.48702015717
6.0325e-05,1873.8471990891,-1.536384879992e-10,-9.8550815167451e-26,1374.4134591111,3.9272110803016,0.65935558659042,345.23339873869,1,577.4526980887
6.0425e-05,1983.1372682042,1.1135203307665e-09,3.3866745294224e-25,1380.057101714,3.9662635217603,0.66084368000649,343.21236294372,1,578.47969443307
6.0525e-05,1821.205738187,5.0786283331352e-10,-1.9815176197193e-24,1384.2414570059,4.0376785974825,0.66233018596037,343.81669630248,1,579.36258241685
6.0625e-05,1841.8974072411,3.3209626658667e-10,5.0810215360923e-25,1390.0432949106,4.1234182596648,0.66381508978085,344.73491638003,1,574.33194814477
6.0725e-05,1992.2441035753,4.1085601470402e-10,-2.4233807008389e-26,1393.0702019969,4.2077194181693,0.66529837681253,345.48879280392,1,568.04946965303
6.0825e-05,1801.056736831,-8.3642366017291e-10,4.8467614016779e-26,1398.0581678558,4.267681153175,0.66678003241597,346.37886428292,1,559.62911066477
6.0925e-05,1835.1824492137,-9.4143147651799e-10,9.9964453909607e-26,1402.8712052749,4.3315677362853,0.66826004196782,347.13238183729,1,559.8247901394
6.1025e-05,1854.9759019683,-9.4803846193431e-11,-6.2200104654866e-26,1406.9134658603,4.3729463715543,0.66973839086098,348.00363691136,1,555.04472014492
6.1125e-05,1680.5690959544,6.0128172944249e-10,2.1002632740604e-26,1411.0103337418,4.4295434571691,0.67121506450475,348.71421255053,1,557.02600705606
6.1225e-05,1676.5771571857,-4.6403829163264e-10,7.0681937107803e-26,1416.7098331536,4.4694723328478,0.67269004832496,349.56912932008,1,554.44501489688
6.1325e-05,1674.7419870313,-3.1794141236481e-11,-1.7044444262567e-25,1420.0483946316,4.5099393020957,0.6741633277641,350.25046843457,1,553.62090783501
6.1375e-05,1628.972155586,-1.3334360379183e-10,1.8579252039765e-26,1426.43366211,4.5363315383917,0.67489932379616,352.51886471656,1,559.29542862659
6.14e-05,1705.454205346,3.2163589096752e-10,1.1309109937248e-26,1424.2098981336,4.5588675158477,0.67526716009563,356.69012999316,1,553.1776322267
6.145e-05,1665.7593526746,6.2402000661164e-10,-2.6253290925755e-27,1434.9106971807,4.5869649035661,0.67600250812698,353.8688168654,1,554.53594775008
6.155e-05,1570.0825340943,8.3421961632581e-10,2.5445497358809e-26,1439.4874946435,4.6264554292468,0.67747189957027,351.70975280082,1,547.01977340382
6.165e-05,1587.4129122505,8.3366644037188e-10,1.6155871338926e-26,1442.0412050208,4.6459089817156,0.67893953943755,351.63387097795,1,547.97779744891
6.17e-05,1672.8707407261,-5.6491170670219e-10,-1.9387045606712e-26,1451.2293888198,4.672232675973,0.67967269800295,355.32205421309,1,554.14935587058
6.18e-05,1581.4544565648,2.7402768234216e-10,6.8864401582173e-26,1455.545946803,4.7262514289624,0.68113768335228,353.01929393537,1,548.09035656058
